2026-04-07 22:38:31.591 | INFO     | __main__:main:96 - 策略: ma_crossover | 标的: BTC/USDT | 区间: 2024-01-01 → 2024-12-31
2026-04-07 22:38:31.594 | INFO     | core.exchange:__init__:36 - 交易所已切换至模拟盘(Demo Trading)
2026-04-07 22:38:31.595 | INFO     | core.exchange:fetch_ohlcv_range:68 - 开始拉取 BTC/USDT 1h 数据: 2024-01-01 → 2024-12-31
2026-04-07 22:38:33.286 | DEBUG    | core.exchange:fetch_ohlcv_range:75 - 已拉取 300 条，最新: 2024-01-13 11:00:00.001000
2026-04-07 22:38:33.404 | DEBUG    | core.exchange:fetch_ohlcv_range:75 - 已拉取 600 条，最新: 2024-01-25 23:00:00.001000
2026-04-07 22:38:33.529 | DEBUG    | core.exchange:fetch_ohlcv_range:75 - 已拉取 900 条，最新: 2024-02-07 11:00:00.001000
2026-04-07 22:38:33.632 | DEBUG    | core.exchange:fetch_ohlcv_range:75 - 已拉取 1200 条，最新: 2024-02-19 23:00:00.001000
2026-04-07 22:38:33.754 | DEBUG    | core.exchange:fetch_ohlcv_range:75 - 已拉取 1500 条，最新: 2024-03-03 11:00:00.001000
2026-04-07 22:38:33.868 | DEBUG    | core.exchange:fetch_ohlcv_range:75 - 已拉取 1800 条，最新: 2024-03-15 23:00:00.001000
2026-04-07 22:38:33.975 | DEBUG    | core.exchange:fetch_ohlcv_range:75 - 已拉取 2100 条，最新: 2024-03-28 11:00:00.001000
2026-04-07 22:38:34.098 | DEBUG    | core.exchange:fetch_ohlcv_range:75 - 已拉取 2400 条，最新: 2024-04-09 23:00:00.001000
2026-04-07 22:38:34.206 | DEBUG    | core.exchange:fetch_ohlcv_range:75 - 已拉取 2700 条，最新: 2024-04-22 11:00:00.001000
2026-04-07 22:38:34.320 | DEBUG    | core.exchange:fetch_ohlcv_range:75 - 已拉取 3000 条，最新: 2024-05-04 23:00:00.001000
2026-04-07 22:38:34.440 | DEBUG    | core.exchange:fetch_ohlcv_range:75 - 已拉取 3300 条，最新: 2024-05-17 11:00:00.001000
2026-04-07 22:38:34.550 | DEBUG    | core.exchange:fetch_ohlcv_range:75 - 已拉取 3600 条，最新: 2024-05-29 23:00:00.001000
2026-04-07 22:38:34.674 | DEBUG    | core.exchange:fetch_ohlcv_range:75 - 已拉取 3900 条，最新: 2024-06-11 11:00:00.001000
2026-04-07 22:38:34.781 | DEBUG    | core.exchange:fetch_ohlcv_range:75 - 已拉取 4200 条，最新: 2024-06-23 23:00:00.001000
2026-04-07 22:38:34.902 | DEBUG    | core.exchange:fetch_ohlcv_range:75 - 已拉取 4500 条，最新: 2024-07-06 11:00:00.001000
2026-04-07 22:38:35.013 | DEBUG    | core.exchange:fetch_ohlcv_range:75 - 已拉取 4800 条，最新: 2024-07-18 23:00:00.001000
2026-04-07 22:38:35.126 | DEBUG    | core.exchange:fetch_ohlcv_range:75 - 已拉取 5100 条，最新: 2024-07-31 11:00:00.001000
2026-04-07 22:38:35.248 | DEBUG    | core.exchange:fetch_ohlcv_range:75 - 已拉取 5400 条，最新: 2024-08-12 23:00:00.001000
2026-04-07 22:38:35.362 | DEBUG    | core.exchange:fetch_ohlcv_range:75 - 已拉取 5700 条，最新: 2024-08-25 11:00:00.001000
2026-04-07 22:38:35.462 | DEBUG    | core.exchange:fetch_ohlcv_range:75 - 已拉取 6000 条，最新: 2024-09-06 23:00:00.001000
2026-04-07 22:38:35.575 | DEBUG    | core.exchange:fetch_ohlcv_range:75 - 已拉取 6300 条，最新: 2024-09-19 11:00:00.001000
2026-04-07 22:38:35.691 | DEBUG    | core.exchange:fetch_ohlcv_range:75 - 已拉取 6600 条，最新: 2024-10-01 23:00:00.001000
2026-04-07 22:38:35.817 | DEBUG    | core.exchange:fetch_ohlcv_range:75 - 已拉取 6900 条，最新: 2024-10-14 11:00:00.001000
2026-04-07 22:38:35.927 | DEBUG    | core.exchange:fetch_ohlcv_range:75 - 已拉取 7200 条，最新: 2024-10-26 23:00:00.001000
2026-04-07 22:38:36.037 | DEBUG    | core.exchange:fetch_ohlcv_range:75 - 已拉取 7500 条，最新: 2024-11-08 11:00:00.001000
2026-04-07 22:38:36.145 | DEBUG    | core.exchange:fetch_ohlcv_range:75 - 已拉取 7800 条，最新: 2024-11-20 23:00:00.001000
2026-04-07 22:38:36.268 | DEBUG    | core.exchange:fetch_ohlcv_range:75 - 已拉取 8100 条，最新: 2024-12-03 11:00:00.001000
2026-04-07 22:38:36.386 | DEBUG    | core.exchange:fetch_ohlcv_range:75 - 已拉取 8400 条，最新: 2024-12-15 23:00:00.001000
2026-04-07 22:38:36.490 | DEBUG    | core.exchange:fetch_ohlcv_range:75 - 已拉取 8700 条，最新: 2024-12-28 11:00:00.001000
2026-04-07 22:38:36.605 | DEBUG    | core.exchange:fetch_ohlcv_range:75 - 已拉取 9000 条，最新: 2025-01-09 23:00:00.001000
2026-04-07 22:38:36.622 | INFO     | core.exchange:fetch_ohlcv_range:82 - 共拉取 8761 条 K 线
2026-04-07 22:39:21.441 | INFO     | __main__:main:96 - 策略: ma_crossover | 标的: BTC/USDT | 区间: 2024-01-01 → 2024-12-31
2026-04-07 22:39:21.444 | INFO     | core.exchange:__init__:36 - 交易所已切换至模拟盘(Demo Trading)
2026-04-07 22:39:21.445 | INFO     | core.exchange:fetch_ohlcv_range:68 - 开始拉取 BTC/USDT 1h 数据: 2024-01-01 → 2024-12-31
2026-04-07 22:39:23.135 | DEBUG    | core.exchange:fetch_ohlcv_range:75 - 已拉取 300 条，最新: 2024-01-13 11:00:00.001000
2026-04-07 22:39:23.247 | DEBUG    | core.exchange:fetch_ohlcv_range:75 - 已拉取 600 条，最新: 2024-01-25 23:00:00.001000
2026-04-07 22:39:23.355 | DEBUG    | core.exchange:fetch_ohlcv_range:75 - 已拉取 900 条，最新: 2024-02-07 11:00:00.001000
2026-04-07 22:39:23.471 | DEBUG    | core.exchange:fetch_ohlcv_range:75 - 已拉取 1200 条，最新: 2024-02-19 23:00:00.001000
2026-04-07 22:39:23.579 | DEBUG    | core.exchange:fetch_ohlcv_range:75 - 已拉取 1500 条，最新: 2024-03-03 11:00:00.001000
2026-04-07 22:39:23.701 | DEBUG    | core.exchange:fetch_ohlcv_range:75 - 已拉取 1800 条，最新: 2024-03-15 23:00:00.001000
2026-04-07 22:39:23.821 | DEBUG    | core.exchange:fetch_ohlcv_range:75 - 已拉取 2100 条，最新: 2024-03-28 11:00:00.001000
2026-04-07 22:39:23.934 | DEBUG    | core.exchange:fetch_ohlcv_range:75 - 已拉取 2400 条，最新: 2024-04-09 23:00:00.001000
2026-04-07 22:39:24.041 | DEBUG    | core.exchange:fetch_ohlcv_range:75 - 已拉取 2700 条，最新: 2024-04-22 11:00:00.001000
2026-04-07 22:39:24.154 | DEBUG    | core.exchange:fetch_ohlcv_range:75 - 已拉取 3000 条，最新: 2024-05-04 23:00:00.001000
2026-04-07 22:39:24.281 | DEBUG    | core.exchange:fetch_ohlcv_range:75 - 已拉取 3300 条，最新: 2024-05-17 11:00:00.001000
2026-04-07 22:39:24.390 | DEBUG    | core.exchange:fetch_ohlcv_range:75 - 已拉取 3600 条，最新: 2024-05-29 23:00:00.001000
2026-04-07 22:39:24.499 | DEBUG    | core.exchange:fetch_ohlcv_range:75 - 已拉取 3900 条，最新: 2024-06-11 11:00:00.001000
2026-04-07 22:39:24.617 | DEBUG    | core.exchange:fetch_ohlcv_range:75 - 已拉取 4200 条，最新: 2024-06-23 23:00:00.001000
2026-04-07 22:39:24.723 | DEBUG    | core.exchange:fetch_ohlcv_range:75 - 已拉取 4500 条，最新: 2024-07-06 11:00:00.001000
2026-04-07 22:39:24.849 | DEBUG    | core.exchange:fetch_ohlcv_range:75 - 已拉取 4800 条，最新: 2024-07-18 23:00:00.001000
2026-04-07 22:39:24.954 | DEBUG    | core.exchange:fetch_ohlcv_range:75 - 已拉取 5100 条，最新: 2024-07-31 11:00:00.001000
2026-04-07 22:39:25.081 | DEBUG    | core.exchange:fetch_ohlcv_range:75 - 已拉取 5400 条，最新: 2024-08-12 23:00:00.001000
2026-04-07 22:39:25.195 | DEBUG    | core.exchange:fetch_ohlcv_range:75 - 已拉取 5700 条，最新: 2024-08-25 11:00:00.001000
2026-04-07 22:39:25.305 | DEBUG    | core.exchange:fetch_ohlcv_range:75 - 已拉取 6000 条，最新: 2024-09-06 23:00:00.001000
2026-04-07 22:39:25.410 | DEBUG    | core.exchange:fetch_ohlcv_range:75 - 已拉取 6300 条，最新: 2024-09-19 11:00:00.001000
2026-04-07 22:39:25.523 | DEBUG    | core.exchange:fetch_ohlcv_range:75 - 已拉取 6600 条，最新: 2024-10-01 23:00:00.001000
2026-04-07 22:39:25.637 | DEBUG    | core.exchange:fetch_ohlcv_range:75 - 已拉取 6900 条，最新: 2024-10-14 11:00:00.001000
2026-04-07 22:39:25.758 | DEBUG    | core.exchange:fetch_ohlcv_range:75 - 已拉取 7200 条，最新: 2024-10-26 23:00:00.001000
2026-04-07 22:39:25.871 | DEBUG    | core.exchange:fetch_ohlcv_range:75 - 已拉取 7500 条，最新: 2024-11-08 11:00:00.001000
2026-04-07 22:39:25.992 | DEBUG    | core.exchange:fetch_ohlcv_range:75 - 已拉取 7800 条，最新: 2024-11-20 23:00:00.001000
2026-04-07 22:39:26.096 | DEBUG    | core.exchange:fetch_ohlcv_range:75 - 已拉取 8100 条，最新: 2024-12-03 11:00:00.001000
2026-04-07 22:39:26.213 | DEBUG    | core.exchange:fetch_ohlcv_range:75 - 已拉取 8400 条，最新: 2024-12-15 23:00:00.001000
2026-04-07 22:39:26.321 | DEBUG    | core.exchange:fetch_ohlcv_range:75 - 已拉取 8700 条，最新: 2024-12-28 11:00:00.001000
2026-04-07 22:39:26.453 | DEBUG    | core.exchange:fetch_ohlcv_range:75 - 已拉取 9000 条，最新: 2025-01-09 23:00:00.001000
2026-04-07 22:39:26.469 | INFO     | core.exchange:fetch_ohlcv_range:82 - 共拉取 8761 条 K 线
2026-04-07 22:39:27.171 | INFO     | core.data_feed:get_historical_data:38 - 数据已缓存: /Users/mi/Desktop/workspace/quant-dev/data/BTC_USDT_1h_2024-01-01_2024-12-31.parquet
2026-04-07 22:39:27.212 | INFO     | core.backtester:run:34 - 回测开始: BTC/USDT, 共 8562 根 K 线, 初始资金: 10000.0
2026-04-07 22:39:27.215 | INFO     | core.portfolio:_open_long:76 - [BUY] BTC/USDT 0.042878 @ 46667.22 | 费用:2.0010 | 剩余现金:7997.00
2026-04-07 22:39:27.217 | INFO     | core.portfolio:_close_long:98 - [SELL] BTC/USDT 0.042878 @ 46262.86 | PnL:-19.3220 | 剩余现金:9978.68
2026-04-07 22:39:27.222 | INFO     | core.portfolio:_open_long:76 - [BUY] BTC/USDT 0.046512 @ 42929.45 | 费用:1.9967 | 剩余现金:7979.95
2026-04-07 22:39:27.224 | INFO     | core.portfolio:_close_long:98 - [SELL] BTC/USDT 0.046512 @ 42385.90 | PnL:-27.2534 | 剩余现金:9949.43
2026-04-07 22:39:27.225 | INFO     | core.portfolio:_open_long:76 - [BUY] BTC/USDT 0.046708 @ 42623.70 | 费用:1.9909 | 剩余现金:7956.56
2026-04-07 22:39:27.228 | INFO     | core.portfolio:_close_long:98 - [SELL] BTC/USDT 0.046708 @ 42636.77 | PnL:-1.3810 | 剩余现金:9946.05
2026-04-07 22:39:27.230 | INFO     | core.portfolio:_open_long:76 - [BUY] BTC/USDT 0.046353 @ 42935.66 | 费用:1.9902 | 剩余现金:7953.86
2026-04-07 22:39:27.231 | INFO     | core.portfolio:_close_long:98 - [SELL] BTC/USDT 0.046353 @ 41922.73 | PnL:-48.8958 | 剩余现金:9895.17
2026-04-07 22:39:27.233 | INFO     | core.portfolio:_open_long:76 - [BUY] BTC/USDT 0.047475 @ 41706.84 | 费用:1.9800 | 剩余现金:7913.17
2026-04-07 22:39:27.237 | INFO     | core.portfolio:_close_long:98 - [SELL] BTC/USDT 0.047475 @ 41563.21 | PnL:-8.7922 | 剩余现金:9884.40
2026-04-07 22:39:27.241 | INFO     | core.portfolio:_open_long:76 - [BUY] BTC/USDT 0.049903 @ 39634.31 | 费用:1.9779 | 剩余现金:7904.55
2026-04-07 22:39:27.243 | INFO     | core.portfolio:_close_long:98 - [SELL] BTC/USDT 0.049903 @ 39983.60 | PnL:+15.4353 | 剩余现金:9897.85
2026-04-07 22:39:27.243 | INFO     | core.portfolio:_open_long:76 - [BUY] BTC/USDT 0.049456 @ 40046.91 | 费用:1.9806 | 剩余现金:7915.31
2026-04-07 22:39:27.244 | INFO     | core.portfolio:_close_long:98 - [SELL] BTC/USDT 0.049456 @ 39786.50 | PnL:-14.8469 | 剩余现金:9881.03
2026-04-07 22:39:27.245 | INFO     | core.portfolio:_open_long:76 - [BUY] BTC/USDT 0.049217 @ 40173.38 | 费用:1.9772 | 剩余现金:7901.86
2026-04-07 22:39:27.247 | INFO     | core.portfolio:_close_long:98 - [SELL] BTC/USDT 0.049217 @ 41787.80 | PnL:+77.3994 | 剩余现金:9956.45
2026-04-07 22:39:27.248 | INFO     | core.portfolio:_open_long:76 - [BUY] BTC/USDT 0.047344 @ 42081.03 | 费用:1.9923 | 剩余现金:7962.17
2026-04-07 22:39:27.249 | INFO     | core.portfolio:_close_long:98 - [SELL] BTC/USDT 0.047344 @ 41958.81 | PnL:-7.7729 | 剩余现金:9946.68
2026-04-07 22:39:27.251 | INFO     | core.portfolio:_open_long:76 - [BUY] BTC/USDT 0.046653 @ 42662.82 | 费用:1.9903 | 剩余现金:7954.36
2026-04-07 22:39:27.253 | INFO     | core.portfolio:_close_long:98 - [SELL] BTC/USDT 0.046653 @ 42759.91 | PnL:+2.5346 | 剩余现金:9947.23
2026-04-07 22:39:27.255 | INFO     | core.portfolio:_open_long:76 - [BUY] BTC/USDT 0.046824 @ 42509.24 | 费用:1.9904 | 剩余现金:7954.80
2026-04-07 22:39:27.255 | INFO     | core.portfolio:_close_long:98 - [SELL] BTC/USDT 0.046824 @ 41959.01 | PnL:-27.7287 | 剩余现金:9917.51
2026-04-07 22:39:27.257 | INFO     | core.portfolio:_open_long:76 - [BUY] BTC/USDT 0.046118 @ 43030.80 | 费用:1.9845 | 剩余现金:7931.03
2026-04-07 22:39:27.258 | INFO     | core.portfolio:_close_long:98 - [SELL] BTC/USDT 0.046118 @ 42975.60 | PnL:-4.5278 | 剩余现金:9911.00
2026-04-07 22:39:27.259 | INFO     | core.portfolio:_open_long:76 - [BUY] BTC/USDT 0.045887 @ 43218.90 | 费用:1.9832 | 剩余现金:7925.82
2026-04-07 22:39:27.260 | INFO     | core.portfolio:_close_long:98 - [SELL] BTC/USDT 0.045887 @ 43019.68 | PnL:-11.1156 | 剩余现金:9897.90
2026-04-07 22:39:27.260 | INFO     | core.portfolio:_open_long:76 - [BUY] BTC/USDT 0.045959 @ 43094.44 | 费用:1.9806 | 剩余现金:7915.35
2026-04-07 22:39:27.260 | INFO     | core.portfolio:_close_long:98 - [SELL] BTC/USDT 0.045959 @ 43020.98 | PnL:-5.3532 | 剩余现金:9890.56
2026-04-07 22:39:27.263 | INFO     | core.portfolio:_open_long:76 - [BUY] BTC/USDT 0.045851 @ 43163.67 | 费用:1.9791 | 剩余现金:7909.48
2026-04-07 22:39:27.264 | INFO     | core.portfolio:_close_long:98 - [SELL] BTC/USDT 0.045851 @ 42478.75 | PnL:-33.3521 | 剩余现金:9855.23
2026-04-07 22:39:27.265 | INFO     | core.portfolio:_open_long:76 - [BUY] BTC/USDT 0.046026 @ 42846.01 | 费用:1.9720 | 剩余现金:7881.23
2026-04-07 22:39:27.267 | INFO     | core.portfolio:_close_long:98 - [SELL] BTC/USDT 0.046026 @ 42923.53 | PnL:+1.5921 | 剩余现金:9854.85
2026-04-07 22:39:27.267 | INFO     | core.portfolio:_open_long:76 - [BUY] BTC/USDT 0.045310 @ 43521.45 | 费用:1.9720 | 剩余现金:7880.92
2026-04-07 22:39:27.270 | INFO     | core.portfolio:_close_long:98 - [SELL] BTC/USDT 0.045310 @ 46280.05 | PnL:+122.8951 | 剩余现金:9975.78
2026-04-07 22:39:27.273 | INFO     | core.portfolio:_open_long:76 - [BUY] BTC/USDT 0.041677 @ 47895.94 | 费用:1.9962 | 剩余现金:7977.63
2026-04-07 22:39:27.276 | INFO     | core.portfolio:_close_long:98 - [SELL] BTC/USDT 0.041677 @ 47859.96 | PnL:-3.4941 | 剩余现金:9970.29
2026-04-07 22:39:27.276 | INFO     | core.portfolio:_open_long:76 - [BUY] BTC/USDT 0.039950 @ 49939.16 | 费用:1.9951 | 剩余现金:7973.24
2026-04-07 22:39:27.278 | INFO     | core.portfolio:_close_long:98 - [SELL] BTC/USDT 0.039950 @ 48447.76 | PnL:-61.5162 | 剩余现金:9906.77
2026-04-07 22:39:27.279 | INFO     | core.portfolio:_open_long:76 - [BUY] BTC/USDT 0.039758 @ 49860.42 | 费用:1.9823 | 剩余现金:7922.45
2026-04-07 22:39:27.282 | INFO     | core.portfolio:_close_long:98 - [SELL] BTC/USDT 0.039758 @ 51618.18 | PnL:+67.8326 | 剩余现金:9972.62
2026-04-07 22:39:27.283 | INFO     | core.portfolio:_open_long:76 - [BUY] BTC/USDT 0.038141 @ 52319.95 | 费用:1.9955 | 剩余现金:7975.11
2026-04-07 22:39:27.284 | INFO     | core.portfolio:_close_long:98 - [SELL] BTC/USDT 0.038141 @ 52100.74 | PnL:-10.3480 | 剩余现金:9960.28
2026-04-07 22:39:27.286 | INFO     | core.portfolio:_open_long:76 - [BUY] BTC/USDT 0.038672 @ 51537.96 | 费用:1.9931 | 剩余现金:7965.24
2026-04-07 22:39:27.289 | INFO     | core.portfolio:_close_long:98 - [SELL] BTC/USDT 0.038672 @ 51775.80 | PnL:+7.1955 | 剩余现金:9965.48
2026-04-07 22:39:27.290 | INFO     | core.portfolio:_open_long:76 - [BUY] BTC/USDT 0.037720 @ 52865.32 | 费用:1.9941 | 剩余现金:7969.40
2026-04-07 22:39:27.291 | INFO     | core.portfolio:_close_long:98 - [SELL] BTC/USDT 0.037720 @ 52239.37 | PnL:-25.5816 | 剩余现金:9937.91
2026-04-07 22:39:27.291 | INFO     | core.portfolio:_open_long:76 - [BUY] BTC/USDT 0.038146 @ 52130.85 | 费用:1.9886 | 剩余现金:7947.34
2026-04-07 22:39:27.292 | INFO     | core.portfolio:_close_long:98 - [SELL] BTC/USDT 0.038146 @ 51069.85 | PnL:-42.4208 | 剩余现金:9893.50
2026-04-07 22:39:27.293 | INFO     | core.portfolio:_open_long:76 - [BUY] BTC/USDT 0.038233 @ 51779.88 | 费用:1.9797 | 剩余现金:7911.83
2026-04-07 22:39:27.295 | INFO     | core.portfolio:_close_long:98 - [SELL] BTC/USDT 0.038233 @ 51071.45 | PnL:-29.0377 | 剩余现金:9862.48
2026-04-07 22:39:27.297 | INFO     | core.portfolio:_open_long:76 - [BUY] BTC/USDT 0.038618 @ 51102.04 | 费用:1.9735 | 剩余现金:7887.03
2026-04-07 22:39:27.300 | INFO     | core.portfolio:_close_long:98 - [SELL] BTC/USDT 0.038618 @ 51501.94 | PnL:+13.4545 | 剩余现金:9873.96
2026-04-07 22:39:27.301 | INFO     | core.portfolio:_open_long:76 - [BUY] BTC/USDT 0.036987 @ 53418.70 | 费用:1.9758 | 剩余现金:7896.21
2026-04-07 22:39:27.303 | INFO     | core.portfolio:_close_long:98 - [SELL] BTC/USDT 0.036987 @ 56735.62 | PnL:+120.5834 | 剩余现金:9992.57
2026-04-07 22:39:27.308 | INFO     | core.portfolio:_open_long:76 - [BUY] BTC/USDT 0.032262 @ 61976.97 | 费用:1.9995 | 剩余现金:7991.06
2026-04-07 22:39:27.309 | INFO     | core.portfolio:_close_long:98 - [SELL] BTC/USDT 0.032262 @ 61872.95 | PnL:-5.3522 | 剩余现金:9985.22
2026-04-07 22:39:27.311 | INFO     | core.portfolio:_open_long:76 - [BUY] BTC/USDT 0.032004 @ 62430.20 | 费用:1.9980 | 剩余现金:7985.18
2026-04-07 22:39:27.313 | INFO     | core.portfolio:_close_long:98 - [SELL] BTC/USDT 0.032004 @ 66423.07 | PnL:+125.6637 | 剩余现金:10108.88
2026-04-07 22:39:27.316 | INFO     | core.portfolio:_open_long:76 - [BUY] BTC/USDT 0.030038 @ 67340.45 | 费用:2.0228 | 剩余现金:8084.07
2026-04-07 22:39:27.317 | INFO     | core.portfolio:_close_long:98 - [SELL] BTC/USDT 0.030038 @ 66351.71 | PnL:-31.6933 | 剩余现金:10075.17
2026-04-07 22:39:27.318 | INFO     | core.portfolio:_open_long:76 - [BUY] BTC/USDT 0.030104 @ 66969.37 | 费用:2.0160 | 剩余现金:8057.11
2026-04-07 22:39:27.322 | INFO     | core.portfolio:_close_long:98 - [SELL] BTC/USDT 0.030104 @ 68214.28 | PnL:+35.4231 | 剩余现金:10108.57
2026-04-07 22:39:27.322 | INFO     | core.portfolio:_open_long:76 - [BUY] BTC/USDT 0.029318 @ 68993.48 | 费用:2.0227 | 剩余现金:8083.83
2026-04-07 22:39:27.324 | INFO     | core.portfolio:_close_long:98 - [SELL] BTC/USDT 0.029318 @ 67648.06 | PnL:-41.4278 | 剩余现金:10065.12
2026-04-07 22:39:27.325 | INFO     | core.portfolio:_open_long:76 - [BUY] BTC/USDT 0.028149 @ 71548.86 | 费用:2.0140 | 剩余现金:8049.08
2026-04-07 22:39:27.327 | INFO     | core.portfolio:_close_long:98 - [SELL] BTC/USDT 0.028149 @ 72150.41 | PnL:+14.9021 | 剩余现金:10078.01
2026-04-07 22:39:27.328 | INFO     | core.portfolio:_open_long:76 - [BUY] BTC/USDT 0.027721 @ 72746.86 | 费用:2.0166 | 剩余现金:8059.39
2026-04-07 22:39:27.331 | INFO     | core.portfolio:_close_long:98 - [SELL] BTC/USDT 0.027721 @ 71627.57 | PnL:-33.0133 | 剩余现金:10042.98
2026-04-07 22:39:27.333 | INFO     | core.portfolio:_open_long:76 - [BUY] BTC/USDT 0.029081 @ 69103.43 | 费用:2.0096 | 剩余现金:8031.37
2026-04-07 22:39:27.334 | INFO     | core.portfolio:_close_long:98 - [SELL] BTC/USDT 0.029081 @ 68332.62 | PnL:-24.4034 | 剩余现金:10016.57
2026-04-07 22:39:27.336 | INFO     | core.portfolio:_open_long:76 - [BUY] BTC/USDT 0.029447 @ 68065.62 | 费用:2.0043 | 剩余现金:8010.25
2026-04-07 22:39:27.338 | INFO     | core.portfolio:_close_long:98 - [SELL] BTC/USDT 0.029447 @ 67076.74 | PnL:-31.0943 | 剩余现金:9983.47
2026-04-07 22:39:27.342 | INFO     | core.portfolio:_open_long:76 - [BUY] BTC/USDT 0.031719 @ 62980.37 | 费用:1.9977 | 剩余现金:7983.78
2026-04-07 22:39:27.342 | INFO     | core.portfolio:_close_long:98 - [SELL] BTC/USDT 0.031719 @ 67023.67 | PnL:+126.1246 | 剩余现金:10107.60
2026-04-07 22:39:27.346 | INFO     | core.portfolio:_open_long:76 - [BUY] BTC/USDT 0.031427 @ 64356.96 | 费用:2.0225 | 剩余现金:8083.05
2026-04-07 22:39:27.348 | INFO     | core.portfolio:_close_long:98 - [SELL] BTC/USDT 0.031427 @ 64268.65 | PnL:-4.7951 | 剩余现金:10100.78
2026-04-07 22:39:27.348 | INFO     | core.portfolio:_open_long:76 - [BUY] BTC/USDT 0.030909 @ 65390.88 | 费用:2.0212 | 剩余现金:8077.59
2026-04-07 22:39:27.350 | INFO     | core.portfolio:_close_long:98 - [SELL] BTC/USDT 0.030909 @ 69332.02 | PnL:+119.6736 | 剩余现金:10218.43
2026-04-07 22:39:27.355 | INFO     | core.portfolio:_open_long:76 - [BUY] BTC/USDT 0.028961 @ 70601.08 | 费用:2.0447 | 剩余现金:8171.68
2026-04-07 22:39:27.357 | INFO     | core.portfolio:_close_long:98 - [SELL] BTC/USDT 0.028961 @ 69902.83 | PnL:-22.2469 | 剩余现金:10194.14
2026-04-07 22:39:27.359 | INFO     | core.portfolio:_open_long:76 - [BUY] BTC/USDT 0.029183 @ 69899.03 | 费用:2.0398 | 剩余现金:8152.25
2026-04-07 22:39:27.360 | INFO     | core.portfolio:_close_long:98 - [SELL] BTC/USDT 0.029183 @ 69568.00 | PnL:-11.6907 | 剩余现金:10180.41
2026-04-07 22:39:27.361 | INFO     | core.portfolio:_open_long:76 - [BUY] BTC/USDT 0.028961 @ 70339.35 | 费用:2.0371 | 剩余现金:8141.27
2026-04-07 22:39:27.363 | INFO     | core.portfolio:_close_long:98 - [SELL] BTC/USDT 0.028961 @ 69361.50 | PnL:-30.3283 | 剩余现金:10148.05
2026-04-07 22:39:27.367 | INFO     | core.portfolio:_open_long:76 - [BUY] BTC/USDT 0.030461 @ 66663.11 | 费用:2.0306 | 剩余现金:8115.39
2026-04-07 22:39:27.370 | INFO     | core.portfolio:_close_long:98 - [SELL] BTC/USDT 0.030461 @ 66430.57 | PnL:-9.1071 | 剩余现金:10136.91
2026-04-07 22:39:27.371 | INFO     | core.portfolio:_open_long:76 - [BUY] BTC/USDT 0.029976 @ 67667.42 | 费用:2.0284 | 剩余现金:8106.48
2026-04-07 22:39:27.375 | INFO     | core.portfolio:_close_long:98 - [SELL] BTC/USDT 0.029976 @ 69413.18 | PnL:+50.2501 | 剩余现金:10185.13
2026-04-07 22:39:27.375 | INFO     | core.portfolio:_open_long:76 - [BUY] BTC/USDT 0.028807 @ 70747.36 | 费用:2.0380 | 剩余现金:8145.05
2026-04-07 22:39:27.377 | INFO     | core.portfolio:_close_long:98 - [SELL] BTC/USDT 0.028807 @ 70332.92 | PnL:-13.9650 | 剩余现金:10169.13
2026-04-07 22:39:27.380 | INFO     | core.portfolio:_open_long:76 - [BUY] BTC/USDT 0.028836 @ 70567.17 | 费用:2.0348 | 剩余现金:8132.25
2026-04-07 22:39:27.381 | INFO     | core.portfolio:_close_long:98 - [SELL] BTC/USDT 0.028836 @ 70432.17 | PnL:-5.9237 | 剩余现金:10161.17
2026-04-07 22:39:27.382 | INFO     | core.portfolio:_open_long:76 - [BUY] BTC/USDT 0.028577 @ 71148.66 | 费用:2.0332 | 剩余现金:8125.88
2026-04-07 22:39:27.383 | INFO     | core.portfolio:_close_long:98 - [SELL] BTC/USDT 0.028577 @ 68810.48 | PnL:-68.7857 | 剩余现金:10090.35
2026-04-07 22:39:27.385 | INFO     | core.portfolio:_open_long:76 - [BUY] BTC/USDT 0.029823 @ 67701.93 | 费用:2.0191 | 剩余现金:8069.25
2026-04-07 22:39:27.385 | INFO     | core.portfolio:_close_long:98 - [SELL] BTC/USDT 0.029823 @ 65037.27 | PnL:-81.4082 | 剩余现金:10006.92
2026-04-07 22:39:27.387 | INFO     | core.portfolio:_open_long:76 - [BUY] BTC/USDT 0.031350 @ 63871.92 | 费用:2.0024 | 剩余现金:8002.53
2026-04-07 22:39:27.389 | INFO     | core.portfolio:_close_long:98 - [SELL] BTC/USDT 0.031350 @ 61800.98 | PnL:-66.8613 | 剩余现金:9938.06
2026-04-07 22:39:27.391 | INFO     | core.portfolio:_open_long:76 - [BUY] BTC/USDT 0.031047 @ 64051.51 | 费用:1.9886 | 剩余现金:7947.46
2026-04-07 22:39:27.392 | INFO     | core.portfolio:_close_long:98 - [SELL] BTC/USDT 0.031047 @ 61369.30 | PnL:-85.1798 | 剩余现金:9850.89
2026-04-07 22:39:27.394 | INFO     | core.portfolio:_open_long:76 - [BUY] BTC/USDT 0.031056 @ 63470.32 | 费用:1.9712 | 剩余现金:7877.76
2026-04-07 22:39:27.394 | INFO     | core.portfolio:_close_long:98 - [SELL] BTC/USDT 0.031056 @ 61316.93 | PnL:-68.7810 | 剩余现金:9780.14
2026-04-07 22:39:27.397 | INFO     | core.portfolio:_open_long:76 - [BUY] BTC/USDT 0.030112 @ 64991.68 | 费用:1.9570 | 剩余现金:7821.17
2026-04-07 22:39:27.399 | INFO     | core.portfolio:_close_long:98 - [SELL] BTC/USDT 0.030112 @ 64506.23 | PnL:-16.5600 | 剩余现金:9761.62
2026-04-07 22:39:27.400 | INFO     | core.portfolio:_open_long:76 - [BUY] BTC/USDT 0.029415 @ 66405.59 | 费用:1.9533 | 剩余现金:7806.37
2026-04-07 22:39:27.403 | INFO     | core.portfolio:_close_long:98 - [SELL] BTC/USDT 0.029415 @ 66020.87 | PnL:-13.2582 | 剩余现金:9746.41
2026-04-07 22:39:27.403 | INFO     | core.portfolio:_open_long:76 - [BUY] BTC/USDT 0.029189 @ 66814.99 | 费用:1.9503 | 剩余现金:7794.20
2026-04-07 22:39:27.405 | INFO     | core.portfolio:_close_long:98 - [SELL] BTC/USDT 0.029189 @ 65205.38 | PnL:-48.8860 | 剩余现金:9695.57
2026-04-07 22:39:27.407 | INFO     | core.portfolio:_open_long:76 - [BUY] BTC/USDT 0.029968 @ 64738.55 | 费用:1.9401 | 剩余现金:7753.55
2026-04-07 22:39:27.408 | INFO     | core.portfolio:_close_long:98 - [SELL] BTC/USDT 0.029968 @ 63472.05 | PnL:-39.8567 | 剩余现金:9653.78
2026-04-07 22:39:27.411 | INFO     | core.portfolio:_open_long:76 - [BUY] BTC/USDT 0.030349 @ 63649.51 | 费用:1.9317 | 剩余现金:7720.12
2026-04-07 22:39:27.412 | INFO     | core.portfolio:_close_long:98 - [SELL] BTC/USDT 0.030349 @ 63090.54 | PnL:-18.8791 | 剩余现金:9632.96
2026-04-07 22:39:27.414 | INFO     | core.portfolio:_open_long:76 - [BUY] BTC/USDT 0.030157 @ 63917.44 | 费用:1.9276 | 剩余现金:7703.48
2026-04-07 22:39:27.415 | INFO     | core.portfolio:_close_long:98 - [SELL] BTC/USDT 0.030157 @ 61892.54 | PnL:-62.9315 | 剩余现金:9568.11
2026-04-07 22:39:27.419 | INFO     | core.portfolio:_open_long:76 - [BUY] BTC/USDT 0.032681 @ 58583.58 | 费用:1.9146 | 剩余现金:7651.61
2026-04-07 22:39:27.421 | INFO     | core.portfolio:_close_long:98 - [SELL] BTC/USDT 0.032681 @ 62880.44 | PnL:+138.3715 | 剩余现金:9704.56
2026-04-07 22:39:27.424 | INFO     | core.portfolio:_open_long:76 - [BUY] BTC/USDT 0.030280 @ 64130.35 | 费用:1.9419 | 剩余现金:7760.74
2026-04-07 22:39:27.426 | INFO     | core.portfolio:_close_long:98 - [SELL] BTC/USDT 0.030280 @ 63127.82 | PnL:-32.2683 | 剩余现金:9670.35
2026-04-07 22:39:27.428 | INFO     | core.portfolio:_open_long:76 - [BUY] BTC/USDT 0.030598 @ 63241.10 | 费用:1.9350 | 剩余现金:7733.38
2026-04-07 22:39:27.429 | INFO     | core.portfolio:_close_long:98 - [SELL] BTC/USDT 0.030598 @ 62942.01 | PnL:-11.0774 | 剩余现金:9657.34
2026-04-07 22:39:27.432 | INFO     | core.portfolio:_open_long:76 - [BUY] BTC/USDT 0.030840 @ 62659.21 | 费用:1.9324 | 剩余现金:7722.97
2026-04-07 22:39:27.434 | INFO     | core.portfolio:_close_long:98 - [SELL] BTC/USDT 0.030840 @ 60360.00 | PnL:-72.7700 | 剩余现金:9582.64
2026-04-07 22:39:27.435 | INFO     | core.portfolio:_open_long:76 - [BUY] BTC/USDT 0.031306 @ 61250.61 | 费用:1.9175 | 剩余现金:7663.23
2026-04-07 22:39:27.440 | INFO     | core.portfolio:_close_long:98 - [SELL] BTC/USDT 0.031306 @ 61765.10 | PnL:+14.1729 | 剩余现金:9594.89
2026-04-07 22:39:27.442 | INFO     | core.portfolio:_open_long:76 - [BUY] BTC/USDT 0.030878 @ 62178.77 | 费用:1.9199 | 剩余现金:7673.03
2026-04-07 22:39:27.443 | INFO     | core.portfolio:_close_long:98 - [SELL] BTC/USDT 0.030878 @ 65980.79 | PnL:+115.3603 | 剩余现金:9708.33
2026-04-07 22:39:27.446 | INFO     | core.portfolio:_open_long:76 - [BUY] BTC/USDT 0.029268 @ 66374.37 | 费用:1.9426 | 剩余现金:7763.75
2026-04-07 22:39:27.448 | INFO     | core.portfolio:_close_long:98 - [SELL] BTC/USDT 0.029268 @ 66938.71 | PnL:+14.5580 | 剩余现金:9720.95
2026-04-07 22:39:27.449 | INFO     | core.portfolio:_open_long:76 - [BUY] BTC/USDT 0.028949 @ 67192.88 | 费用:1.9452 | 剩余现金:7773.84
2026-04-07 22:39:27.450 | INFO     | core.portfolio:_close_long:98 - [SELL] BTC/USDT 0.028949 @ 66556.31 | PnL:-20.3549 | 剩余现金:9698.65
2026-04-07 22:39:27.451 | INFO     | core.portfolio:_open_long:76 - [BUY] BTC/USDT 0.028903 @ 67144.56 | 费用:1.9407 | 剩余现金:7756.01
2026-04-07 22:39:27.452 | INFO     | core.portfolio:_close_long:98 - [SELL] BTC/USDT 0.028903 @ 71390.19 | PnL:+120.6494 | 剩余现金:9817.36
2026-04-07 22:39:27.455 | INFO     | core.portfolio:_open_long:76 - [BUY] BTC/USDT 0.028105 @ 69896.13 | 费用:1.9645 | 剩余现金:7850.94
2026-04-07 22:39:27.456 | INFO     | core.portfolio:_close_long:98 - [SELL] BTC/USDT 0.028105 @ 69398.48 | PnL:-15.9370 | 剩余现金:9799.46
2026-04-07 22:39:27.459 | INFO     | core.portfolio:_open_long:76 - [BUY] BTC/USDT 0.028413 @ 69012.39 | 费用:1.9609 | 剩余现金:7836.62
2026-04-07 22:39:27.462 | INFO     | core.portfolio:_close_long:98 - [SELL] BTC/USDT 0.028413 @ 68744.41 | PnL:-9.5674 | 剩余现金:9787.93
2026-04-07 22:39:27.464 | INFO     | core.portfolio:_open_long:76 - [BUY] BTC/USDT 0.027818 @ 70405.99 | 费用:1.9586 | 剩余现金:7827.40
2026-04-07 22:39:27.465 | INFO     | core.portfolio:_close_long:98 - [SELL] BTC/USDT 0.027818 @ 68016.77 | PnL:-68.3555 | 剩余现金:9717.61
2026-04-07 22:39:27.467 | INFO     | core.portfolio:_open_long:76 - [BUY] BTC/USDT 0.028232 @ 68874.42 | 费用:1.9445 | 剩余现金:7771.17
2026-04-07 22:39:27.467 | INFO     | core.portfolio:_close_long:98 - [SELL] BTC/USDT 0.028232 @ 67853.86 | PnL:-30.7287 | 剩余现金:9684.94
2026-04-07 22:39:27.469 | INFO     | core.portfolio:_open_long:76 - [BUY] BTC/USDT 0.028592 @ 67779.77 | 费用:1.9380 | 剩余现金:7745.05
2026-04-07 22:39:27.471 | INFO     | core.portfolio:_close_long:98 - [SELL] BTC/USDT 0.028592 @ 68321.72 | PnL:+13.5419 | 剩余现金:9696.54
2026-04-07 22:39:27.473 | INFO     | core.portfolio:_open_long:76 - [BUY] BTC/USDT 0.028649 @ 67725.65 | 费用:1.9403 | 剩余现金:7754.33
2026-04-07 22:39:27.475 | INFO     | core.portfolio:_close_long:98 - [SELL] BTC/USDT 0.028649 @ 67510.13 | PnL:-8.1085 | 剩余现金:9686.50
2026-04-07 22:39:27.475 | INFO     | core.portfolio:_open_long:76 - [BUY] BTC/USDT 0.028386 @ 68281.52 | 费用:1.9383 | 剩余现金:7746.29
2026-04-07 22:39:27.478 | INFO     | core.portfolio:_close_long:98 - [SELL] BTC/USDT 0.028386 @ 68977.69 | PnL:+17.8037 | 剩余现金:9702.36
2026-04-07 22:39:27.479 | INFO     | core.portfolio:_open_long:76 - [BUY] BTC/USDT 0.027550 @ 70469.02 | 费用:1.9414 | 剩余现金:7758.98
2026-04-07 22:39:27.519 | INFO     | core.portfolio:_close_long:98 - [SELL] BTC/USDT 0.027550 @ 70860.55 | PnL:+8.8347 | 剩余现金:9709.25
2026-04-07 22:39:27.520 | INFO     | core.portfolio:_open_long:76 - [BUY] BTC/USDT 0.027235 @ 71336.35 | 费用:1.9428 | 剩余现金:7764.49
2026-04-07 22:39:27.520 | INFO     | core.portfolio:_close_long:98 - [SELL] BTC/USDT 0.027235 @ 70443.56 | PnL:-26.2333 | 剩余现金:9681.08
2026-04-07 22:39:27.521 | INFO     | core.portfolio:_open_long:76 - [BUY] BTC/USDT 0.027223 @ 71159.36 | 费用:1.9372 | 剩余现金:7741.96
2026-04-07 22:39:27.522 | INFO     | core.portfolio:_close_long:98 - [SELL] BTC/USDT 0.027223 @ 69074.05 | PnL:-58.6493 | 剩余现金:9620.49
2026-04-07 22:39:27.524 | INFO     | core.portfolio:_open_long:76 - [BUY] BTC/USDT 0.027751 @ 69370.17 | 费用:1.9251 | 剩余现金:7693.51
2026-04-07 22:39:27.524 | INFO     | core.portfolio:_close_long:98 - [SELL] BTC/USDT 0.027751 @ 69233.67 | PnL:-5.7093 | 剩余现金:9612.86
2026-04-07 22:39:27.525 | INFO     | core.portfolio:_open_long:76 - [BUY] BTC/USDT 0.027681 @ 69488.03 | 费用:1.9235 | 剩余现金:7687.40
2026-04-07 22:39:27.526 | INFO     | core.portfolio:_close_long:98 - [SELL] BTC/USDT 0.027681 @ 69401.48 | PnL:-4.3168 | 剩余现金:9606.62
2026-04-07 22:39:27.527 | INFO     | core.portfolio:_open_long:76 - [BUY] BTC/USDT 0.027435 @ 70066.92 | 费用:1.9223 | 剩余现金:7682.41
2026-04-07 22:39:27.528 | INFO     | core.portfolio:_close_long:98 - [SELL] BTC/USDT 0.027435 @ 68228.57 | PnL:-52.3069 | 剩余现金:9552.39
2026-04-07 22:39:27.530 | INFO     | core.portfolio:_open_long:76 - [BUY] BTC/USDT 0.028319 @ 67495.63 | 费用:1.9114 | 剩余现金:7639.04
2026-04-07 22:39:27.531 | INFO     | core.portfolio:_close_long:98 - [SELL] BTC/USDT 0.028319 @ 67302.03 | PnL:-7.3885 | 剩余现金:9543.09
2026-04-07 22:39:27.536 | INFO     | core.portfolio:_open_long:76 - [BUY] BTC/USDT 0.028817 @ 66266.02 | 费用:1.9096 | 剩余现金:7631.61
2026-04-07 22:39:27.537 | INFO     | core.portfolio:_close_long:98 - [SELL] BTC/USDT 0.028817 @ 66141.81 | PnL:-5.4851 | 剩余现金:9535.69
2026-04-07 22:39:27.537 | INFO     | core.portfolio:_open_long:76 - [BUY] BTC/USDT 0.028719 @ 66440.70 | 费用:1.9081 | 剩余现金:7625.69
2026-04-07 22:39:27.539 | INFO     | core.portfolio:_close_long:98 - [SELL] BTC/USDT 0.028719 @ 66140.91 | PnL:-10.5091 | 剩余现金:9523.28
2026-04-07 22:39:27.540 | INFO     | core.portfolio:_open_long:76 - [BUY] BTC/USDT 0.028643 @ 66529.15 | 费用:1.9056 | 剩余现金:7615.76
2026-04-07 22:39:27.541 | INFO     | core.portfolio:_close_long:98 - [SELL] BTC/USDT 0.028643 @ 65535.62 | PnL:-30.3351 | 剩余现金:9491.03
2026-04-07 22:39:27.542 | INFO     | core.portfolio:_open_long:76 - [BUY] BTC/USDT 0.029018 @ 65448.41 | 费用:1.8992 | 剩余现金:7589.98
2026-04-07 22:39:27.543 | INFO     | core.portfolio:_close_long:98 - [SELL] BTC/USDT 0.029018 @ 64852.26 | PnL:-19.1807 | 剩余现金:9469.95
2026-04-07 22:39:27.544 | INFO     | core.portfolio:_open_long:76 - [BUY] BTC/USDT 0.028758 @ 65892.93 | 费用:1.8949 | 剩余现金:7573.12
2026-04-07 22:39:27.545 | INFO     | core.portfolio:_close_long:98 - [SELL] BTC/USDT 0.028758 @ 65062.65 | PnL:-25.7480 | 剩余现金:9442.31
2026-04-07 22:39:27.548 | INFO     | core.portfolio:_open_long:76 - [BUY] BTC/USDT 0.029343 @ 64390.18 | 费用:1.8894 | 剩余现金:7551.02
2026-04-07 22:39:27.550 | INFO     | core.portfolio:_close_long:98 - [SELL] BTC/USDT 0.029343 @ 64065.85 | PnL:-11.3967 | 剩余现金:9429.03
2026-04-07 22:39:27.554 | INFO     | core.portfolio:_open_long:76 - [BUY] BTC/USDT 0.030757 @ 61343.66 | 费用:1.8867 | 剩余现金:7540.39
2026-04-07 22:39:27.556 | INFO     | core.portfolio:_close_long:98 - [SELL] BTC/USDT 0.030757 @ 61394.59 | PnL:-0.3218 | 剩余现金:9426.82
2026-04-07 22:39:27.558 | INFO     | core.portfolio:_open_long:76 - [BUY] BTC/USDT 0.030617 @ 61608.89 | 费用:1.8863 | 剩余现金:7538.62
2026-04-07 22:39:27.559 | INFO     | core.portfolio:_close_long:98 - [SELL] BTC/USDT 0.030617 @ 61263.65 | PnL:-12.4460 | 剩余现金:9412.48
2026-04-07 22:39:27.561 | INFO     | core.portfolio:_open_long:76 - [BUY] BTC/USDT 0.030811 @ 61129.55 | 费用:1.8834 | 剩余现金:7527.16
2026-04-07 22:39:27.562 | INFO     | core.portfolio:_close_long:98 - [SELL] BTC/USDT 0.030811 @ 60761.50 | PnL:-13.2118 | 剩余现金:9397.39
2026-04-07 22:39:27.563 | INFO     | core.portfolio:_open_long:76 - [BUY] BTC/USDT 0.030547 @ 61559.16 | 费用:1.8804 | 剩余现金:7515.09
2026-04-07 22:39:27.566 | INFO     | core.portfolio:_close_long:98 - [SELL] BTC/USDT 0.030547 @ 63001.58 | PnL:+42.1364 | 剩余现金:9437.65
2026-04-07 22:39:27.572 | INFO     | core.portfolio:_open_long:76 - [BUY] BTC/USDT 0.033334 @ 56653.31 | 费用:1.8885 | 剩余现金:7547.28
2026-04-07 22:39:27.576 | INFO     | core.portfolio:_close_long:98 - [SELL] BTC/USDT 0.033334 @ 56843.56 | PnL:+4.4470 | 剩余现金:9440.20
2026-04-07 22:39:27.577 | INFO     | core.portfolio:_open_long:76 - [BUY] BTC/USDT 0.033602 @ 56215.79 | 费用:1.8890 | 剩余现金:7549.33
2026-04-07 22:39:27.578 | INFO     | core.portfolio:_close_long:98 - [SELL] BTC/USDT 0.033602 @ 56687.74 | PnL:+13.9537 | 剩余现金:9452.27
2026-04-07 22:39:27.578 | INFO     | core.portfolio:_open_long:76 - [BUY] BTC/USDT 0.033440 @ 56560.37 | 费用:1.8914 | 剩余现金:7558.98
2026-04-07 22:39:27.581 | INFO     | core.portfolio:_close_long:98 - [SELL] BTC/USDT 0.033440 @ 56231.47 | PnL:-12.8788 | 剩余现金:9437.50
2026-04-07 22:39:27.583 | INFO     | core.portfolio:_open_long:76 - [BUY] BTC/USDT 0.032100 @ 58829.40 | 费用:1.8884 | 剩余现金:7547.17
2026-04-07 22:39:27.584 | INFO     | core.portfolio:_close_long:98 - [SELL] BTC/USDT 0.032100 @ 56916.43 | PnL:-63.2341 | 剩余现金:9372.38
2026-04-07 22:39:27.585 | INFO     | core.portfolio:_open_long:76 - [BUY] BTC/USDT 0.032226 @ 58195.08 | 费用:1.8754 | 剩余现金:7495.09
2026-04-07 22:39:27.589 | INFO     | core.portfolio:_close_long:98 - [SELL] BTC/USDT 0.032226 @ 62459.45 | PnL:+135.4121 | 剩余现金:9505.91
2026-04-07 22:39:27.592 | INFO     | core.portfolio:_open_long:76 - [BUY] BTC/USDT 0.029455 @ 64577.47 | 费用:1.9021 | 剩余现金:7601.88
2026-04-07 22:39:27.594 | INFO     | core.portfolio:_close_long:98 - [SELL] BTC/USDT 0.029455 @ 64252.66 | PnL:-11.4600 | 剩余现金:9492.55
2026-04-07 22:39:27.595 | INFO     | core.portfolio:_open_long:76 - [BUY] BTC/USDT 0.029317 @ 64790.98 | 费用:1.8995 | 剩余现金:7591.19
2026-04-07 22:39:27.595 | INFO     | core.portfolio:_close_long:98 - [SELL] BTC/USDT 0.029317 @ 63518.42 | PnL:-39.1693 | 剩余现金:9451.48
2026-04-07 22:39:27.597 | INFO     | core.portfolio:_open_long:76 - [BUY] BTC/USDT 0.029017 @ 65176.27 | 费用:1.8912 | 剩余现金:7558.35
2026-04-07 22:39:27.600 | INFO     | core.portfolio:_close_long:98 - [SELL] BTC/USDT 0.029017 @ 66900.73 | PnL:+48.0980 | 剩余现金:9497.69
2026-04-07 22:39:27.601 | INFO     | core.portfolio:_open_long:76 - [BUY] BTC/USDT 0.028046 @ 67763.86 | 费用:1.9005 | 剩余现金:7595.30
2026-04-07 22:39:27.602 | INFO     | core.portfolio:_close_long:98 - [SELL] BTC/USDT 0.028046 @ 66682.64 | PnL:-32.1939 | 剩余现金:9463.59
2026-04-07 22:39:27.603 | INFO     | core.portfolio:_open_long:76 - [BUY] BTC/USDT 0.027979 @ 67681.62 | 费用:1.8937 | 剩余现金:7568.04
2026-04-07 22:39:27.603 | INFO     | core.portfolio:_close_long:98 - [SELL] BTC/USDT 0.027979 @ 66399.08 | PnL:-37.7420 | 剩余现金:9423.96
2026-04-07 22:39:27.606 | INFO     | core.portfolio:_open_long:76 - [BUY] BTC/USDT 0.028234 @ 66789.58 | 费用:1.8857 | 剩余现金:7536.34
2026-04-07 22:39:27.606 | INFO     | core.portfolio:_close_long:98 - [SELL] BTC/USDT 0.028234 @ 65348.01 | PnL:-42.5462 | 剩余现金:9379.53
2026-04-07 22:39:27.608 | INFO     | core.portfolio:_open_long:76 - [BUY] BTC/USDT 0.028578 @ 65675.32 | 费用:1.8768 | 剩余现金:7500.81
2026-04-07 22:39:27.612 | INFO     | core.portfolio:_close_long:98 - [SELL] BTC/USDT 0.028578 @ 67903.83 | PnL:+61.7449 | 剩余现金:9439.39
2026-04-07 22:39:27.613 | INFO     | core.portfolio:_open_long:76 - [BUY] BTC/USDT 0.027763 @ 68034.60 | 费用:1.8888 | 剩余现金:7548.68
2026-04-07 22:39:27.615 | INFO     | core.portfolio:_close_long:98 - [SELL] BTC/USDT 0.027763 @ 67393.59 | PnL:-19.6673 | 剩余现金:9417.84
2026-04-07 22:39:27.618 | INFO     | core.portfolio:_open_long:76 - [BUY] BTC/USDT 0.028353 @ 66466.22 | 费用:1.8845 | 剩余现金:7531.44
2026-04-07 22:39:27.618 | INFO     | core.portfolio:_close_long:98 - [SELL] BTC/USDT 0.028353 @ 64544.61 | PnL:-56.3131 | 剩余现金:9359.64
2026-04-07 22:39:27.621 | INFO     | core.portfolio:_open_long:76 - [BUY] BTC/USDT 0.029089 @ 64384.08 | 费用:1.8729 | 剩余现金:7484.90
2026-04-07 22:39:27.622 | INFO     | core.portfolio:_close_long:98 - [SELL] BTC/USDT 0.029089 @ 63275.45 | PnL:-34.0895 | 剩余现金:9323.68
2026-04-07 22:39:27.627 | INFO     | core.portfolio:_open_long:76 - [BUY] BTC/USDT 0.033461 @ 55755.86 | 费用:1.8657 | 剩余现金:7456.15
2026-04-07 22:39:27.630 | INFO     | core.portfolio:_close_long:98 - [SELL] BTC/USDT 0.033461 @ 54776.10 | PnL:-34.6172 | 剩余现金:9287.20
2026-04-07 22:39:27.631 | INFO     | core.portfolio:_open_long:76 - [BUY] BTC/USDT 0.032480 @ 57216.29 | 费用:1.8584 | 剩余现金:7426.97
2026-04-07 22:39:27.632 | INFO     | core.portfolio:_close_long:98 - [SELL] BTC/USDT 0.032480 @ 61087.44 | PnL:+123.7496 | 剩余现金:9409.09
2026-04-07 22:39:27.635 | INFO     | core.portfolio:_open_long:76 - [BUY] BTC/USDT 0.030893 @ 60944.46 | 费用:1.8828 | 剩余现金:7524.45
2026-04-07 22:39:27.637 | INFO     | core.portfolio:_close_long:98 - [SELL] BTC/USDT 0.030893 @ 60096.84 | PnL:-28.0421 | 剩余现金:9379.16
2026-04-07 22:39:27.639 | INFO     | core.portfolio:_open_long:76 - [BUY] BTC/USDT 0.031632 @ 59331.65 | 费用:1.8768 | 剩余现金:7500.52
2026-04-07 22:39:27.641 | INFO     | core.portfolio:_close_long:98 - [SELL] BTC/USDT 0.031632 @ 58804.58 | PnL:-18.5322 | 剩余现金:9358.75
2026-04-07 22:39:27.641 | INFO     | core.portfolio:_open_long:76 - [BUY] BTC/USDT 0.030606 @ 61186.28 | 费用:1.8727 | 剩余现金:7484.19
2026-04-07 22:39:27.643 | INFO     | core.portfolio:_close_long:98 - [SELL] BTC/USDT 0.030606 @ 59094.44 | PnL:-65.8322 | 剩余现金:9291.05
2026-04-07 22:39:27.644 | INFO     | core.portfolio:_open_long:76 - [BUY] BTC/USDT 0.031561 @ 58905.34 | 费用:1.8591 | 剩余现金:7430.05
2026-04-07 22:39:27.645 | INFO     | core.portfolio:_close_long:98 - [SELL] BTC/USDT 0.031561 @ 57019.48 | PnL:-61.3202 | 剩余现金:9227.87
2026-04-07 22:39:27.646 | INFO     | core.portfolio:_open_long:76 - [BUY] BTC/USDT 0.031596 @ 58441.31 | 费用:1.8465 | 剩余现金:7379.53
2026-04-07 22:39:27.650 | INFO     | core.portfolio:_close_long:98 - [SELL] BTC/USDT 0.031596 @ 58405.68 | PnL:-2.9709 | 剩余现金:9223.05
2026-04-07 22:39:27.652 | INFO     | core.portfolio:_open_long:76 - [BUY] BTC/USDT 0.031140 @ 59265.82 | 费用:1.8455 | 剩余现金:7375.67
2026-04-07 22:39:27.653 | INFO     | core.portfolio:_close_long:98 - [SELL] BTC/USDT 0.031140 @ 59468.95 | PnL:+4.4737 | 剩余现金:9225.68
2026-04-07 22:39:27.655 | INFO     | core.portfolio:_open_long:76 - [BUY] BTC/USDT 0.031002 @ 59546.86 | 费用:1.8461 | 剩余现金:7377.78
2026-04-07 22:39:27.657 | INFO     | core.portfolio:_close_long:98 - [SELL] BTC/USDT 0.031002 @ 60277.45 | PnL:+20.7808 | 剩余现金:9244.61
2026-04-07 22:39:27.658 | INFO     | core.portfolio:_open_long:76 - [BUY] BTC/USDT 0.030273 @ 61104.74 | 费用:1.8498 | 剩余现金:7392.92
2026-04-07 22:39:27.661 | INFO     | core.portfolio:_close_long:98 - [SELL] BTC/USDT 0.030273 @ 64112.23 | PnL:+89.1060 | 剩余现金:9331.87
2026-04-07 22:39:27.662 | INFO     | core.portfolio:_open_long:76 - [BUY] BTC/USDT 0.029063 @ 64250.51 | 费用:1.8673 | 剩余现金:7462.70
2026-04-07 22:39:27.663 | INFO     | core.portfolio:_close_long:98 - [SELL] BTC/USDT 0.029063 @ 63593.19 | PnL:-20.9519 | 剩余现金:9309.05
2026-04-07 22:39:27.668 | INFO     | core.portfolio:_open_long:76 - [BUY] BTC/USDT 0.031247 @ 59612.79 | 费用:1.8627 | 剩余现金:7444.45
2026-04-07 22:39:27.670 | INFO     | core.portfolio:_close_long:98 - [SELL] BTC/USDT 0.031247 @ 59191.79 | PnL:-15.0048 | 剩余现金:9292.18
2026-04-07 22:39:27.672 | INFO     | core.portfolio:_open_long:76 - [BUY] BTC/USDT 0.031376 @ 59261.62 | 费用:1.8594 | 剩余现金:7430.96
2026-04-07 22:39:27.672 | INFO     | core.portfolio:_close_long:98 - [SELL] BTC/USDT 0.031376 @ 58924.52 | PnL:-12.4253 | 剩余现金:9277.90
2026-04-07 22:39:27.673 | INFO     | core.portfolio:_open_long:76 - [BUY] BTC/USDT 0.031526 @ 58888.03 | 费用:1.8565 | 剩余现金:7419.54
2026-04-07 22:39:27.673 | INFO     | core.portfolio:_close_long:98 - [SELL] BTC/USDT 0.031526 @ 58925.72 | PnL:-0.6694 | 剩余现金:9275.37
2026-04-07 22:39:27.676 | INFO     | core.portfolio:_open_long:76 - [BUY] BTC/USDT 0.031886 @ 58207.09 | 费用:1.8560 | 剩余现金:7417.52
2026-04-07 22:39:27.678 | INFO     | core.portfolio:_close_long:98 - [SELL] BTC/USDT 0.031886 @ 57695.54 | PnL:-18.1511 | 剩余现金:9255.37
2026-04-07 22:39:27.680 | INFO     | core.portfolio:_open_long:76 - [BUY] BTC/USDT 0.031884 @ 58085.33 | 费用:1.8520 | 剩余现金:7401.52
2026-04-07 22:39:27.681 | INFO     | core.portfolio:_close_long:98 - [SELL] BTC/USDT 0.031884 @ 56739.62 | PnL:-44.7159 | 剩余现金:9208.80
2026-04-07 22:39:27.685 | INFO     | core.portfolio:_open_long:76 - [BUY] BTC/USDT 0.033619 @ 54811.49 | 费用:1.8427 | 剩余现金:7364.28
2026-04-07 22:39:27.686 | INFO     | core.portfolio:_close_long:98 - [SELL] BTC/USDT 0.033619 @ 54311.43 | PnL:-18.6372 | 剩余现金:9188.32
2026-04-07 22:39:27.686 | INFO     | core.portfolio:_open_long:76 - [BUY] BTC/USDT 0.033732 @ 54505.24 | 费用:1.8386 | 剩余现金:7347.90
2026-04-07 22:39:27.687 | INFO     | core.portfolio:_close_long:98 - [SELL] BTC/USDT 0.033732 @ 53659.16 | PnL:-30.3503 | 剩余现金:9156.13
2026-04-07 22:39:27.688 | INFO     | core.portfolio:_open_long:76 - [BUY] BTC/USDT 0.033370 @ 54903.04 | 费用:1.8321 | 剩余现金:7322.16
2026-04-07 22:39:27.692 | INFO     | core.portfolio:_close_long:98 - [SELL] BTC/USDT 0.033370 @ 56431.77 | PnL:+49.1314 | 剩余现金:9203.43
2026-04-07 22:39:27.693 | INFO     | core.portfolio:_open_long:76 - [BUY] BTC/USDT 0.032030 @ 57496.63 | 费用:1.8416 | 剩余现金:7359.98
2026-04-07 22:39:27.696 | INFO     | core.portfolio:_close_long:98 - [SELL] BTC/USDT 0.032030 @ 57735.32 | PnL:+5.7957 | 剩余现金:9207.38
2026-04-07 22:39:27.696 | INFO     | core.portfolio:_open_long:76 - [BUY] BTC/USDT 0.031501 @ 58487.33 | 费用:1.8424 | 剩余现金:7363.14
2026-04-07 22:39:27.698 | INFO     | core.portfolio:_close_long:98 - [SELL] BTC/USDT 0.031501 @ 59752.21 | PnL:+37.9625 | 剩余现金:9243.50
2026-04-07 22:39:27.699 | INFO     | core.portfolio:_open_long:76 - [BUY] BTC/USDT 0.030751 @ 60147.86 | 费用:1.8496 | 剩余现金:7392.03
2026-04-07 22:39:27.701 | INFO     | core.portfolio:_close_long:98 - [SELL] BTC/USDT 0.030751 @ 59764.90 | PnL:-13.6143 | 剩余现金:9228.04
2026-04-07 22:39:27.703 | INFO     | core.portfolio:_open_long:76 - [BUY] BTC/USDT 0.031297 @ 59000.99 | 费用:1.8465 | 剩余现金:7379.66
2026-04-07 22:39:27.705 | INFO     | core.portfolio:_close_long:98 - [SELL] BTC/USDT 0.031297 @ 59461.65 | PnL:+12.5564 | 剩余现金:9238.75
2026-04-07 22:39:27.706 | INFO     | core.portfolio:_open_long:76 - [BUY] BTC/USDT 0.029915 @ 61797.48 | 费用:1.8487 | 剩余现金:7388.23
2026-04-07 22:39:27.709 | INFO     | core.portfolio:_close_long:98 - [SELL] BTC/USDT 0.029915 @ 62668.65 | PnL:+24.1862 | 剩余现金:9261.09
2026-04-07 22:39:27.711 | INFO     | core.portfolio:_open_long:76 - [BUY] BTC/USDT 0.029261 @ 63330.55 | 费用:1.8531 | 剩余现金:7406.09
2026-04-07 22:39:27.712 | INFO     | core.portfolio:_close_long:98 - [SELL] BTC/USDT 0.029261 @ 62912.63 | PnL:-14.0699 | 剩余现金:9245.16
2026-04-07 22:39:27.713 | INFO     | core.portfolio:_open_long:76 - [BUY] BTC/USDT 0.029086 @ 63604.09 | 费用:1.8500 | 剩余现金:7393.36
2026-04-07 22:39:27.715 | INFO     | core.portfolio:_close_long:98 - [SELL] BTC/USDT 0.029086 @ 63268.35 | PnL:-11.6052 | 剩余现金:9231.71
2026-04-07 22:39:27.716 | INFO     | core.portfolio:_open_long:76 - [BUY] BTC/USDT 0.029087 @ 63507.74 | 费用:1.8473 | 剩余现金:7382.60
2026-04-07 22:39:27.718 | INFO     | core.portfolio:_close_long:98 - [SELL] BTC/USDT 0.029087 @ 63730.12 | PnL:+4.6147 | 剩余现金:9234.48
2026-04-07 22:39:27.720 | INFO     | core.portfolio:_open_long:76 - [BUY] BTC/USDT 0.028687 @ 64414.09 | 费用:1.8478 | 剩余现金:7384.81
2026-04-07 22:39:27.724 | INFO     | core.portfolio:_close_long:98 - [SELL] BTC/USDT 0.028687 @ 65523.02 | PnL:+29.9318 | 剩余现金:9262.56
2026-04-07 22:39:27.726 | INFO     | core.portfolio:_open_long:76 - [BUY] BTC/USDT 0.028144 @ 65855.41 | 费用:1.8534 | 剩余现金:7407.27
2026-04-07 22:39:27.726 | INFO     | core.portfolio:_close_long:98 - [SELL] BTC/USDT 0.028144 @ 64738.61 | PnL:-33.2532 | 剩余现金:9227.45
2026-04-07 22:39:27.729 | INFO     | core.portfolio:_open_long:76 - [BUY] BTC/USDT 0.028874 @ 63946.96 | 费用:1.8464 | 剩余现金:7379.19
2026-04-07 22:39:27.729 | INFO     | core.portfolio:_close_long:98 - [SELL] BTC/USDT 0.028874 @ 62598.29 | PnL:-40.7492 | 剩余现金:9184.86
2026-04-07 22:39:27.733 | INFO     | core.portfolio:_open_long:76 - [BUY] BTC/USDT 0.030095 @ 61069.32 | 费用:1.8379 | 剩余现金:7345.13
2026-04-07 22:39:27.737 | INFO     | core.portfolio:_close_long:98 - [SELL] BTC/USDT 0.030095 @ 61703.33 | PnL:+17.2238 | 剩余现金:9200.24
2026-04-07 22:39:27.738 | INFO     | core.portfolio:_open_long:76 - [BUY] BTC/USDT 0.029340 @ 62746.86 | 费用:1.8410 | 剩余现金:7357.43
2026-04-07 22:39:27.741 | INFO     | core.portfolio:_close_long:98 - [SELL] BTC/USDT 0.029340 @ 62518.73 | PnL:-8.5276 | 剩余现金:9189.88
2026-04-07 22:39:27.746 | INFO     | core.portfolio:_open_long:76 - [BUY] BTC/USDT 0.030092 @ 61108.44 | 费用:1.8389 | 剩余现金:7349.14
2026-04-07 22:39:27.750 | INFO     | core.portfolio:_close_long:98 - [SELL] BTC/USDT 0.030092 @ 62786.59 | PnL:+48.6101 | 剩余现金:9236.65
2026-04-07 22:39:27.751 | INFO     | core.portfolio:_open_long:76 - [BUY] BTC/USDT 0.028725 @ 64342.15 | 费用:1.8483 | 剩余现金:7386.55
2026-04-07 22:39:27.757 | INFO     | core.portfolio:_close_long:98 - [SELL] BTC/USDT 0.028725 @ 67416.18 | PnL:+86.3658 | 剩余现金:9321.16
2026-04-07 22:39:27.758 | INFO     | core.portfolio:_open_long:76 - [BUY] BTC/USDT 0.027520 @ 67774.67 | 费用:1.8652 | 剩余现金:7454.13
2026-04-07 22:39:27.761 | INFO     | core.portfolio:_close_long:98 - [SELL] BTC/USDT 0.027520 @ 68075.85 | PnL:+6.4149 | 剩余现金:9325.71
2026-04-07 22:39:27.762 | INFO     | core.portfolio:_open_long:76 - [BUY] BTC/USDT 0.027282 @ 68400.38 | 费用:1.8661 | 剩余现金:7457.77
2026-04-07 22:39:27.764 | INFO     | core.portfolio:_close_long:98 - [SELL] BTC/USDT 0.027282 @ 68207.18 | PnL:-7.1317 | 剩余现金:9316.72
2026-04-07 22:39:27.767 | INFO     | core.portfolio:_open_long:76 - [BUY] BTC/USDT 0.027633 @ 67466.22 | 费用:1.8643 | 剩余现金:7450.58
2026-04-07 22:39:27.767 | INFO     | core.portfolio:_close_long:98 - [SELL] BTC/USDT 0.027633 @ 67139.81 | PnL:-10.8747 | 剩余现金:9303.98
2026-04-07 22:39:27.767 | INFO     | core.portfolio:_open_long:76 - [BUY] BTC/USDT 0.027629 @ 67383.37 | 费用:1.8617 | 剩余现金:7440.39
2026-04-07 22:39:27.768 | INFO     | core.portfolio:_close_long:98 - [SELL] BTC/USDT 0.027629 @ 66886.84 | PnL:-15.5667 | 剩余现金:9286.55
2026-04-07 22:39:27.769 | INFO     | core.portfolio:_open_long:76 - [BUY] BTC/USDT 0.027632 @ 67250.21 | 费用:1.8582 | 剩余现金:7426.45
2026-04-07 22:39:27.772 | INFO     | core.portfolio:_close_long:98 - [SELL] BTC/USDT 0.027632 @ 66800.58 | PnL:-14.2697 | 剩余现金:9270.42
2026-04-07 22:39:27.774 | INFO     | core.portfolio:_open_long:76 - [BUY] BTC/USDT 0.027560 @ 67307.54 | 费用:1.8550 | 剩余现金:7413.55
2026-04-07 22:39:27.779 | INFO     | core.portfolio:_close_long:98 - [SELL] BTC/USDT 0.027560 @ 71422.17 | PnL:+111.4318 | 剩余现金:9380.00
2026-04-07 22:39:27.781 | INFO     | core.portfolio:_open_long:76 - [BUY] BTC/USDT 0.025857 @ 72588.68 | 费用:1.8769 | 剩余现金:7501.18
2026-04-07 22:39:27.782 | INFO     | core.portfolio:_close_long:98 - [SELL] BTC/USDT 0.025857 @ 70568.60 | PnL:-54.0582 | 剩余现金:9324.06
2026-04-07 22:39:27.784 | INFO     | core.portfolio:_open_long:76 - [BUY] BTC/USDT 0.026916 @ 69317.94 | 费用:1.8657 | 剩余现金:7456.45
2026-04-07 22:39:27.784 | INFO     | core.portfolio:_close_long:98 - [SELL] BTC/USDT 0.026916 @ 69221.07 | PnL:-4.4705 | 剩余现金:9317.73
2026-04-07 22:39:27.788 | INFO     | core.portfolio:_open_long:76 - [BUY] BTC/USDT 0.027020 @ 69002.48 | 费用:1.8645 | 剩余现金:7451.38
2026-04-07 22:39:27.789 | INFO     | core.portfolio:_close_long:98 - [SELL] BTC/USDT 0.027020 @ 67724.02 | PnL:-36.3746 | 剩余现金:9279.49
2026-04-07 22:39:27.790 | INFO     | core.portfolio:_open_long:76 - [BUY] BTC/USDT 0.026985 @ 68810.49 | 费用:1.8568 | 剩余现金:7420.80
2026-04-07 22:39:27.792 | INFO     | core.portfolio:_close_long:98 - [SELL] BTC/USDT 0.026985 @ 73061.65 | PnL:+112.7445 | 剩余现金:9390.37
2026-04-07 22:39:27.798 | INFO     | core.portfolio:_open_long:76 - [BUY] BTC/USDT 0.024378 @ 77078.42 | 费用:1.8790 | 剩余现金:7509.48
2026-04-07 22:39:27.801 | INFO     | core.portfolio:_close_long:98 - [SELL] BTC/USDT 0.024378 @ 81946.91 | PnL:+116.6860 | 剩余现金:9505.18
2026-04-07 22:39:27.803 | INFO     | core.portfolio:_open_long:76 - [BUY] BTC/USDT 0.021459 @ 88632.69 | 费用:1.9020 | 剩余现金:7601.29
2026-04-07 22:39:27.804 | INFO     | core.portfolio:_close_long:98 - [SELL] BTC/USDT 0.021459 @ 86421.17 | PnL:-49.3121 | 剩余现金:9453.97
2026-04-07 22:39:27.804 | INFO     | core.portfolio:_open_long:76 - [BUY] BTC/USDT 0.020663 @ 91550.75 | 费用:1.8917 | 剩余现金:7560.34
2026-04-07 22:39:27.805 | INFO     | core.portfolio:_close_long:98 - [SELL] BTC/USDT 0.020663 @ 88489.03 | PnL:-65.0936 | 剩余现金:9386.98
2026-04-07 22:39:27.808 | INFO     | core.portfolio:_open_long:76 - [BUY] BTC/USDT 0.021230 @ 88476.32 | 费用:1.8783 | 剩余现金:7506.77
2026-04-07 22:39:27.810 | INFO     | core.portfolio:_close_long:98 - [SELL] BTC/USDT 0.021230 @ 90940.61 | PnL:+50.3858 | 剩余现金:9435.49
2026-04-07 22:39:27.811 | INFO     | core.portfolio:_open_long:76 - [BUY] BTC/USDT 0.020907 @ 90305.23 | 费用:1.8880 | 剩余现金:7545.56
2026-04-07 22:39:27.812 | INFO     | core.portfolio:_close_long:98 - [SELL] BTC/USDT 0.020907 @ 89905.12 | PnL:-10.2448 | 剩余现金:9423.36
2026-04-07 22:39:27.813 | INFO     | core.portfolio:_open_long:76 - [BUY] BTC/USDT 0.020550 @ 91758.16 | 费用:1.8856 | 剩余现金:7535.86
2026-04-07 22:39:27.818 | INFO     | core.portfolio:_close_long:98 - [SELL] BTC/USDT 0.020550 @ 97483.33 | PnL:+115.6481 | 剩余现金:9537.12
2026-04-07 22:39:27.824 | INFO     | core.portfolio:_open_long:76 - [BUY] BTC/USDT 0.019448 @ 98126.24 | 费用:1.9084 | 剩余现金:7626.83
2026-04-07 22:39:27.825 | INFO     | core.portfolio:_close_long:98 - [SELL] BTC/USDT 0.019448 @ 95185.68 | PnL:-59.0397 | 剩余现金:9476.17
2026-04-07 22:39:27.828 | INFO     | core.portfolio:_open_long:76 - [BUY] BTC/USDT 0.020292 @ 93446.90 | 费用:1.8962 | 剩余现金:7578.09
2026-04-07 22:39:27.830 | INFO     | core.portfolio:_close_long:98 - [SELL] BTC/USDT 0.020292 @ 95332.61 | PnL:+36.3295 | 剩余现金:9510.60
2026-04-07 22:39:27.831 | INFO     | core.portfolio:_open_long:76 - [BUY] BTC/USDT 0.019690 @ 96652.10 | 费用:1.9031 | 剩余现金:7605.63
2026-04-07 22:39:27.833 | INFO     | core.portfolio:_close_long:98 - [SELL] BTC/USDT 0.019690 @ 96728.81 | PnL:-0.3942 | 剩余现金:9508.31
2026-04-07 22:39:27.835 | INFO     | core.portfolio:_open_long:76 - [BUY] BTC/USDT 0.019649 @ 96830.19 | 费用:1.9026 | 剩余现金:7603.79
2026-04-07 22:39:27.836 | INFO     | core.portfolio:_close_long:98 - [SELL] BTC/USDT 0.019649 @ 95000.28 | PnL:-37.8226 | 剩余现金:9468.58
2026-04-07 22:39:27.838 | INFO     | core.portfolio:_open_long:76 - [BUY] BTC/USDT 0.019823 @ 95577.76 | 费用:1.8947 | 剩余现金:7572.02
2026-04-07 22:39:27.839 | INFO     | core.portfolio:_close_long:98 - [SELL] BTC/USDT 0.019823 @ 94772.49 | PnL:-17.8419 | 剩余现金:9448.85
2026-04-07 22:39:27.840 | INFO     | core.portfolio:_open_long:76 - [BUY] BTC/USDT 0.019714 @ 95907.33 | 费用:1.8907 | 剩余现金:7556.24
2026-04-07 22:39:27.842 | INFO     | core.portfolio:_close_long:98 - [SELL] BTC/USDT 0.019714 @ 102898.43 | PnL:+135.7937 | 剩余现金:9582.75
2026-04-07 22:39:27.844 | INFO     | core.portfolio:_open_long:76 - [BUY] BTC/USDT 0.018893 @ 101490.82 | 费用:1.9175 | 剩余现金:7663.32
2026-04-07 22:39:27.846 | INFO     | core.portfolio:_close_long:98 - [SELL] BTC/USDT 0.018893 @ 99364.59 | PnL:-42.0490 | 剩余现金:9538.78
2026-04-07 22:39:27.847 | INFO     | core.portfolio:_open_long:76 - [BUY] BTC/USDT 0.019082 @ 100025.79 | 费用:1.9087 | 剩余现金:7628.16
2026-04-07 22:39:27.847 | INFO     | core.portfolio:_close_long:98 - [SELL] BTC/USDT 0.019082 @ 99193.18 | PnL:-17.7808 | 剩余现金:9519.09
2026-04-07 22:39:27.848 | INFO     | core.portfolio:_open_long:76 - [BUY] BTC/USDT 0.019019 @ 100150.05 | 费用:1.9048 | 剩余现金:7612.42
2026-04-07 22:39:27.849 | INFO     | core.portfolio:_close_long:98 - [SELL] BTC/USDT 0.019019 @ 98998.98 | PnL:-23.7753 | 剩余现金:9493.41
2026-04-07 22:39:27.852 | INFO     | core.portfolio:_open_long:76 - [BUY] BTC/USDT 0.019438 @ 97727.24 | 费用:1.8996 | 剩余现金:7591.88
2026-04-07 22:39:27.855 | INFO     | core.portfolio:_close_long:98 - [SELL] BTC/USDT 0.019438 @ 100387.88 | PnL:+49.7665 | 剩余现金:9541.28
2026-04-07 22:39:27.856 | INFO     | core.portfolio:_open_long:76 - [BUY] BTC/USDT 0.018894 @ 101050.50 | 费用:1.9092 | 剩余现金:7630.16
2026-04-07 22:39:27.858 | INFO     | core.portfolio:_close_long:98 - [SELL] BTC/USDT 0.018894 @ 100839.06 | PnL:-5.9002 | 剩余现金:9533.47
2026-04-07 22:39:27.859 | INFO     | core.portfolio:_open_long:76 - [BUY] BTC/USDT 0.018664 @ 102208.48 | 费用:1.9076 | 剩余现金:7623.91
2026-04-07 22:39:27.864 | INFO     | core.portfolio:_close_long:98 - [SELL] BTC/USDT 0.018664 @ 106035.06 | PnL:+69.4412 | 剩余现金:9601.00
2026-04-07 22:39:27.869 | INFO     | core.portfolio:_open_long:76 - [BUY] BTC/USDT 0.019632 @ 97858.00 | 费用:1.9212 | 剩余现金:7677.92
2026-04-07 22:39:27.870 | INFO     | core.portfolio:_close_long:98 - [SELL] BTC/USDT 0.019632 @ 97402.17 | PnL:-10.8611 | 剩余现金:9588.22
2026-04-07 22:39:27.875 | INFO     | core.portfolio:_open_long:76 - [BUY] BTC/USDT 0.019677 @ 97505.73 | 费用:1.9186 | 剩余现金:7667.70
2026-04-07 22:39:27.878 | INFO     | core.portfolio:_close_long:98 - [SELL] BTC/USDT 0.019677 @ 95827.26 | PnL:-34.9125 | 剩余现金:9551.39
2026-04-07 22:39:27.880 | INFO     | core.portfolio:_open_long:76 - [BUY] BTC/USDT 0.019774 @ 96654.80 | 费用:1.9112 | 剩余现金:7638.25
2026-04-07 22:39:27.880 | INFO     | core.portfolio:_close_long:98 - [SELL] BTC/USDT 0.019774 @ 94124.81 | PnL:-51.8887 | 剩余现金:9497.59
2026-04-07 22:39:27.882 | INFO     | core.portfolio:_open_long:76 - [BUY] BTC/USDT 0.020028 @ 94890.32 | 费用:1.9005 | 剩余现金:7595.22
2026-04-07 22:39:27.884 | INFO     | core.portfolio:_close_long:98 - [SELL] BTC/USDT 0.020028 @ 93852.15 | PnL:-22.6722 | 剩余现金:9473.02
2026-04-07 22:39:27.895 | INFO     | core.backtester:run:82 - 回测完成: 最终权益 9473.02, 收益率 -5.27%
2026-04-07 22:39:29.360 | INFO     | analysis.visualizer:plot_backtest:101 - 图表已保存: logs/backtest_ma_crossover_BTC_USDT_2024-01-01_2024-12-31.png
2026-04-07 22:40:58.469 | INFO     | __main__:main:96 - 策略: rsi | 标的: BTC/USDT | 区间: 2024-01-01 → 2024-12-31
2026-04-07 22:40:58.472 | INFO     | core.exchange:__init__:36 - 交易所已切换至模拟盘(Demo Trading)
2026-04-07 22:40:58.472 | INFO     | core.data_feed:get_historical_data:33 - 从缓存加载: /Users/mi/Desktop/workspace/quant-dev/data/BTC_USDT_1h_2024-01-01_2024-12-31.parquet
2026-04-07 22:40:59.691 | INFO     | core.backtester:run:34 - 回测开始: BTC/USDT, 共 8562 根 K 线, 初始资金: 10000.0
2026-04-07 22:40:59.697 | INFO     | core.portfolio:_open_long:76 - [BUY] BTC/USDT 0.046556 @ 42980.28 | 费用:2.0010 | 剩余现金:7997.00
2026-04-07 22:40:59.700 | INFO     | core.portfolio:_close_long:98 - [SELL] BTC/USDT 0.046556 @ 43958.01 | PnL:+43.4729 | 剩余现金:10041.47
2026-04-07 22:40:59.705 | INFO     | core.portfolio:_open_long:76 - [BUY] BTC/USDT 0.048561 @ 41376.68 | 费用:2.0093 | 剩余现金:8030.16
2026-04-07 22:40:59.711 | INFO     | core.portfolio:_close_long:98 - [SELL] BTC/USDT 0.048561 @ 39800.39 | PnL:-78.4791 | 剩余现金:9960.98
2026-04-07 22:40:59.711 | INFO     | core.portfolio:_open_long:76 - [BUY] BTC/USDT 0.049580 @ 40201.69 | 费用:1.9932 | 剩余现金:7965.80
2026-04-07 22:40:59.712 | INFO     | core.portfolio:_close_long:98 - [SELL] BTC/USDT 0.049580 @ 38938.82 | PnL:-64.5435 | 剩余现金:9894.45
2026-04-07 22:40:59.712 | INFO     | core.portfolio:_open_long:76 - [BUY] BTC/USDT 0.050653 @ 39087.03 | 费用:1.9799 | 剩余现金:7912.59
2026-04-07 22:40:59.716 | INFO     | core.portfolio:_close_long:98 - [SELL] BTC/USDT 0.050653 @ 41263.36 | PnL:+108.1474 | 剩余现金:10000.61
2026-04-07 22:40:59.724 | INFO     | core.portfolio:_open_long:76 - [BUY] BTC/USDT 0.046899 @ 42668.62 | 费用:2.0011 | 剩余现金:7997.49
2026-04-07 22:40:59.734 | INFO     | core.portfolio:_close_long:98 - [SELL] BTC/USDT 0.046899 @ 44115.03 | PnL:+65.7664 | 剩余现金:10064.38
2026-04-07 22:40:59.747 | INFO     | core.portfolio:_open_long:76 - [BUY] BTC/USDT 0.039302 @ 51241.61 | 费用:2.0139 | 剩余现金:8048.48
2026-04-07 22:40:59.751 | INFO     | core.portfolio:_close_long:98 - [SELL] BTC/USDT 0.039302 @ 52812.48 | PnL:+59.6623 | 剩余现金:10122.03
2026-04-07 22:40:59.759 | INFO     | core.portfolio:_open_long:76 - [BUY] BTC/USDT 0.039557 @ 51202.29 | 费用:2.0254 | 剩余现金:8094.58
2026-04-07 22:40:59.760 | INFO     | core.portfolio:_close_long:98 - [SELL] BTC/USDT 0.039557 @ 52815.78 | PnL:+61.7359 | 剩余现金:10181.74
2026-04-07 22:40:59.771 | INFO     | core.portfolio:_open_long:76 - [BUY] BTC/USDT 0.032058 @ 63551.56 | 费用:2.0374 | 剩余现金:8142.34
2026-04-07 22:40:59.773 | INFO     | core.portfolio:_close_long:98 - [SELL] BTC/USDT 0.032058 @ 67559.20 | PnL:+126.3131 | 剩余现金:10306.01
2026-04-07 22:40:59.783 | INFO     | core.portfolio:_open_long:76 - [BUY] BTC/USDT 0.028893 @ 71375.67 | 费用:2.0622 | 剩余现金:8241.72
2026-04-07 22:40:59.783 | INFO     | core.portfolio:_close_long:98 - [SELL] BTC/USDT 0.028893 @ 68981.49 | PnL:-71.1672 | 剩余现金:10232.78
2026-04-07 22:40:59.784 | INFO     | core.portfolio:_open_long:76 - [BUY] BTC/USDT 0.029806 @ 68697.33 | 费用:2.0476 | 剩余现金:8183.16
2026-04-07 22:40:59.784 | INFO     | core.portfolio:_close_long:98 - [SELL] BTC/USDT 0.029806 @ 65346.61 | PnL:-101.8187 | 剩余现金:10128.92
2026-04-07 22:40:59.784 | INFO     | core.portfolio:_open_long:76 - [BUY] BTC/USDT 0.030126 @ 67277.62 | 费用:2.0268 | 剩余现金:8100.10
2026-04-07 22:40:59.786 | INFO     | core.portfolio:_close_long:98 - [SELL] BTC/USDT 0.030126 @ 63465.35 | PnL:-116.7599 | 剩余现金:10010.13
2026-04-07 22:40:59.786 | INFO     | core.portfolio:_open_long:76 - [BUY] BTC/USDT 0.030689 @ 65268.32 | 费用:2.0030 | 剩余现金:8005.10
2026-04-07 22:40:59.790 | INFO     | core.portfolio:_close_long:98 - [SELL] BTC/USDT 0.030689 @ 61697.54 | PnL:-111.4776 | 剩余现金:9896.65
2026-04-07 22:40:59.790 | INFO     | core.portfolio:_open_long:76 - [BUY] BTC/USDT 0.031335 @ 63198.68 | 费用:1.9803 | 剩余现金:7914.35
2026-04-07 22:40:59.792 | INFO     | core.portfolio:_close_long:98 - [SELL] BTC/USDT 0.031335 @ 67023.67 | PnL:+117.7552 | 剩余现金:10012.43
2026-04-07 22:40:59.794 | INFO     | core.portfolio:_open_long:76 - [BUY] BTC/USDT 0.031932 @ 62741.86 | 费用:2.0035 | 剩余现金:8006.94
2026-04-07 22:40:59.797 | INFO     | core.portfolio:_close_long:98 - [SELL] BTC/USDT 0.031932 @ 66503.33 | PnL:+117.9887 | 剩余现金:10128.41
2026-04-07 22:40:59.808 | INFO     | core.portfolio:_open_long:76 - [BUY] BTC/USDT 0.029535 @ 68620.29 | 费用:2.0267 | 剩余现金:8099.69
2026-04-07 22:40:59.809 | INFO     | core.portfolio:_close_long:98 - [SELL] BTC/USDT 0.029535 @ 66434.57 | PnL:-66.5174 | 剩余现金:10059.87
2026-04-07 22:40:59.810 | INFO     | core.portfolio:_open_long:76 - [BUY] BTC/USDT 0.030697 @ 65576.57 | 费用:2.0130 | 剩余现金:8044.87
2026-04-07 22:40:59.812 | INFO     | core.portfolio:_close_long:98 - [SELL] BTC/USDT 0.030697 @ 67670.35 | PnL:+62.1946 | 剩余现金:10120.05
2026-04-07 22:40:59.819 | INFO     | core.portfolio:_open_long:76 - [BUY] BTC/USDT 0.029386 @ 68912.14 | 费用:2.0250 | 剩余现金:8093.00
2026-04-07 22:40:59.820 | INFO     | core.portfolio:_close_long:98 - [SELL] BTC/USDT 0.029386 @ 65993.19 | PnL:-87.7143 | 剩余现金:10030.31
2026-04-07 22:40:59.821 | INFO     | core.portfolio:_open_long:76 - [BUY] BTC/USDT 0.029199 @ 68738.45 | 费用:2.0071 | 剩余现金:8021.24
2026-04-07 22:40:59.824 | INFO     | core.portfolio:_close_long:98 - [SELL] BTC/USDT 0.029199 @ 66360.60 | PnL:-71.3674 | 剩余现金:9956.93
2026-04-07 22:40:59.824 | INFO     | core.portfolio:_open_long:76 - [BUY] BTC/USDT 0.029667 @ 67157.96 | 费用:1.9924 | 剩余现金:7962.56
2026-04-07 22:40:59.824 | INFO     | core.portfolio:_close_long:98 - [SELL] BTC/USDT 0.029667 @ 64610.38 | PnL:-77.4962 | 剩余现金:9877.45
2026-04-07 22:40:59.825 | INFO     | core.portfolio:_open_long:76 - [BUY] BTC/USDT 0.032042 @ 61684.83 | 费用:1.9765 | 剩余现金:7898.99
2026-04-07 22:40:59.827 | INFO     | core.portfolio:_close_long:98 - [SELL] BTC/USDT 0.032042 @ 65637.36 | PnL:+124.5423 | 剩余现金:10000.01
2026-04-07 22:40:59.831 | INFO     | core.portfolio:_open_long:76 - [BUY] BTC/USDT 0.032882 @ 60854.71 | 费用:2.0010 | 剩余现金:7997.01
2026-04-07 22:40:59.832 | INFO     | core.portfolio:_close_long:98 - [SELL] BTC/USDT 0.032882 @ 63598.19 | PnL:+88.1187 | 剩余现金:10086.13
2026-04-07 22:40:59.840 | INFO     | core.portfolio:_open_long:76 - [BUY] BTC/USDT 0.031089 @ 64917.04 | 费用:2.0182 | 剩余现金:8065.88
2026-04-07 22:40:59.844 | INFO     | core.portfolio:_close_long:98 - [SELL] BTC/USDT 0.031089 @ 62564.70 | PnL:-75.0780 | 剩余现金:10009.03
2026-04-07 22:40:59.846 | INFO     | core.portfolio:_open_long:76 - [BUY] BTC/USDT 0.032009 @ 62570.87 | 费用:2.0028 | 剩余现金:8004.22
2026-04-07 22:40:59.848 | INFO     | core.portfolio:_close_long:98 - [SELL] BTC/USDT 0.032009 @ 64549.61 | PnL:+61.2706 | 剩余现金:10068.30
2026-04-07 22:40:59.848 | INFO     | core.portfolio:_open_long:76 - [BUY] BTC/USDT 0.032877 @ 61278.62 | 费用:2.0147 | 剩余现金:8051.62
2026-04-07 22:40:59.849 | INFO     | core.portfolio:_close_long:98 - [SELL] BTC/USDT 0.032877 @ 59252.26 | PnL:-68.5692 | 剩余现金:9997.72
2026-04-07 22:40:59.849 | INFO     | core.portfolio:_open_long:76 - [BUY] BTC/USDT 0.033350 @ 59986.38 | 费用:2.0005 | 剩余现金:7995.17
2026-04-07 22:40:59.850 | INFO     | core.portfolio:_close_long:98 - [SELL] BTC/USDT 0.033350 @ 57471.55 | PnL:-85.7861 | 剩余现金:9909.93
2026-04-07 22:40:59.850 | INFO     | core.portfolio:_open_long:76 - [BUY] BTC/USDT 0.034230 @ 57930.75 | 费用:1.9830 | 剩余现金:7924.97
2026-04-07 22:40:59.853 | INFO     | core.portfolio:_close_long:98 - [SELL] BTC/USDT 0.034230 @ 61658.06 | PnL:+125.4756 | 剩余现金:10033.42
2026-04-07 22:40:59.860 | INFO     | core.portfolio:_open_long:76 - [BUY] BTC/USDT 0.032682 @ 61431.70 | 费用:2.0077 | 剩余现金:8023.73
2026-04-07 22:40:59.869 | INFO     | core.portfolio:_close_long:98 - [SELL] BTC/USDT 0.032682 @ 63710.03 | PnL:+72.3773 | 剩余现金:10103.79
2026-04-07 22:40:59.875 | INFO     | core.portfolio:_open_long:76 - [BUY] BTC/USDT 0.030542 @ 66197.28 | 费用:2.0218 | 剩余现金:8080.00
2026-04-07 22:40:59.876 | INFO     | core.portfolio:_close_long:98 - [SELL] BTC/USDT 0.030542 @ 68161.70 | PnL:+57.9147 | 剩余现金:10159.69
2026-04-07 22:40:59.880 | INFO     | core.portfolio:_open_long:76 - [BUY] BTC/USDT 0.029848 @ 68110.74 | 费用:2.0330 | 剩余现金:8124.70
2026-04-07 22:40:59.886 | INFO     | core.portfolio:_close_long:98 - [SELL] BTC/USDT 0.029848 @ 70335.61 | PnL:+64.3082 | 剩余现金:10221.96
2026-04-07 22:40:59.902 | INFO     | core.portfolio:_open_long:76 - [BUY] BTC/USDT 0.029507 @ 69318.54 | 费用:2.0454 | 剩余现金:8174.50
2026-04-07 22:40:59.907 | INFO     | core.portfolio:_close_long:98 - [SELL] BTC/USDT 0.029507 @ 67049.96 | PnL:-68.9186 | 剩余现金:10151.00
2026-04-07 22:40:59.907 | INFO     | core.portfolio:_open_long:76 - [BUY] BTC/USDT 0.030407 @ 66800.48 | 费用:2.0312 | 剩余现金:8117.75
2026-04-07 22:40:59.908 | INFO     | core.portfolio:_close_long:98 - [SELL] BTC/USDT 0.030407 @ 69305.53 | PnL:+74.0640 | 剩余现金:10223.03
2026-04-07 22:40:59.916 | INFO     | core.portfolio:_open_long:76 - [BUY] BTC/USDT 0.031233 @ 65496.13 | 费用:2.0456 | 剩余现金:8175.36
2026-04-07 22:40:59.920 | INFO     | core.portfolio:_close_long:98 - [SELL] BTC/USDT 0.031233 @ 66175.10 | PnL:+19.1391 | 剩余现金:10240.12
2026-04-07 22:40:59.921 | INFO     | core.portfolio:_open_long:76 - [BUY] BTC/USDT 0.031952 @ 64129.25 | 费用:2.0490 | 剩余现金:8189.03
2026-04-07 22:40:59.926 | INFO     | core.portfolio:_close_long:98 - [SELL] BTC/USDT 0.031952 @ 61368.60 | PnL:-90.1687 | 剩余现金:10147.91
2026-04-07 22:40:59.926 | INFO     | core.portfolio:_open_long:76 - [BUY] BTC/USDT 0.032966 @ 61597.08 | 费用:2.0306 | 剩余现金:8115.28
2026-04-07 22:40:59.926 | INFO     | core.portfolio:_close_long:98 - [SELL] BTC/USDT 0.032966 @ 59310.33 | PnL:-77.3398 | 剩余现金:10068.54
2026-04-07 22:40:59.926 | INFO     | core.portfolio:_open_long:76 - [BUY] BTC/USDT 0.033506 @ 60129.65 | 费用:2.0147 | 剩余现金:8051.81
2026-04-07 22:40:59.934 | INFO     | core.portfolio:_close_long:98 - [SELL] BTC/USDT 0.033506 @ 62028.87 | PnL:+61.5572 | 剩余现金:10128.08
2026-04-07 22:40:59.937 | INFO     | core.portfolio:_open_long:76 - [BUY] BTC/USDT 0.033142 @ 61149.86 | 费用:2.0266 | 剩余现金:8099.42
2026-04-07 22:40:59.939 | INFO     | core.portfolio:_close_long:98 - [SELL] BTC/USDT 0.033142 @ 58534.72 | PnL:-88.6110 | 剩余现金:10037.44
2026-04-07 22:40:59.939 | INFO     | core.portfolio:_open_long:76 - [BUY] BTC/USDT 0.034043 @ 58997.98 | 费用:2.0085 | 剩余现金:8026.94
2026-04-07 22:40:59.939 | INFO     | core.portfolio:_close_long:98 - [SELL] BTC/USDT 0.034043 @ 55783.29 | PnL:-111.3380 | 剩余现金:9924.09
2026-04-07 22:40:59.939 | INFO     | core.portfolio:_open_long:76 - [BUY] BTC/USDT 0.034559 @ 57462.02 | 费用:1.9858 | 剩余现金:7936.30
2026-04-07 22:40:59.940 | INFO     | core.portfolio:_close_long:98 - [SELL] BTC/USDT 0.034559 @ 55200.69 | PnL:-80.0563 | 剩余现金:9842.05
2026-04-07 22:40:59.940 | INFO     | core.portfolio:_open_long:76 - [BUY] BTC/USDT 0.035921 @ 54826.40 | 费用:1.9694 | 剩余现金:7870.69
2026-04-07 22:40:59.943 | INFO     | core.portfolio:_close_long:98 - [SELL] BTC/USDT 0.035921 @ 57933.52 | PnL:+109.5284 | 剩余现金:9949.61
2026-04-07 22:40:59.945 | INFO     | core.portfolio:_open_long:76 - [BUY] BTC/USDT 0.035931 @ 55408.69 | 费用:1.9909 | 剩余现金:7956.70
2026-04-07 22:40:59.947 | INFO     | core.portfolio:_close_long:98 - [SELL] BTC/USDT 0.035931 @ 59302.33 | PnL:+137.7736 | 剩余现金:10085.39
2026-04-07 22:40:59.965 | INFO     | core.portfolio:_open_long:76 - [BUY] BTC/USDT 0.030295 @ 66614.89 | 费用:2.0181 | 剩余现金:8065.29
2026-04-07 22:40:59.967 | INFO     | core.portfolio:_close_long:98 - [SELL] BTC/USDT 0.030295 @ 64441.66 | PnL:-67.7898 | 剩余现金:10015.59
2026-04-07 22:40:59.974 | INFO     | core.portfolio:_open_long:76 - [BUY] BTC/USDT 0.029708 @ 67461.01 | 费用:2.0041 | 剩余现金:8009.46
2026-04-07 22:40:59.977 | INFO     | core.portfolio:_close_long:98 - [SELL] BTC/USDT 0.029708 @ 65237.07 | PnL:-68.0067 | 剩余现金:9945.57
2026-04-07 22:40:59.977 | INFO     | core.portfolio:_open_long:76 - [BUY] BTC/USDT 0.030613 @ 65008.39 | 费用:1.9901 | 剩余现金:7953.48
2026-04-07 22:40:59.978 | INFO     | core.portfolio:_close_long:98 - [SELL] BTC/USDT 0.030613 @ 62768.50 | PnL:-70.4915 | 剩余现金:9873.09
2026-04-07 22:40:59.978 | INFO     | core.portfolio:_open_long:76 - [BUY] BTC/USDT 0.031235 @ 63250.51 | 费用:1.9756 | 剩余现金:7895.51
2026-04-07 22:40:59.980 | INFO     | core.portfolio:_close_long:98 - [SELL] BTC/USDT 0.031235 @ 61112.23 | PnL:-68.6972 | 剩余现金:9802.42
2026-04-07 22:40:59.980 | INFO     | core.portfolio:_open_long:76 - [BUY] BTC/USDT 0.031908 @ 61472.02 | 费用:1.9615 | 剩余现金:7838.99
2026-04-07 22:40:59.982 | INFO     | core.portfolio:_close_long:98 - [SELL] BTC/USDT 0.031908 @ 59554.31 | PnL:-63.0911 | 剩余现金:9737.37
2026-04-07 22:40:59.983 | INFO     | core.portfolio:_open_long:76 - [BUY] BTC/USDT 0.033137 @ 58799.69 | 费用:1.9484 | 剩余现金:7786.97
2026-04-07 22:40:59.983 | INFO     | core.portfolio:_close_long:98 - [SELL] BTC/USDT 0.033137 @ 56138.52 | PnL:-90.0435 | 剩余现金:9645.38
2026-04-07 22:40:59.984 | INFO     | core.portfolio:_open_long:76 - [BUY] BTC/USDT 0.037095 @ 52030.00 | 费用:1.9300 | 剩余现金:7713.41
2026-04-07 22:40:59.985 | INFO     | core.portfolio:_close_long:98 - [SELL] BTC/USDT 0.037095 @ 56012.48 | PnL:+145.6512 | 剩余现金:9789.10
2026-04-07 22:40:59.993 | INFO     | core.portfolio:_open_long:76 - [BUY] BTC/USDT 0.033347 @ 58739.15 | 费用:1.9588 | 剩余现金:7828.34
2026-04-07 22:40:59.997 | INFO     | core.portfolio:_close_long:98 - [SELL] BTC/USDT 0.033347 @ 56933.52 | PnL:-62.1119 | 剩余现金:9725.03
2026-04-07 22:40:59.997 | INFO     | core.portfolio:_open_long:76 - [BUY] BTC/USDT 0.033351 @ 58349.26 | 费用:1.9460 | 剩余现金:7777.10
2026-04-07 22:41:00.004 | INFO     | core.portfolio:_close_long:98 - [SELL] BTC/USDT 0.033351 @ 60453.66 | PnL:+68.1666 | 剩余现金:9791.25
2026-04-07 22:41:00.014 | INFO     | core.portfolio:_open_long:76 - [BUY] BTC/USDT 0.031619 @ 61964.27 | 费用:1.9592 | 剩余现金:7830.06
2026-04-07 22:41:00.015 | INFO     | core.portfolio:_close_long:98 - [SELL] BTC/USDT 0.031619 @ 59470.15 | PnL:-80.7411 | 剩余现金:9708.55
2026-04-07 22:41:00.015 | INFO     | core.portfolio:_open_long:76 - [BUY] BTC/USDT 0.032782 @ 59261.02 | 费用:1.9427 | 剩余现金:7763.92
2026-04-07 22:41:00.050 | INFO     | core.portfolio:_close_long:98 - [SELL] BTC/USDT 0.032782 @ 57281.05 | PnL:-66.7847 | 剩余现金:9639.82
2026-04-07 22:41:00.054 | INFO     | core.portfolio:_open_long:76 - [BUY] BTC/USDT 0.033973 @ 56778.38 | 费用:1.9289 | 剩余现金:7708.96
2026-04-07 22:41:00.057 | INFO     | core.portfolio:_close_long:98 - [SELL] BTC/USDT 0.033973 @ 54694.54 | PnL:-72.6521 | 剩余现金:9565.24
2026-04-07 22:41:00.058 | INFO     | core.portfolio:_open_long:76 - [BUY] BTC/USDT 0.035579 @ 53796.28 | 费用:1.9140 | 剩余现金:7649.32
2026-04-07 22:41:00.062 | INFO     | core.portfolio:_close_long:98 - [SELL] BTC/USDT 0.035579 @ 57061.75 | PnL:+114.1511 | 剩余现金:9677.48
2026-04-07 22:41:00.071 | INFO     | core.portfolio:_open_long:76 - [BUY] BTC/USDT 0.032991 @ 58697.43 | 费用:1.9365 | 剩余现金:7739.08
2026-04-07 22:41:00.073 | INFO     | core.portfolio:_close_long:98 - [SELL] BTC/USDT 0.032991 @ 61100.53 | PnL:+77.2640 | 剩余现金:9752.80
2026-04-07 22:41:00.090 | INFO     | core.portfolio:_open_long:76 - [BUY] BTC/USDT 0.030211 @ 64596.28 | 费用:1.9515 | 剩余现金:7799.32
2026-04-07 22:41:00.092 | INFO     | core.portfolio:_close_long:98 - [SELL] BTC/USDT 0.030211 @ 62558.71 | PnL:-63.4478 | 剩余现金:9687.40
2026-04-07 22:41:00.093 | INFO     | core.portfolio:_open_long:76 - [BUY] BTC/USDT 0.031489 @ 61558.66 | 费用:1.9384 | 剩余现金:7747.02
2026-04-07 22:41:00.099 | INFO     | core.portfolio:_close_long:98 - [SELL] BTC/USDT 0.031489 @ 62684.14 | PnL:+33.4668 | 剩余现金:9718.93
2026-04-07 22:41:00.104 | INFO     | core.portfolio:_open_long:76 - [BUY] BTC/USDT 0.031915 @ 60935.25 | 费用:1.9448 | 剩余现金:7772.23
2026-04-07 22:41:00.106 | INFO     | core.portfolio:_close_long:98 - [SELL] BTC/USDT 0.031915 @ 62236.07 | PnL:+39.5294 | 剩余现金:9756.52
2026-04-07 22:41:00.120 | INFO     | core.portfolio:_open_long:76 - [BUY] BTC/USDT 0.028873 @ 67615.89 | 费用:1.9523 | 剩余现金:7802.29
2026-04-07 22:41:00.128 | INFO     | core.portfolio:_close_long:98 - [SELL] BTC/USDT 0.028873 @ 67750.11 | PnL:+1.9191 | 剩余现金:9756.48
2026-04-07 22:41:00.136 | INFO     | core.portfolio:_open_long:76 - [BUY] BTC/USDT 0.028449 @ 68624.29 | 费用:1.9523 | 剩余现金:7802.26
2026-04-07 22:41:00.140 | INFO     | core.portfolio:_close_long:98 - [SELL] BTC/USDT 0.028449 @ 69941.01 | PnL:+35.4692 | 剩余现金:9790.00
2026-04-07 22:41:00.165 | INFO     | core.portfolio:_open_long:76 - [BUY] BTC/USDT 0.020308 @ 96463.51 | 费用:1.9590 | 剩余现金:7829.06
2026-04-07 22:41:00.167 | INFO     | core.portfolio:_close_long:98 - [SELL] BTC/USDT 0.020308 @ 92958.50 | PnL:-73.0675 | 剩余现金:9714.97
2026-04-07 22:41:00.167 | INFO     | core.portfolio:_open_long:76 - [BUY] BTC/USDT 0.020710 @ 93865.71 | 费用:1.9440 | 剩余现金:7769.06
2026-04-07 22:41:00.169 | INFO     | core.portfolio:_close_long:98 - [SELL] BTC/USDT 0.020710 @ 96183.78 | PnL:+46.0155 | 剩余现金:9759.05
2026-04-07 22:41:00.177 | INFO     | core.portfolio:_open_long:76 - [BUY] BTC/USDT 0.020497 @ 95270.31 | 费用:1.9528 | 剩余现金:7804.31
2026-04-07 22:41:00.179 | INFO     | core.portfolio:_close_long:98 - [SELL] BTC/USDT 0.020497 @ 98699.43 | PnL:+68.2645 | 剩余现金:9825.36
2026-04-07 22:41:00.197 | INFO     | core.portfolio:_open_long:76 - [BUY] BTC/USDT 0.018935 @ 103830.79 | 费用:1.9661 | 剩余现金:7857.34
2026-04-07 22:41:00.198 | INFO     | core.portfolio:_close_long:98 - [SELL] BTC/USDT 0.018935 @ 100153.80 | PnL:-71.5209 | 剩余现金:9751.87
2026-04-07 22:41:00.198 | INFO     | core.portfolio:_open_long:76 - [BUY] BTC/USDT 0.019345 @ 100869.01 | 费用:1.9513 | 剩余现金:7798.57
2026-04-07 22:41:00.199 | INFO     | core.portfolio:_close_long:98 - [SELL] BTC/USDT 0.019345 @ 97163.49 | PnL:-73.5643 | 剩余现金:9676.35
2026-04-07 22:41:00.200 | INFO     | core.portfolio:_open_long:76 - [BUY] BTC/USDT 0.019868 @ 97456.00 | 费用:1.9362 | 剩余现金:7738.18
2026-04-07 22:41:00.200 | INFO     | core.portfolio:_close_long:98 - [SELL] BTC/USDT 0.019868 @ 94314.42 | PnL:-64.2903 | 剩余现金:9610.13
2026-04-07 22:41:00.201 | INFO     | core.portfolio:_open_long:76 - [BUY] BTC/USDT 0.020461 @ 93981.67 | 费用:1.9230 | 剩余现金:7685.22
2026-04-07 22:41:00.206 | INFO     | core.portfolio:_close_long:98 - [SELL] BTC/USDT 0.020461 @ 98254.95 | PnL:+85.4264 | 剩余现金:9693.63
2026-04-07 22:41:00.209 | INFO     | core.portfolio:_open_long:76 - [BUY] BTC/USDT 0.020260 @ 95740.05 | 费用:1.9397 | 剩余现金:7752.00
2026-04-07 22:41:00.215 | INFO     | core.portfolio:_close_long:98 - [SELL] BTC/USDT 0.020260 @ 92644.55 | PnL:-64.5917 | 剩余现金:9627.10
2026-04-07 22:41:00.215 | INFO     | core.portfolio:_open_long:76 - [BUY] BTC/USDT 0.020901 @ 92169.06 | 费用:1.9264 | 剩余现金:7698.79
2026-04-07 22:41:00.216 | INFO     | core.portfolio:_close_long:98 - [SELL] BTC/USDT 0.020901 @ 92415.57 | PnL:+3.2206 | 剩余现金:9628.39
2026-04-07 22:41:00.225 | INFO     | core.backtester:run:82 - 回测完成: 最终权益 9631.29, 收益率 -3.69%
2026-04-07 22:41:03.320 | INFO     | __main__:main:96 - 策略: bollinger_bands | 标的: BTC/USDT | 区间: 2024-01-01 → 2024-12-31
2026-04-07 22:41:03.323 | INFO     | core.exchange:__init__:36 - 交易所已切换至模拟盘(Demo Trading)
2026-04-07 22:41:03.323 | INFO     | core.data_feed:get_historical_data:33 - 从缓存加载: /Users/mi/Desktop/workspace/quant-dev/data/BTC_USDT_1h_2024-01-01_2024-12-31.parquet
2026-04-07 22:41:03.405 | INFO     | core.backtester:run:34 - 回测开始: BTC/USDT, 共 8562 根 K 线, 初始资金: 10000.0
2026-04-07 22:41:03.413 | INFO     | core.portfolio:_open_long:76 - [BUY] BTC/USDT 0.044971 @ 44495.24 | 费用:2.0010 | 剩余现金:7997.00
2026-04-07 22:41:03.413 | INFO     | core.portfolio:_close_long:98 - [SELL] BTC/USDT 0.044971 @ 43622.58 | PnL:-41.2062 | 剩余现金:9956.79
2026-04-07 22:41:03.413 | INFO     | core.portfolio:_open_long:76 - [BUY] BTC/USDT 0.045465 @ 43821.80 | 费用:1.9924 | 剩余现金:7962.45
2026-04-07 22:41:03.413 | INFO     | core.portfolio:_close_long:98 - [SELL] BTC/USDT 0.045465 @ 43461.56 | PnL:-18.3543 | 剩余现金:9936.45
2026-04-07 22:41:03.428 | INFO     | core.portfolio:_open_long:76 - [BUY] BTC/USDT 0.047877 @ 41529.25 | 费用:1.9883 | 剩余现金:7946.17
2026-04-07 22:41:03.428 | INFO     | core.portfolio:_close_long:98 - [SELL] BTC/USDT 0.047877 @ 41010.18 | PnL:-26.8148 | 剩余现金:9907.64
2026-04-07 22:41:03.428 | INFO     | core.portfolio:_open_long:76 - [BUY] BTC/USDT 0.048512 @ 40866.22 | 费用:1.9825 | 剩余现金:7923.14
2026-04-07 22:41:03.428 | INFO     | core.portfolio:_close_long:98 - [SELL] BTC/USDT 0.048512 @ 41104.64 | PnL:+9.5720 | 剩余现金:9915.23
2026-04-07 22:41:03.430 | INFO     | core.portfolio:_open_long:76 - [BUY] BTC/USDT 0.049083 @ 40422.10 | 费用:1.9840 | 剩余现金:7929.21
2026-04-07 22:41:03.430 | INFO     | core.portfolio:_close_long:98 - [SELL] BTC/USDT 0.049083 @ 41797.09 | PnL:+65.4371 | 剩余现金:9978.69
2026-04-07 22:41:03.436 | INFO     | core.portfolio:_open_long:76 - [BUY] BTC/USDT 0.048926 @ 40811.20 | 费用:1.9967 | 剩余现金:7979.95
2026-04-07 22:41:03.436 | INFO     | core.portfolio:_close_long:98 - [SELL] BTC/USDT 0.048926 @ 41115.13 | PnL:+12.8589 | 剩余现金:9989.55
2026-04-07 22:41:03.438 | INFO     | core.portfolio:_open_long:76 - [BUY] BTC/USDT 0.050173 @ 39840.21 | 费用:1.9989 | 剩余现金:7988.64
2026-04-07 22:41:03.438 | INFO     | core.portfolio:_close_long:98 - [SELL] BTC/USDT 0.050173 @ 40161.51 | PnL:+14.1056 | 剩余现金:10001.65
2026-04-07 22:41:03.438 | INFO     | core.portfolio:_open_long:76 - [BUY] BTC/USDT 0.050550 @ 39590.79 | 费用:2.0013 | 剩余现金:7998.32
2026-04-07 22:41:03.438 | INFO     | core.portfolio:_close_long:98 - [SELL] BTC/USDT 0.050550 @ 39851.56 | PnL:+11.1680 | 剩余现金:10010.82
2026-04-07 22:41:03.439 | INFO     | core.portfolio:_open_long:76 - [BUY] BTC/USDT 0.051392 @ 38977.78 | 费用:2.0032 | 剩余现金:8005.65
2026-04-07 22:41:03.440 | INFO     | core.portfolio:_close_long:98 - [SELL] BTC/USDT 0.051392 @ 38892.54 | PnL:-6.3792 | 剩余现金:10002.44
2026-04-07 22:41:03.440 | INFO     | core.portfolio:_open_long:76 - [BUY] BTC/USDT 0.051497 @ 38866.22 | 费用:2.0015 | 剩余现金:7998.95
2026-04-07 22:41:03.440 | INFO     | core.portfolio:_close_long:98 - [SELL] BTC/USDT 0.051497 @ 39047.97 | PnL:+7.3483 | 剩余现金:10007.79
2026-04-07 22:41:03.458 | INFO     | core.portfolio:_open_long:76 - [BUY] BTC/USDT 0.047199 @ 42427.90 | 费用:2.0026 | 剩余现金:8003.23
2026-04-07 22:41:03.459 | INFO     | core.portfolio:_close_long:98 - [SELL] BTC/USDT 0.047199 @ 42625.98 | PnL:+7.3370 | 剩余现金:10013.12
2026-04-07 22:41:03.499 | INFO     | core.portfolio:_open_long:76 - [BUY] BTC/USDT 0.039124 @ 51211.69 | 费用:2.0036 | 剩余现金:8007.49
2026-04-07 22:41:03.499 | INFO     | core.portfolio:_close_long:98 - [SELL] BTC/USDT 0.039124 @ 50816.18 | PnL:-17.4624 | 剩余现金:9993.65
2026-04-07 22:41:03.499 | INFO     | core.portfolio:_open_long:76 - [BUY] BTC/USDT 0.039203 @ 51008.99 | 费用:1.9997 | 剩余现金:7991.92
2026-04-07 22:41:03.499 | INFO     | core.portfolio:_close_long:98 - [SELL] BTC/USDT 0.039203 @ 50921.93 | PnL:-5.4096 | 剩余现金:9986.24
2026-04-07 22:41:03.521 | INFO     | core.portfolio:_open_long:76 - [BUY] BTC/USDT 0.039200 @ 50975.47 | 费用:1.9982 | 剩余现金:7986.00
2026-04-07 22:41:03.521 | INFO     | core.portfolio:_close_long:98 - [SELL] BTC/USDT 0.039200 @ 51151.11 | PnL:+4.8799 | 剩余现金:9989.13
2026-04-07 22:41:03.540 | INFO     | core.portfolio:_open_long:76 - [BUY] BTC/USDT 0.032386 @ 61718.74 | 费用:1.9988 | 剩余现金:7988.30
2026-04-07 22:41:03.540 | INFO     | core.portfolio:_close_long:98 - [SELL] BTC/USDT 0.032386 @ 61706.53 | PnL:-2.3939 | 剩余现金:9984.73
2026-04-07 22:41:03.561 | INFO     | core.portfolio:_open_long:76 - [BUY] BTC/USDT 0.028180 @ 70900.03 | 费用:1.9979 | 剩余现金:7984.79
2026-04-07 22:41:03.561 | INFO     | core.portfolio:_close_long:98 - [SELL] BTC/USDT 0.028180 @ 71304.33 | PnL:+9.3837 | 剩余现金:9992.12
2026-04-07 22:41:03.561 | INFO     | core.portfolio:_open_long:76 - [BUY] BTC/USDT 0.028466 @ 70238.10 | 费用:1.9994 | 剩余现金:7990.70
2026-04-07 22:41:03.561 | INFO     | core.portfolio:_close_long:98 - [SELL] BTC/USDT 0.028466 @ 70064.95 | PnL:-6.9235 | 剩余现金:9983.20
2026-04-07 22:41:03.562 | INFO     | core.portfolio:_open_long:76 - [BUY] BTC/USDT 0.029271 @ 68246.11 | 费用:1.9976 | 剩余现金:7983.56
2026-04-07 22:41:03.562 | INFO     | core.portfolio:_close_long:98 - [SELL] BTC/USDT 0.029271 @ 67427.17 | PnL:-25.9448 | 剩余现金:9955.25
2026-04-07 22:41:03.562 | INFO     | core.portfolio:_open_long:76 - [BUY] BTC/USDT 0.029521 @ 67479.52 | 费用:1.9920 | 剩余现金:7961.22
2026-04-07 22:41:03.563 | INFO     | core.portfolio:_close_long:98 - [SELL] BTC/USDT 0.029521 @ 68628.67 | PnL:+31.8977 | 剩余现金:9985.16
2026-04-07 22:41:03.563 | INFO     | core.portfolio:_open_long:76 - [BUY] BTC/USDT 0.030545 @ 65411.99 | 费用:1.9980 | 剩余现金:7985.13
2026-04-07 22:41:03.563 | INFO     | core.portfolio:_close_long:98 - [SELL] BTC/USDT 0.030545 @ 67210.38 | PnL:+52.8794 | 剩余现金:10036.04
2026-04-07 22:41:03.567 | INFO     | core.portfolio:_open_long:76 - [BUY] BTC/USDT 0.031611 @ 63528.85 | 费用:2.0082 | 剩余现金:8025.82
2026-04-07 22:41:03.567 | INFO     | core.portfolio:_close_long:98 - [SELL] BTC/USDT 0.031611 @ 65203.08 | PnL:+50.8631 | 剩余现金:10084.90
2026-04-07 22:41:03.572 | INFO     | core.portfolio:_open_long:76 - [BUY] BTC/USDT 0.031427 @ 64211.89 | 费用:2.0180 | 剩余现金:8064.89
2026-04-07 22:41:03.572 | INFO     | core.portfolio:_close_long:98 - [SELL] BTC/USDT 0.031427 @ 65831.17 | PnL:+48.8202 | 剩余现金:10131.70
2026-04-07 22:41:03.573 | INFO     | core.portfolio:_open_long:76 - [BUY] BTC/USDT 0.032827 @ 61759.26 | 费用:2.0274 | 剩余现金:8102.32
2026-04-07 22:41:03.573 | INFO     | core.portfolio:_close_long:98 - [SELL] BTC/USDT 0.032827 @ 61927.02 | PnL:+3.4740 | 剩余现金:10133.14
2026-04-07 22:41:03.580 | INFO     | core.portfolio:_open_long:76 - [BUY] BTC/USDT 0.033081 @ 61292.73 | 费用:2.0276 | 剩余现金:8103.47
2026-04-07 22:41:03.580 | INFO     | core.portfolio:_close_long:98 - [SELL] BTC/USDT 0.033081 @ 62679.14 | PnL:+43.7908 | 剩余现金:10174.91
2026-04-07 22:41:03.604 | INFO     | core.portfolio:_open_long:76 - [BUY] BTC/USDT 0.029817 @ 68282.12 | 费用:2.0360 | 剩余现金:8136.87
2026-04-07 22:41:03.604 | INFO     | core.portfolio:_close_long:98 - [SELL] BTC/USDT 0.029817 @ 68551.71 | PnL:+5.9942 | 剩余现金:10178.87
2026-04-07 22:41:03.606 | INFO     | core.portfolio:_open_long:76 - [BUY] BTC/USDT 0.030160 @ 67533.75 | 费用:2.0368 | 剩余现金:8140.04
2026-04-07 22:41:03.606 | INFO     | core.portfolio:_close_long:98 - [SELL] BTC/USDT 0.030160 @ 66660.45 | PnL:-28.3487 | 剩余现金:10148.48
2026-04-07 22:41:03.606 | INFO     | core.portfolio:_open_long:76 - [BUY] BTC/USDT 0.030478 @ 66628.60 | 费用:2.0307 | 剩余现金:8115.74
2026-04-07 22:41:03.606 | INFO     | core.portfolio:_close_long:98 - [SELL] BTC/USDT 0.030478 @ 66720.82 | PnL:+0.7773 | 剩余现金:10147.23
2026-04-07 22:41:03.623 | INFO     | core.portfolio:_open_long:76 - [BUY] BTC/USDT 0.029427 @ 68999.58 | 费用:2.0305 | 剩余现金:8114.74
2026-04-07 22:41:03.623 | INFO     | core.portfolio:_close_long:98 - [SELL] BTC/USDT 0.029427 @ 69107.23 | PnL:+1.1341 | 剩余现金:10146.33
2026-04-07 22:41:03.623 | INFO     | core.portfolio:_open_long:76 - [BUY] BTC/USDT 0.029581 @ 68634.30 | 费用:2.0303 | 剩余现金:8114.02
2026-04-07 22:41:03.623 | INFO     | core.portfolio:_close_long:98 - [SELL] BTC/USDT 0.029581 @ 68789.69 | PnL:+2.5617 | 剩余现金:10146.86
2026-04-07 22:41:03.624 | INFO     | core.portfolio:_open_long:76 - [BUY] BTC/USDT 0.029909 @ 67885.43 | 费用:2.0304 | 剩余现金:8114.44
2026-04-07 22:41:03.625 | INFO     | core.portfolio:_close_long:98 - [SELL] BTC/USDT 0.029909 @ 69113.33 | PnL:+34.6582 | 剩余现金:10179.49
2026-04-07 22:41:03.626 | INFO     | core.portfolio:_open_long:76 - [BUY] BTC/USDT 0.030835 @ 66059.21 | 费用:2.0369 | 剩余现金:8140.54
2026-04-07 22:41:03.626 | INFO     | core.portfolio:_close_long:98 - [SELL] BTC/USDT 0.030835 @ 68669.75 | PnL:+78.3776 | 剩余现金:10255.83
2026-04-07 22:41:03.631 | INFO     | core.portfolio:_open_long:76 - [BUY] BTC/USDT 0.030894 @ 66427.00 | 费用:2.0522 | 剩余现金:8201.59
2026-04-07 22:41:03.631 | INFO     | core.portfolio:_close_long:98 - [SELL] BTC/USDT 0.030894 @ 64467.75 | PnL:-62.5205 | 剩余现金:10191.26
2026-04-07 22:41:03.631 | INFO     | core.portfolio:_open_long:76 - [BUY] BTC/USDT 0.031283 @ 65186.98 | 费用:2.0393 | 剩余现金:8149.95
2026-04-07 22:41:03.631 | INFO     | core.portfolio:_close_long:98 - [SELL] BTC/USDT 0.031283 @ 65274.95 | PnL:+0.7099 | 剩余现金:10189.93
2026-04-07 22:41:03.634 | INFO     | core.portfolio:_open_long:76 - [BUY] BTC/USDT 0.032714 @ 62328.45 | 费用:2.0390 | 剩余现金:8148.88
2026-04-07 22:41:03.634 | INFO     | core.portfolio:_close_long:98 - [SELL] BTC/USDT 0.032714 @ 60086.54 | PnL:-75.3071 | 剩余现金:10112.58
2026-04-07 22:41:03.643 | INFO     | core.portfolio:_open_long:76 - [BUY] BTC/USDT 0.033644 @ 60144.86 | 费用:2.0235 | 剩余现金:8087.03
2026-04-07 22:41:03.643 | INFO     | core.portfolio:_close_long:98 - [SELL] BTC/USDT 0.033644 @ 59973.60 | PnL:-7.7797 | 剩余现金:10102.78
2026-04-07 22:41:03.660 | INFO     | core.portfolio:_open_long:76 - [BUY] BTC/USDT 0.031268 @ 64652.01 | 费用:2.0216 | 剩余现金:8079.19
2026-04-07 22:41:03.660 | INFO     | core.portfolio:_close_long:98 - [SELL] BTC/USDT 0.031268 @ 64767.60 | PnL:+1.5891 | 剩余现金:10102.35
2026-04-07 22:41:03.660 | INFO     | core.portfolio:_open_long:76 - [BUY] BTC/USDT 0.031506 @ 64162.67 | 费用:2.0215 | 剩余现金:8078.85
2026-04-07 22:41:03.660 | INFO     | core.portfolio:_close_long:98 - [SELL] BTC/USDT 0.031506 @ 63940.01 | PnL:-9.0292 | 剩余现金:10091.30
2026-04-07 22:41:03.662 | INFO     | core.portfolio:_open_long:76 - [BUY] BTC/USDT 0.031801 @ 63497.23 | 费用:2.0193 | 剩余现金:8070.01
2026-04-07 22:41:03.662 | INFO     | core.portfolio:_close_long:98 - [SELL] BTC/USDT 0.031801 @ 63824.27 | PnL:+8.3705 | 剩余现金:10097.65
2026-04-07 22:41:03.670 | INFO     | core.portfolio:_open_long:76 - [BUY] BTC/USDT 0.032421 @ 62322.75 | 费用:2.0205 | 剩余现金:8075.09
2026-04-07 22:41:03.670 | INFO     | core.portfolio:_close_long:98 - [SELL] BTC/USDT 0.032421 @ 62508.33 | PnL:+3.9902 | 剩余现金:10099.62
2026-04-07 22:41:03.671 | INFO     | core.portfolio:_open_long:76 - [BUY] BTC/USDT 0.032495 @ 62192.58 | 费用:2.0209 | 剩余现金:8076.66
2026-04-07 22:41:03.671 | INFO     | core.portfolio:_close_long:98 - [SELL] BTC/USDT 0.032495 @ 62377.80 | PnL:+3.9916 | 剩余现金:10101.59
2026-04-07 22:41:03.674 | INFO     | core.portfolio:_open_long:76 - [BUY] BTC/USDT 0.033214 @ 60857.91 | 费用:2.0213 | 剩余现金:8078.24
2026-04-07 22:41:03.674 | INFO     | core.portfolio:_close_long:98 - [SELL] BTC/USDT 0.033214 @ 61217.38 | PnL:+9.9059 | 剩余现金:10109.47
2026-04-07 22:41:03.676 | INFO     | core.portfolio:_open_long:76 - [BUY] BTC/USDT 0.035163 @ 57529.05 | 费用:2.0229 | 剩余现金:8084.54
2026-04-07 22:41:03.676 | INFO     | core.portfolio:_close_long:98 - [SELL] BTC/USDT 0.035163 @ 57125.32 | PnL:-16.2050 | 剩余现金:10091.24
2026-04-07 22:41:03.676 | INFO     | core.portfolio:_open_long:76 - [BUY] BTC/USDT 0.035333 @ 57148.66 | 费用:2.0193 | 剩余现金:8069.97
2026-04-07 22:41:03.676 | INFO     | core.portfolio:_close_long:98 - [SELL] BTC/USDT 0.035333 @ 57731.12 | PnL:+18.5405 | 剩余现金:10107.77
2026-04-07 22:41:03.693 | INFO     | core.portfolio:_open_long:76 - [BUY] BTC/USDT 0.033001 @ 61287.63 | 费用:2.0226 | 剩余现金:8083.18
2026-04-07 22:41:03.694 | INFO     | core.portfolio:_close_long:98 - [SELL] BTC/USDT 0.033001 @ 61156.91 | PnL:-6.3322 | 剩余现金:10099.41
2026-04-07 22:41:03.697 | INFO     | core.portfolio:_open_long:76 - [BUY] BTC/USDT 0.033151 @ 60960.46 | 费用:2.0209 | 剩余现金:8076.50
2026-04-07 22:41:03.698 | INFO     | core.portfolio:_close_long:98 - [SELL] BTC/USDT 0.033151 @ 61045.46 | PnL:+0.7940 | 剩余现金:10098.18
2026-04-07 22:41:03.698 | INFO     | core.portfolio:_open_long:76 - [BUY] BTC/USDT 0.033443 @ 60420.40 | 费用:2.0206 | 剩余现金:8075.52
2026-04-07 22:41:03.698 | INFO     | core.portfolio:_close_long:98 - [SELL] BTC/USDT 0.033443 @ 60683.24 | PnL:+6.7610 | 剩余现金:10102.92
2026-04-07 22:41:03.719 | INFO     | core.portfolio:_open_long:76 - [BUY] BTC/USDT 0.030602 @ 66061.61 | 费用:2.0216 | 剩余现金:8079.31
2026-04-07 22:41:03.719 | INFO     | core.portfolio:_close_long:98 - [SELL] BTC/USDT 0.030602 @ 66131.12 | PnL:+0.1032 | 剩余现金:10101.01
2026-04-07 22:41:03.728 | INFO     | core.portfolio:_open_long:76 - [BUY] BTC/USDT 0.029674 @ 68114.44 | 费用:2.0212 | 剩余现金:8077.77
2026-04-07 22:41:03.728 | INFO     | core.portfolio:_close_long:98 - [SELL] BTC/USDT 0.029674 @ 67718.22 | PnL:-13.7667 | 剩余现金:10085.22
2026-04-07 22:41:03.763 | INFO     | core.portfolio:_open_long:76 - [BUY] BTC/USDT 0.029187 @ 69143.15 | 费用:2.0181 | 剩余现金:8065.15
2026-04-07 22:41:03.763 | INFO     | core.portfolio:_close_long:98 - [SELL] BTC/USDT 0.029187 @ 69221.67 | PnL:+0.2713 | 剩余现金:10083.47
2026-04-07 22:41:03.771 | INFO     | core.portfolio:_open_long:76 - [BUY] BTC/USDT 0.029349 @ 68748.56 | 费用:2.0177 | 剩余现金:8063.75
2026-04-07 22:41:03.771 | INFO     | core.portfolio:_close_long:98 - [SELL] BTC/USDT 0.029349 @ 68228.57 | PnL:-17.2636 | 剩余现金:10064.19
2026-04-07 22:41:03.771 | INFO     | core.portfolio:_open_long:76 - [BUY] BTC/USDT 0.029584 @ 68071.42 | 费用:2.0138 | 剩余现金:8048.33
2026-04-07 22:41:03.771 | INFO     | core.portfolio:_close_long:98 - [SELL] BTC/USDT 0.029584 @ 67856.45 | PnL:-8.3670 | 剩余现金:10053.81
2026-04-07 22:41:03.772 | INFO     | core.portfolio:_open_long:76 - [BUY] BTC/USDT 0.029701 @ 67733.85 | 费用:2.0118 | 剩余现金:8040.03
2026-04-07 22:41:03.772 | INFO     | core.portfolio:_close_long:98 - [SELL] BTC/USDT 0.029701 @ 67539.21 | PnL:-7.7869 | 剩余现金:10044.01
2026-04-07 22:41:03.786 | INFO     | core.portfolio:_open_long:76 - [BUY] BTC/USDT 0.030797 @ 65258.81 | 费用:2.0098 | 剩余现金:8032.19
2026-04-07 22:41:03.786 | INFO     | core.portfolio:_close_long:98 - [SELL] BTC/USDT 0.030797 @ 65430.67 | PnL:+3.2776 | 剩余现金:10045.28
2026-04-07 22:41:03.795 | INFO     | core.portfolio:_open_long:76 - [BUY] BTC/USDT 0.032387 @ 62064.12 | 费用:2.0101 | 剩余现金:8033.21
2026-04-07 22:41:03.795 | INFO     | core.portfolio:_close_long:98 - [SELL] BTC/USDT 0.032387 @ 64065.15 | PnL:+62.7323 | 剩余现金:10106.00
2026-04-07 22:41:03.828 | INFO     | core.portfolio:_open_long:76 - [BUY] BTC/USDT 0.031977 @ 63240.10 | 费用:2.0222 | 剩余现金:8081.77
2026-04-07 22:41:03.828 | INFO     | core.portfolio:_close_long:98 - [SELL] BTC/USDT 0.031977 @ 63038.27 | PnL:-8.4699 | 剩余现金:10095.51
2026-04-07 22:41:03.829 | INFO     | core.portfolio:_open_long:76 - [BUY] BTC/USDT 0.032114 @ 62904.14 | 费用:2.0201 | 剩余现金:8073.38
2026-04-07 22:41:03.829 | INFO     | core.portfolio:_close_long:98 - [SELL] BTC/USDT 0.032114 @ 62875.75 | PnL:-2.9309 | 剩余现金:10090.56
2026-04-07 22:41:03.829 | INFO     | core.portfolio:_open_long:76 - [BUY] BTC/USDT 0.032388 @ 62341.56 | 费用:2.0191 | 剩余现金:8069.42
2026-04-07 22:41:03.829 | INFO     | core.portfolio:_close_long:98 - [SELL] BTC/USDT 0.032388 @ 62358.71 | PnL:-1.4642 | 剩余现金:10087.07
2026-04-07 22:41:03.829 | INFO     | core.portfolio:_open_long:76 - [BUY] BTC/USDT 0.032857 @ 61430.00 | 费用:2.0184 | 剩余现金:8066.63
2026-04-07 22:41:03.830 | INFO     | core.portfolio:_close_long:98 - [SELL] BTC/USDT 0.032857 @ 61138.02 | PnL:-11.6026 | 剩余现金:10073.45
2026-04-07 22:41:03.830 | INFO     | core.portfolio:_open_long:76 - [BUY] BTC/USDT 0.033473 @ 60217.89 | 费用:2.0157 | 剩余现金:8055.74
2026-04-07 22:41:03.830 | INFO     | core.portfolio:_close_long:98 - [SELL] BTC/USDT 0.033473 @ 60217.78 | PnL:-2.0196 | 剩余现金:10069.42
2026-04-07 22:41:03.830 | INFO     | core.portfolio:_open_long:76 - [BUY] BTC/USDT 0.033938 @ 59369.67 | 费用:2.0149 | 剩余现金:8052.51
2026-04-07 22:41:03.831 | INFO     | core.portfolio:_close_long:98 - [SELL] BTC/USDT 0.033938 @ 59481.94 | PnL:+1.7917 | 剩余现金:10069.19
2026-04-07 22:41:03.840 | INFO     | core.portfolio:_open_long:76 - [BUY] BTC/USDT 0.033493 @ 60157.06 | 费用:2.0148 | 剩余现金:8052.33
2026-04-07 22:41:03.840 | INFO     | core.portfolio:_close_long:98 - [SELL] BTC/USDT 0.033493 @ 60211.98 | PnL:-0.1774 | 剩余现金:10067.00
2026-04-07 22:41:03.850 | INFO     | core.portfolio:_open_long:76 - [BUY] BTC/USDT 0.032813 @ 61390.68 | 费用:2.0144 | 剩余现金:8050.58
2026-04-07 22:41:03.850 | INFO     | core.portfolio:_close_long:98 - [SELL] BTC/USDT 0.032813 @ 60960.50 | PnL:-16.1156 | 剩余现金:10048.87
2026-04-07 22:41:03.850 | INFO     | core.portfolio:_open_long:76 - [BUY] BTC/USDT 0.033008 @ 60918.34 | 费用:2.0108 | 剩余现金:8036.08
2026-04-07 22:41:03.850 | INFO     | core.portfolio:_close_long:98 - [SELL] BTC/USDT 0.033008 @ 61088.74 | PnL:+3.6080 | 剩余现金:10050.47
2026-04-07 22:41:03.851 | INFO     | core.portfolio:_open_long:76 - [BUY] BTC/USDT 0.033221 @ 60536.85 | 费用:2.0111 | 剩余现金:8037.36
2026-04-07 22:41:03.851 | INFO     | core.portfolio:_close_long:98 - [SELL] BTC/USDT 0.033221 @ 60576.80 | PnL:-0.6855 | 剩余现金:10047.77
2026-04-07 22:41:03.852 | INFO     | core.portfolio:_open_long:76 - [BUY] BTC/USDT 0.034314 @ 58593.28 | 费用:2.0106 | 剩余现金:8035.20
2026-04-07 22:41:03.853 | INFO     | core.portfolio:_close_long:98 - [SELL] BTC/USDT 0.034314 @ 58939.02 | PnL:+9.8410 | 剩余现金:10055.60
2026-04-07 22:41:03.853 | INFO     | core.portfolio:_open_long:76 - [BUY] BTC/USDT 0.034537 @ 58260.42 | 费用:2.0121 | 剩余现金:8041.46
2026-04-07 22:41:03.853 | INFO     | core.portfolio:_close_long:98 - [SELL] BTC/USDT 0.034537 @ 57658.96 | PnL:-22.7638 | 剩余现金:10030.83
2026-04-07 22:41:03.854 | INFO     | core.portfolio:_open_long:76 - [BUY] BTC/USDT 0.035946 @ 55839.11 | 费用:2.0072 | 剩余现金:8021.65
2026-04-07 22:41:03.854 | INFO     | core.portfolio:_close_long:98 - [SELL] BTC/USDT 0.035946 @ 57404.58 | PnL:+54.2086 | 剩余现金:10083.03
2026-04-07 22:41:03.855 | INFO     | core.portfolio:_open_long:76 - [BUY] BTC/USDT 0.036176 @ 55772.57 | 费用:2.0176 | 剩余现金:8063.40
2026-04-07 22:41:03.855 | INFO     | core.portfolio:_close_long:98 - [SELL] BTC/USDT 0.036176 @ 55200.69 | PnL:-22.6853 | 剩余现金:10058.33
2026-04-07 22:41:03.856 | INFO     | core.portfolio:_open_long:76 - [BUY] BTC/USDT 0.037297 @ 53962.67 | 费用:2.0127 | 剩余现金:8043.64
2026-04-07 22:41:03.856 | INFO     | core.portfolio:_close_long:98 - [SELL] BTC/USDT 0.037297 @ 54771.60 | PnL:+28.1283 | 剩余现金:10084.44
2026-04-07 22:41:03.863 | INFO     | core.portfolio:_open_long:76 - [BUY] BTC/USDT 0.036105 @ 55889.83 | 费用:2.0179 | 剩余现金:8064.53
2026-04-07 22:41:03.863 | INFO     | core.portfolio:_close_long:98 - [SELL] BTC/USDT 0.036105 @ 55085.44 | PnL:-31.0312 | 剩余现金:10051.39
2026-04-07 22:41:03.863 | INFO     | core.portfolio:_open_long:76 - [BUY] BTC/USDT 0.036582 @ 54979.48 | 费用:2.0113 | 剩余现金:8038.10
2026-04-07 22:41:03.863 | INFO     | core.portfolio:_close_long:98 - [SELL] BTC/USDT 0.036582 @ 55353.31 | PnL:+11.6508 | 剩余现金:10061.03
2026-04-07 22:41:03.899 | INFO     | core.portfolio:_open_long:76 - [BUY] BTC/USDT 0.030939 @ 65071.02 | 费用:2.0132 | 剩余现金:8045.81
2026-04-07 22:41:03.899 | INFO     | core.portfolio:_close_long:98 - [SELL] BTC/USDT 0.030939 @ 66548.31 | PnL:+43.6465 | 剩余现金:10102.66
2026-04-07 22:41:03.914 | INFO     | core.portfolio:_open_long:76 - [BUY] BTC/USDT 0.030186 @ 66969.47 | 费用:2.0215 | 剩余现金:8079.10
2026-04-07 22:41:03.914 | INFO     | core.portfolio:_close_long:98 - [SELL] BTC/USDT 0.030186 @ 66962.50 | PnL:-2.2316 | 剩余现金:10098.41
2026-04-07 22:41:03.919 | INFO     | core.portfolio:_open_long:76 - [BUY] BTC/USDT 0.031276 @ 64609.19 | 费用:2.0207 | 剩余现金:8075.70
2026-04-07 22:41:03.919 | INFO     | core.portfolio:_close_long:98 - [SELL] BTC/USDT 0.031276 @ 64943.41 | PnL:+8.4219 | 剩余现金:10104.81
2026-04-07 22:41:03.921 | INFO     | core.portfolio:_open_long:76 - [BUY] BTC/USDT 0.032181 @ 62831.30 | 费用:2.0220 | 剩余现金:8080.82
2026-04-07 22:41:03.921 | INFO     | core.portfolio:_close_long:98 - [SELL] BTC/USDT 0.032181 @ 62876.55 | PnL:-0.5674 | 剩余现金:10102.22
2026-04-07 22:41:03.924 | INFO     | core.portfolio:_open_long:76 - [BUY] BTC/USDT 0.032913 @ 61418.29 | 费用:2.0215 | 剩余现金:8078.75
2026-04-07 22:41:03.924 | INFO     | core.portfolio:_close_long:98 - [SELL] BTC/USDT 0.032913 @ 61455.36 | PnL:-0.8028 | 剩余现金:10099.40
2026-04-07 22:41:03.926 | INFO     | core.portfolio:_open_long:76 - [BUY] BTC/USDT 0.033345 @ 60606.29 | 费用:2.0209 | 剩余现金:8076.49
2026-04-07 22:41:03.926 | INFO     | core.portfolio:_close_long:98 - [SELL] BTC/USDT 0.033345 @ 60215.98 | PnL:-15.0226 | 剩余现金:10082.36
2026-04-07 22:41:03.927 | INFO     | core.portfolio:_open_long:76 - [BUY] BTC/USDT 0.033472 @ 60274.12 | 费用:2.0175 | 剩余现金:8062.86
2026-04-07 22:41:03.927 | INFO     | core.portfolio:_close_long:98 - [SELL] BTC/USDT 0.033472 @ 60375.10 | PnL:+1.3590 | 剩余现金:10081.70
2026-04-07 22:41:03.929 | INFO     | core.portfolio:_open_long:76 - [BUY] BTC/USDT 0.033840 @ 59613.89 | 费用:2.0173 | 剩余现金:8062.33
2026-04-07 22:41:03.929 | INFO     | core.portfolio:_close_long:98 - [SELL] BTC/USDT 0.033840 @ 59045.86 | PnL:-21.2204 | 剩余现金:10058.46
2026-04-07 22:41:03.929 | INFO     | core.portfolio:_open_long:76 - [BUY] BTC/USDT 0.034292 @ 58692.43 | 费用:2.0127 | 剩余现金:8043.75
2026-04-07 22:41:03.929 | INFO     | core.portfolio:_close_long:98 - [SELL] BTC/USDT 0.034292 @ 57833.07 | PnL:-31.4527 | 剩余现金:10024.99
2026-04-07 22:41:03.930 | INFO     | core.portfolio:_open_long:76 - [BUY] BTC/USDT 0.035697 @ 56194.68 | 费用:2.0060 | 剩余现金:8016.99
2026-04-07 22:41:03.930 | INFO     | core.portfolio:_close_long:98 - [SELL] BTC/USDT 0.035697 @ 54374.70 | PnL:-66.9096 | 剩余现金:9956.08
2026-04-07 22:41:03.930 | INFO     | core.portfolio:_open_long:76 - [BUY] BTC/USDT 0.037019 @ 53815.89 | 费用:1.9922 | 剩余现金:7961.87
2026-04-07 22:41:03.930 | INFO     | core.portfolio:_close_long:98 - [SELL] BTC/USDT 0.037019 @ 53512.63 | PnL:-13.2075 | 剩余现金:9940.88
2026-04-07 22:41:03.931 | INFO     | core.portfolio:_open_long:76 - [BUY] BTC/USDT 0.038530 @ 51626.40 | 费用:1.9892 | 剩余现金:7949.72
2026-04-07 22:41:03.931 | INFO     | core.portfolio:_close_long:98 - [SELL] BTC/USDT 0.038530 @ 52652.36 | PnL:+37.5016 | 剩余现金:9976.39
2026-04-07 22:41:03.946 | INFO     | core.portfolio:_open_long:76 - [BUY] BTC/USDT 0.033465 @ 59652.61 | 费用:1.9963 | 剩余现金:7978.12
2026-04-07 22:41:03.946 | INFO     | core.portfolio:_close_long:98 - [SELL] BTC/USDT 0.033465 @ 58474.65 | PnL:-41.3774 | 剩余现金:9933.02
2026-04-07 22:41:03.946 | INFO     | core.portfolio:_open_long:76 - [BUY] BTC/USDT 0.033662 @ 59045.51 | 费用:1.9876 | 剩余现金:7943.43
2026-04-07 22:41:03.947 | INFO     | core.portfolio:_close_long:98 - [SELL] BTC/USDT 0.033662 @ 58962.40 | PnL:-4.7823 | 剩余现金:9926.25
2026-04-07 22:41:03.954 | INFO     | core.portfolio:_open_long:76 - [BUY] BTC/USDT 0.034852 @ 56990.48 | 费用:1.9862 | 剩余现金:7938.02
2026-04-07 22:41:03.954 | INFO     | core.portfolio:_close_long:98 - [SELL] BTC/USDT 0.034852 @ 56684.94 | PnL:-12.6242 | 剩余现金:9911.64
2026-04-07 22:41:03.963 | INFO     | core.portfolio:_open_long:76 - [BUY] BTC/USDT 0.033924 @ 58464.12 | 费用:1.9833 | 剩余现金:7926.34
2026-04-07 22:41:03.963 | INFO     | core.portfolio:_close_long:98 - [SELL] BTC/USDT 0.033924 @ 58322.72 | PnL:-6.7751 | 剩余现金:9902.88
2026-04-07 22:41:03.983 | INFO     | core.portfolio:_open_long:76 - [BUY] BTC/USDT 0.032024 @ 61876.92 | 费用:1.9816 | 剩余现金:7919.33
2026-04-07 22:41:03.984 | INFO     | core.portfolio:_close_long:98 - [SELL] BTC/USDT 0.032024 @ 61677.95 | PnL:-8.3473 | 剩余现金:9892.55
2026-04-07 22:41:03.984 | INFO     | core.portfolio:_open_long:76 - [BUY] BTC/USDT 0.032136 @ 61596.68 | 费用:1.9795 | 剩余现金:7911.07
2026-04-07 22:41:03.984 | INFO     | core.portfolio:_close_long:98 - [SELL] BTC/USDT 0.032136 @ 61902.33 | PnL:+7.8332 | 剩余现金:9898.40
2026-04-07 22:41:03.984 | INFO     | core.portfolio:_open_long:76 - [BUY] BTC/USDT 0.032771 @ 60440.61 | 费用:1.9807 | 剩余现金:7915.75
2026-04-07 22:41:03.984 | INFO     | core.portfolio:_close_long:98 - [SELL] BTC/USDT 0.032771 @ 59470.15 | PnL:-33.7512 | 剩余现金:9862.67
2026-04-07 22:41:03.985 | INFO     | core.portfolio:_open_long:76 - [BUY] BTC/USDT 0.033204 @ 59435.70 | 费用:1.9735 | 剩余现金:7887.18
2026-04-07 22:41:03.985 | INFO     | core.portfolio:_close_long:98 - [SELL] BTC/USDT 0.033204 @ 59044.36 | PnL:-14.9547 | 剩余现金:9845.74
2026-04-07 22:41:03.995 | INFO     | core.portfolio:_open_long:76 - [BUY] BTC/USDT 0.033961 @ 58010.99 | 费用:1.9701 | 剩余现金:7873.64
2026-04-07 22:41:03.995 | INFO     | core.portfolio:_close_long:98 - [SELL] BTC/USDT 0.033961 @ 58164.10 | PnL:+3.2246 | 剩余现金:9847.00
2026-04-07 22:41:04.001 | INFO     | core.portfolio:_open_long:76 - [BUY] BTC/USDT 0.034685 @ 56808.29 | 费用:1.9704 | 剩余现金:7874.64
2026-04-07 22:41:04.002 | INFO     | core.portfolio:_close_long:98 - [SELL] BTC/USDT 0.034685 @ 56613.68 | PnL:-8.7137 | 剩余现金:9836.31
2026-04-07 22:41:04.008 | INFO     | core.portfolio:_open_long:76 - [BUY] BTC/USDT 0.036394 @ 54081.73 | 费用:1.9682 | 剩余现金:7866.10
2026-04-07 22:41:04.008 | INFO     | core.portfolio:_close_long:98 - [SELL] BTC/USDT 0.036394 @ 54047.46 | PnL:-3.2140 | 剩余现金:9831.13
2026-04-07 22:41:04.008 | INFO     | core.portfolio:_open_long:76 - [BUY] BTC/USDT 0.036459 @ 53956.56 | 费用:1.9672 | 剩余现金:7861.95
2026-04-07 22:41:04.008 | INFO     | core.portfolio:_close_long:98 - [SELL] BTC/USDT 0.036459 @ 53331.92 | PnL:-24.7184 | 剩余现金:9804.45
2026-04-07 22:41:04.008 | INFO     | core.portfolio:_open_long:76 - [BUY] BTC/USDT 0.037088 @ 52897.94 | 费用:1.9619 | 剩余现金:7840.61
2026-04-07 22:41:04.008 | INFO     | core.portfolio:_close_long:98 - [SELL] BTC/USDT 0.037088 @ 53742.52 | PnL:+29.3304 | 剩余现金:9831.81
2026-04-07 22:41:04.030 | INFO     | core.portfolio:_open_long:76 - [BUY] BTC/USDT 0.033257 @ 59156.56 | 费用:1.9673 | 剩余现金:7862.50
2026-04-07 22:41:04.030 | INFO     | core.portfolio:_close_long:98 - [SELL] BTC/USDT 0.033257 @ 58645.46 | PnL:-18.9478 | 剩余现金:9810.90
2026-04-07 22:41:04.030 | INFO     | core.portfolio:_open_long:76 - [BUY] BTC/USDT 0.033481 @ 58635.20 | 费用:1.9632 | 剩余现金:7845.78
2026-04-07 22:41:04.030 | INFO     | core.portfolio:_close_long:98 - [SELL] BTC/USDT 0.033481 @ 58237.07 | PnL:-15.2798 | 剩余现金:9793.66
2026-04-07 22:41:04.031 | INFO     | core.portfolio:_open_long:76 - [BUY] BTC/USDT 0.034001 @ 57637.00 | 费用:1.9597 | 剩余现金:7831.99
2026-04-07 22:41:04.031 | INFO     | core.portfolio:_close_long:98 - [SELL] BTC/USDT 0.034001 @ 57859.86 | PnL:+5.6099 | 剩余现金:9797.31
2026-04-07 22:41:04.062 | INFO     | core.portfolio:_open_long:76 - [BUY] BTC/USDT 0.030252 @ 64803.39 | 费用:1.9604 | 剩余现金:7834.91
2026-04-07 22:41:04.062 | INFO     | core.portfolio:_close_long:98 - [SELL] BTC/USDT 0.030252 @ 64339.51 | PnL:-15.9795 | 剩余现金:9779.37
2026-04-07 22:41:04.063 | INFO     | core.portfolio:_open_long:76 - [BUY] BTC/USDT 0.030302 @ 64578.37 | 费用:1.9569 | 剩余现金:7820.56
2026-04-07 22:41:04.063 | INFO     | core.portfolio:_close_long:98 - [SELL] BTC/USDT 0.030302 @ 64395.99 | PnL:-7.4780 | 剩余现金:9769.93
2026-04-07 22:41:04.063 | INFO     | core.portfolio:_open_long:76 - [BUY] BTC/USDT 0.030751 @ 63574.27 | 费用:1.9550 | 剩余现金:7813.01
2026-04-07 22:41:04.063 | INFO     | core.portfolio:_close_long:98 - [SELL] BTC/USDT 0.030751 @ 63612.08 | PnL:-0.7935 | 剩余现金:9767.18
2026-04-07 22:41:04.066 | INFO     | core.portfolio:_open_long:76 - [BUY] BTC/USDT 0.031210 @ 62621.29 | 费用:1.9544 | 剩余现金:7810.82
2026-04-07 22:41:04.066 | INFO     | core.portfolio:_close_long:98 - [SELL] BTC/USDT 0.031210 @ 62598.29 | PnL:-2.6718 | 剩余现金:9762.56
2026-04-07 22:41:04.067 | INFO     | core.portfolio:_open_long:76 - [BUY] BTC/USDT 0.031270 @ 62471.32 | 费用:1.9535 | 剩余现金:7807.12
2026-04-07 22:41:04.067 | INFO     | core.portfolio:_close_long:98 - [SELL] BTC/USDT 0.031270 @ 62114.73 | PnL:-13.0931 | 剩余现金:9747.51
2026-04-07 22:41:04.067 | INFO     | core.portfolio:_open_long:76 - [BUY] BTC/USDT 0.031448 @ 62022.90 | 费用:1.9505 | 剩余现金:7795.08
2026-04-07 22:41:04.067 | INFO     | core.portfolio:_close_long:98 - [SELL] BTC/USDT 0.031448 @ 61721.12 | PnL:-11.4310 | 剩余现金:9734.13
2026-04-07 22:41:04.067 | INFO     | core.portfolio:_open_long:76 - [BUY] BTC/USDT 0.032021 @ 60828.70 | 费用:1.9478 | 剩余现金:7784.38
2026-04-07 22:41:04.067 | INFO     | core.portfolio:_close_long:98 - [SELL] BTC/USDT 0.032021 @ 61109.43 | PnL:+7.0325 | 剩余现金:9739.21
2026-04-07 22:41:04.086 | INFO     | core.portfolio:_open_long:76 - [BUY] BTC/USDT 0.032231 @ 60464.12 | 费用:1.9488 | 剩余现金:7788.45
2026-04-07 22:41:04.086 | INFO     | core.portfolio:_close_long:98 - [SELL] BTC/USDT 0.032231 @ 60874.35 | PnL:+11.2601 | 剩余现金:9748.52
2026-04-07 22:41:04.088 | INFO     | core.portfolio:_open_long:76 - [BUY] BTC/USDT 0.032711 @ 59633.80 | 费用:1.9507 | 剩余现金:7795.89
2026-04-07 22:41:04.089 | INFO     | core.portfolio:_close_long:98 - [SELL] BTC/USDT 0.032711 @ 59480.34 | PnL:-6.9654 | 剩余现金:9739.61
2026-04-07 22:41:04.113 | INFO     | core.portfolio:_open_long:76 - [BUY] BTC/USDT 0.028938 @ 67348.36 | 费用:1.9489 | 剩余现金:7788.76
2026-04-07 22:41:04.113 | INFO     | core.portfolio:_close_long:98 - [SELL] BTC/USDT 0.028938 @ 67247.26 | PnL:-4.8715 | 剩余现金:9732.79
2026-04-07 22:41:04.118 | INFO     | core.portfolio:_open_long:76 - [BUY] BTC/USDT 0.029619 @ 65752.06 | 费用:1.9475 | 剩余现金:7783.31
2026-04-07 22:41:04.119 | INFO     | core.portfolio:_close_long:98 - [SELL] BTC/USDT 0.029619 @ 66017.57 | PnL:+5.9090 | 剩余现金:9736.75
2026-04-07 22:41:04.143 | INFO     | core.portfolio:_open_long:76 - [BUY] BTC/USDT 0.028552 @ 68237.30 | 费用:1.9483 | 剩余现金:7786.48
2026-04-07 22:41:04.143 | INFO     | core.portfolio:_close_long:98 - [SELL] BTC/USDT 0.028552 @ 68340.81 | PnL:+1.0042 | 剩余现金:9735.81
2026-04-07 22:41:04.193 | INFO     | core.portfolio:_open_long:76 - [BUY] BTC/USDT 0.020300 @ 95968.86 | 费用:1.9481 | 剩余现金:7785.72
2026-04-07 22:41:04.193 | INFO     | core.portfolio:_close_long:98 - [SELL] BTC/USDT 0.020300 @ 96367.09 | PnL:+6.1278 | 剩余现金:9739.99
2026-04-07 22:41:04.195 | INFO     | core.portfolio:_open_long:76 - [BUY] BTC/USDT 0.020425 @ 95419.49 | 费用:1.9490 | 剩余现金:7789.07
2026-04-07 22:41:04.195 | INFO     | core.portfolio:_close_long:98 - [SELL] BTC/USDT 0.020425 @ 95951.60 | PnL:+8.9088 | 剩余现金:9746.95
2026-04-07 22:41:04.196 | INFO     | core.portfolio:_open_long:76 - [BUY] BTC/USDT 0.020593 @ 94711.13 | 费用:1.9504 | 剩余现金:7794.63
2026-04-07 22:41:04.196 | INFO     | core.portfolio:_close_long:98 - [SELL] BTC/USDT 0.020593 @ 94552.80 | PnL:-5.2076 | 剩余现金:9739.79
2026-04-07 22:41:04.196 | INFO     | core.portfolio:_open_long:76 - [BUY] BTC/USDT 0.020780 @ 93790.77 | 费用:1.9489 | 剩余现金:7788.91
2026-04-07 22:41:04.196 | INFO     | core.portfolio:_close_long:98 - [SELL] BTC/USDT 0.020780 @ 94352.80 | PnL:+9.7181 | 剩余现金:9747.56
2026-04-07 22:41:04.214 | INFO     | core.portfolio:_open_long:76 - [BUY] BTC/USDT 0.020804 @ 93756.25 | 费用:1.9505 | 剩余现金:7795.12
2026-04-07 22:41:04.214 | INFO     | core.portfolio:_close_long:98 - [SELL] BTC/USDT 0.020804 @ 95175.09 | PnL:+27.5371 | 剩余现金:9773.14
2026-04-07 22:41:04.275 | INFO     | core.portfolio:_open_long:76 - [BUY] BTC/USDT 0.018873 @ 103619.88 | 费用:1.9556 | 剩余现金:7815.58
2026-04-07 22:41:04.275 | INFO     | core.portfolio:_close_long:98 - [SELL] BTC/USDT 0.018873 @ 103727.01 | PnL:+0.0642 | 剩余现金:9771.25
2026-04-07 22:41:04.277 | INFO     | core.portfolio:_open_long:76 - [BUY] BTC/USDT 0.019376 @ 100907.43 | 费用:1.9552 | 剩余现金:7814.07
2026-04-07 22:41:04.277 | INFO     | core.portfolio:_close_long:98 - [SELL] BTC/USDT 0.019376 @ 100967.49 | PnL:-0.7926 | 剩余现金:9768.50
2026-04-07 22:41:04.277 | INFO     | core.portfolio:_open_long:76 - [BUY] BTC/USDT 0.019313 @ 101211.78 | 费用:1.9547 | 剩余现金:7811.87
2026-04-07 22:41:04.277 | INFO     | core.portfolio:_close_long:98 - [SELL] BTC/USDT 0.019313 @ 100153.80 | PnL:-22.3668 | 剩余现金:9744.18
2026-04-07 22:41:04.279 | INFO     | core.portfolio:_open_long:76 - [BUY] BTC/USDT 0.019715 @ 98901.43 | 费用:1.9498 | 剩余现金:7792.42
2026-04-07 22:41:04.279 | INFO     | core.portfolio:_close_long:98 - [SELL] BTC/USDT 0.019715 @ 98890.33 | PnL:-2.1683 | 剩余现金:9740.06
2026-04-07 22:41:04.279 | INFO     | core.portfolio:_open_long:76 - [BUY] BTC/USDT 0.020039 @ 97260.71 | 费用:1.9490 | 剩余现金:7789.13
2026-04-07 22:41:04.279 | INFO     | core.portfolio:_close_long:98 - [SELL] BTC/USDT 0.020039 @ 96361.00 | PnL:-19.9601 | 剩余现金:9718.16
2026-04-07 22:41:04.281 | INFO     | core.portfolio:_open_long:76 - [BUY] BTC/USDT 0.020959 @ 92782.87 | 费用:1.9446 | 剩余现金:7771.61
2026-04-07 22:41:04.281 | INFO     | core.portfolio:_close_long:98 - [SELL] BTC/USDT 0.020959 @ 93887.73 | PnL:+21.1887 | 剩余现金:9737.40
2026-04-07 22:41:04.295 | INFO     | core.portfolio:_open_long:76 - [BUY] BTC/USDT 0.020313 @ 95923.14 | 费用:1.9485 | 剩余现金:7787.00
2026-04-07 22:41:04.295 | INFO     | core.portfolio:_close_long:98 - [SELL] BTC/USDT 0.020313 @ 95391.68 | PnL:-12.7330 | 剩余现金:9722.72
2026-04-07 22:41:04.295 | INFO     | core.portfolio:_open_long:76 - [BUY] BTC/USDT 0.020360 @ 95554.05 | 费用:1.9455 | 剩余现金:7775.26
2026-04-07 22:41:04.295 | INFO     | core.portfolio:_close_long:98 - [SELL] BTC/USDT 0.020360 @ 95644.35 | PnL:-0.1088 | 剩余现金:9720.66
2026-04-07 22:41:04.303 | INFO     | core.portfolio:_open_long:76 - [BUY] BTC/USDT 0.020704 @ 93946.05 | 费用:1.9451 | 剩余现金:7773.61
2026-04-07 22:41:04.303 | INFO     | core.portfolio:_close_long:98 - [SELL] BTC/USDT 0.020704 @ 93885.03 | PnL:-3.2071 | 剩余现金:9715.51
2026-04-07 22:41:04.303 | INFO     | core.portfolio:_open_long:76 - [BUY] BTC/USDT 0.020747 @ 93702.83 | 费用:1.9441 | 剩余现金:7769.49
2026-04-07 22:41:04.303 | INFO     | core.portfolio:_close_long:98 - [SELL] BTC/USDT 0.020747 @ 93561.30 | PnL:-4.8775 | 剩余现金:9708.69
2026-04-07 22:41:04.304 | INFO     | core.portfolio:_open_long:76 - [BUY] BTC/USDT 0.020799 @ 93404.08 | 费用:1.9427 | 剩余现金:7764.04
2026-04-07 22:41:04.304 | INFO     | core.portfolio:_close_long:98 - [SELL] BTC/USDT 0.020799 @ 93077.44 | PnL:-8.7297 | 剩余现金:9698.02
2026-04-07 22:41:04.305 | INFO     | core.portfolio:_open_long:76 - [BUY] BTC/USDT 0.021108 @ 91936.65 | 费用:1.9406 | 剩余现金:7755.50
2026-04-07 22:41:04.305 | INFO     | core.portfolio:_close_long:98 - [SELL] BTC/USDT 0.021108 @ 92076.94 | PnL:+1.0177 | 剩余现金:9697.09
2026-04-07 22:41:04.312 | INFO     | core.backtester:run:82 - 回测完成: 最终权益 9697.09, 收益率 -3.03%
2026-04-07 22:41:17.679 | INFO     | __main__:main:96 - 策略: ma_crossover | 标的: BTC/USDT | 区间: 2024-01-01 → 2024-12-31
2026-04-07 22:41:17.682 | INFO     | core.exchange:__init__:36 - 交易所已切换至模拟盘(Demo Trading)
2026-04-07 22:41:17.683 | INFO     | core.exchange:fetch_ohlcv_range:68 - 开始拉取 BTC/USDT 4h 数据: 2024-01-01 → 2024-12-31
2026-04-07 22:41:19.459 | DEBUG    | core.exchange:fetch_ohlcv_range:75 - 已拉取 300 条，最新: 2024-02-19 20:00:00.001000
2026-04-07 22:41:19.565 | DEBUG    | core.exchange:fetch_ohlcv_range:75 - 已拉取 600 条，最新: 2024-04-09 20:00:00.001000
2026-04-07 22:41:19.680 | DEBUG    | core.exchange:fetch_ohlcv_range:75 - 已拉取 900 条，最新: 2024-05-29 20:00:00.001000
2026-04-07 22:41:19.791 | DEBUG    | core.exchange:fetch_ohlcv_range:75 - 已拉取 1200 条，最新: 2024-07-18 20:00:00.001000
2026-04-07 22:41:19.919 | DEBUG    | core.exchange:fetch_ohlcv_range:75 - 已拉取 1500 条，最新: 2024-09-06 20:00:00.001000
2026-04-07 22:41:20.022 | DEBUG    | core.exchange:fetch_ohlcv_range:75 - 已拉取 1800 条，最新: 2024-10-26 20:00:00.001000
2026-04-07 22:41:20.125 | DEBUG    | core.exchange:fetch_ohlcv_range:75 - 已拉取 2100 条，最新: 2024-12-15 20:00:00.001000
2026-04-07 22:41:20.250 | DEBUG    | core.exchange:fetch_ohlcv_range:75 - 已拉取 2400 条，最新: 2025-02-03 20:00:00.001000
2026-04-07 22:41:20.260 | INFO     | core.exchange:fetch_ohlcv_range:82 - 共拉取 2191 条 K 线
2026-04-07 22:41:20.300 | INFO     | core.data_feed:get_historical_data:38 - 数据已缓存: /Users/mi/Desktop/workspace/quant-dev/data/BTC_USDT_4h_2024-01-01_2024-12-31.parquet
2026-04-07 22:41:20.317 | INFO     | core.backtester:run:34 - 回测开始: BTC/USDT, 共 1992 根 K 线, 初始资金: 10000.0
2026-04-07 22:41:20.325 | INFO     | core.portfolio:_open_long:76 - [BUY] BTC/USDT 0.038213 @ 52364.17 | 费用:2.0010 | 剩余现金:7997.00
2026-04-07 22:41:20.326 | INFO     | core.portfolio:_close_long:98 - [SELL] BTC/USDT 0.038213 @ 50942.52 | PnL:-56.2725 | 剩余现金:9941.73
2026-04-07 22:41:20.328 | INFO     | core.portfolio:_open_long:76 - [BUY] BTC/USDT 0.038476 @ 51703.84 | 费用:1.9893 | 剩余现金:7950.40
2026-04-07 22:41:20.328 | INFO     | core.portfolio:_close_long:98 - [SELL] BTC/USDT 0.038476 @ 55649.96 | PnL:+149.6885 | 剩余现金:10089.43
2026-04-07 22:41:20.339 | INFO     | core.portfolio:_open_long:76 - [BUY] BTC/USDT 0.030587 @ 66005.29 | 费用:2.0189 | 剩余现金:8068.51
2026-04-07 22:41:20.339 | INFO     | core.portfolio:_close_long:98 - [SELL] BTC/USDT 0.030587 @ 63846.16 | PnL:-67.9937 | 剩余现金:10019.41
2026-04-07 22:41:20.341 | INFO     | core.portfolio:_open_long:76 - [BUY] BTC/USDT 0.030435 @ 65875.12 | 费用:2.0049 | 剩余现金:8012.52
2026-04-07 22:41:20.341 | INFO     | core.portfolio:_close_long:98 - [SELL] BTC/USDT 0.030435 @ 70851.36 | PnL:+149.2935 | 剩余现金:10166.70
2026-04-07 22:41:20.344 | INFO     | core.portfolio:_open_long:76 - [BUY] BTC/USDT 0.028889 @ 70420.69 | 费用:2.0344 | 剩余现金:8130.31
2026-04-07 22:41:20.344 | INFO     | core.portfolio:_close_long:98 - [SELL] BTC/USDT 0.028889 @ 68213.88 | PnL:-65.7225 | 剩余现金:10098.94
2026-04-07 22:41:20.346 | INFO     | core.portfolio:_open_long:76 - [BUY] BTC/USDT 0.029966 @ 67436.30 | 费用:2.0208 | 剩余现金:8076.13
2026-04-07 22:41:20.347 | INFO     | core.portfolio:_close_long:98 - [SELL] BTC/USDT 0.029966 @ 72358.80 | PnL:+145.3396 | 剩余现金:10242.26
2026-04-07 22:41:20.349 | INFO     | core.portfolio:_open_long:76 - [BUY] BTC/USDT 0.028858 @ 71019.49 | 费用:2.0495 | 剩余现金:8190.74
2026-04-07 22:41:20.349 | INFO     | core.portfolio:_close_long:98 - [SELL] BTC/USDT 0.028858 @ 65121.82 | PnL:-172.0739 | 剩余现金:10068.14
2026-04-07 22:41:20.352 | INFO     | core.portfolio:_open_long:76 - [BUY] BTC/USDT 0.031318 @ 64327.35 | 费用:2.0146 | 剩余现金:8051.49
2026-04-07 22:41:20.354 | INFO     | core.portfolio:_close_long:98 - [SELL] BTC/USDT 0.031318 @ 63995.29 | PnL:-12.4039 | 剩余现金:10053.72
2026-04-07 22:41:20.358 | INFO     | core.portfolio:_open_long:76 - [BUY] BTC/USDT 0.032056 @ 62757.36 | 费用:2.0117 | 剩余现金:8039.96
2026-04-07 22:41:20.360 | INFO     | core.portfolio:_close_long:98 - [SELL] BTC/USDT 0.032056 @ 62180.79 | PnL:-20.4758 | 剩余现金:10031.23
2026-04-07 22:41:20.362 | INFO     | core.portfolio:_open_long:76 - [BUY] BTC/USDT 0.031840 @ 63041.30 | 费用:2.0072 | 剩余现金:8021.98
2026-04-07 22:41:20.364 | INFO     | core.portfolio:_close_long:98 - [SELL] BTC/USDT 0.031840 @ 67158.60 | PnL:+128.9574 | 剩余现金:10158.18
2026-04-07 22:41:20.367 | INFO     | core.portfolio:_open_long:76 - [BUY] BTC/USDT 0.029510 @ 68880.82 | 费用:2.0327 | 剩余现金:8123.50
2026-04-07 22:41:20.368 | INFO     | core.portfolio:_close_long:98 - [SELL] BTC/USDT 0.029510 @ 68370.00 | PnL:-17.0919 | 剩余现金:10139.06
2026-04-07 22:41:20.368 | INFO     | core.portfolio:_open_long:76 - [BUY] BTC/USDT 0.029457 @ 68874.42 | 费用:2.0288 | 剩余现金:8108.21
2026-04-07 22:41:20.368 | INFO     | core.portfolio:_close_long:98 - [SELL] BTC/USDT 0.029457 @ 67911.03 | PnL:-30.3790 | 剩余现金:10106.65
2026-04-07 22:41:20.371 | INFO     | core.portfolio:_open_long:76 - [BUY] BTC/USDT 0.029556 @ 68424.90 | 费用:2.0223 | 剩余现金:8082.29
2026-04-07 22:41:20.373 | INFO     | core.portfolio:_close_long:98 - [SELL] BTC/USDT 0.029556 @ 69334.62 | PnL:+24.8381 | 剩余现金:10129.47
2026-04-07 22:41:20.382 | INFO     | core.portfolio:_open_long:76 - [BUY] BTC/USDT 0.032662 @ 62057.41 | 费用:2.0269 | 剩余现金:8100.53
2026-04-07 22:41:20.383 | INFO     | core.portfolio:_close_long:98 - [SELL] BTC/USDT 0.032662 @ 60159.81 | PnL:-63.9442 | 剩余现金:10063.50
2026-04-07 22:41:20.385 | INFO     | core.portfolio:_open_long:76 - [BUY] BTC/USDT 0.034779 @ 57900.24 | 费用:2.0137 | 剩余现金:8047.78
2026-04-07 22:41:20.386 | INFO     | core.portfolio:_close_long:98 - [SELL] BTC/USDT 0.034779 @ 56071.95 | PnL:-65.5359 | 剩余现金:9995.95
2026-04-07 22:41:20.387 | INFO     | core.portfolio:_open_long:76 - [BUY] BTC/USDT 0.034948 @ 57233.30 | 费用:2.0002 | 剩余现金:7993.76
2026-04-07 22:41:20.388 | INFO     | core.portfolio:_close_long:98 - [SELL] BTC/USDT 0.034948 @ 60747.01 | PnL:+120.6741 | 剩余现金:10114.62
2026-04-07 22:41:20.393 | INFO     | core.portfolio:_open_long:76 - [BUY] BTC/USDT 0.029790 @ 67939.95 | 费用:2.0239 | 剩余现金:8088.66
2026-04-07 22:41:20.394 | INFO     | core.portfolio:_close_long:98 - [SELL] BTC/USDT 0.029790 @ 65767.10 | PnL:-66.6886 | 剩余现金:10045.91
2026-04-07 22:41:20.398 | INFO     | core.portfolio:_open_long:76 - [BUY] BTC/USDT 0.033811 @ 59453.71 | 费用:2.0102 | 剩余现金:8033.71
2026-04-07 22:41:20.400 | INFO     | core.portfolio:_close_long:98 - [SELL] BTC/USDT 0.033811 @ 59017.98 | PnL:-16.7281 | 剩余现金:10027.17
2026-04-07 22:41:20.402 | INFO     | core.portfolio:_open_long:76 - [BUY] BTC/USDT 0.033796 @ 59369.77 | 费用:2.0064 | 剩余现金:8018.73
2026-04-07 22:41:20.405 | INFO     | core.portfolio:_close_long:98 - [SELL] BTC/USDT 0.033796 @ 63595.69 | PnL:+140.6681 | 剩余现金:10165.83
2026-04-07 22:41:20.412 | INFO     | core.portfolio:_open_long:76 - [BUY] BTC/USDT 0.035649 @ 57062.02 | 费用:2.0342 | 剩余现金:8129.61
2026-04-07 22:41:20.413 | INFO     | core.portfolio:_close_long:98 - [SELL] BTC/USDT 0.035649 @ 60469.95 | PnL:+119.3325 | 剩余现金:10283.13
2026-04-07 22:41:20.415 | INFO     | core.portfolio:_open_long:76 - [BUY] BTC/USDT 0.034370 @ 59867.62 | 费用:2.0577 | 剩余现金:8223.42
2026-04-07 22:41:20.416 | INFO     | core.portfolio:_close_long:98 - [SELL] BTC/USDT 0.034370 @ 63768.10 | PnL:+131.8681 | 剩余现金:10412.94
2026-04-07 22:41:20.422 | INFO     | core.portfolio:_open_long:76 - [BUY] BTC/USDT 0.033499 @ 62199.28 | 费用:2.0836 | 剩余现金:8327.23
2026-04-07 22:41:20.424 | INFO     | core.portfolio:_close_long:98 - [SELL] BTC/USDT 0.033499 @ 62167.10 | PnL:-3.1607 | 剩余现金:10407.70
2026-04-07 22:41:20.425 | INFO     | core.portfolio:_open_long:76 - [BUY] BTC/USDT 0.033068 @ 62979.47 | 费用:2.0826 | 剩余现金:8323.03
2026-04-07 22:41:20.426 | INFO     | core.portfolio:_close_long:98 - [SELL] BTC/USDT 0.033068 @ 66962.50 | PnL:+129.4949 | 剩余现金:10535.11
2026-04-07 22:41:20.430 | INFO     | core.portfolio:_open_long:76 - [BUY] BTC/USDT 0.030937 @ 68140.85 | 费用:2.1081 | 剩余现金:8424.93
2026-04-07 22:41:20.431 | INFO     | core.portfolio:_close_long:98 - [SELL] BTC/USDT 0.030937 @ 67149.71 | PnL:-32.7405 | 剩余现金:10500.26
2026-04-07 22:41:20.431 | INFO     | core.portfolio:_open_long:76 - [BUY] BTC/USDT 0.030952 @ 67881.72 | 费用:2.1011 | 剩余现金:8397.06
2026-04-07 22:41:20.432 | INFO     | core.portfolio:_close_long:98 - [SELL] BTC/USDT 0.030952 @ 72367.60 | PnL:+136.6086 | 剩余现金:10634.77
2026-04-07 22:41:20.435 | INFO     | core.portfolio:_open_long:76 - [BUY] BTC/USDT 0.028690 @ 74173.27 | 费用:2.1280 | 剩余现金:8504.62
2026-04-07 22:41:20.437 | INFO     | core.portfolio:_close_long:98 - [SELL] BTC/USDT 0.028690 @ 78788.39 | PnL:+130.1464 | 剩余现金:10762.79
2026-04-07 22:41:20.444 | INFO     | core.portfolio:_open_long:76 - [BUY] BTC/USDT 0.022508 @ 95684.52 | 费用:2.1536 | 剩余现金:8607.00
2026-04-07 22:41:20.446 | INFO     | core.portfolio:_close_long:98 - [SELL] BTC/USDT 0.022508 @ 96022.06 | PnL:+5.4361 | 剩余现金:10766.07
2026-04-07 22:41:20.447 | INFO     | core.portfolio:_open_long:76 - [BUY] BTC/USDT 0.020915 @ 103001.37 | 费用:2.1543 | 剩余现金:8609.62
2026-04-07 22:41:20.447 | INFO     | core.portfolio:_close_long:98 - [SELL] BTC/USDT 0.020915 @ 98983.08 | PnL:-86.1135 | 剩余现金:10677.80
2026-04-07 22:41:20.450 | INFO     | core.portfolio:_open_long:76 - [BUY] BTC/USDT 0.021251 @ 100541.35 | 费用:2.1366 | 剩余现金:8539.04
2026-04-07 22:41:20.452 | INFO     | core.portfolio:_close_long:98 - [SELL] BTC/USDT 0.021251 @ 106537.80 | PnL:+125.1681 | 剩余现金:10800.83
2026-04-07 22:41:20.456 | INFO     | core.portfolio:_open_long:76 - [BUY] BTC/USDT 0.022070 @ 97924.84 | 费用:2.1612 | 剩余现金:8637.42
2026-04-07 22:41:20.457 | INFO     | core.portfolio:_close_long:98 - [SELL] BTC/USDT 0.022070 @ 94519.42 | PnL:-77.2453 | 剩余现金:10721.43
2026-04-07 22:41:20.462 | INFO     | core.backtester:run:82 - 回测完成: 最终权益 10721.43, 收益率 7.21%
2026-04-07 22:41:27.494 | INFO     | __main__:main:96 - 策略: rsi | 标的: BTC/USDT | 区间: 2024-01-01 → 2024-12-31
2026-04-07 22:41:27.496 | INFO     | core.exchange:__init__:36 - 交易所已切换至模拟盘(Demo Trading)
2026-04-07 22:41:27.496 | INFO     | core.data_feed:get_historical_data:33 - 从缓存加载: /Users/mi/Desktop/workspace/quant-dev/data/BTC_USDT_4h_2024-01-01_2024-12-31.parquet
2026-04-07 22:41:27.574 | INFO     | core.backtester:run:34 - 回测开始: BTC/USDT, 共 1992 根 K 线, 初始资金: 10000.0
2026-04-07 22:41:27.589 | INFO     | core.portfolio:_open_long:76 - [BUY] BTC/USDT 0.030055 @ 66577.37 | 费用:2.0010 | 剩余现金:7997.00
2026-04-07 22:41:27.590 | INFO     | core.portfolio:_close_long:98 - [SELL] BTC/USDT 0.030055 @ 63051.36 | PnL:-107.8703 | 剩余现金:9890.13
2026-04-07 22:41:27.595 | INFO     | core.portfolio:_open_long:76 - [BUY] BTC/USDT 0.029937 @ 66105.44 | 费用:1.9790 | 剩余现金:7909.13
2026-04-07 22:41:27.597 | INFO     | core.portfolio:_close_long:98 - [SELL] BTC/USDT 0.029937 @ 70676.64 | PnL:+134.7335 | 剩余现金:10022.88
2026-04-07 22:41:27.599 | INFO     | core.portfolio:_open_long:76 - [BUY] BTC/USDT 0.029864 @ 67157.96 | 费用:2.0056 | 剩余现金:8015.30
2026-04-07 22:41:27.599 | INFO     | core.portfolio:_close_long:98 - [SELL] BTC/USDT 0.029864 @ 62266.15 | PnL:-147.9466 | 剩余现金:9872.93
2026-04-07 22:41:27.599 | INFO     | core.portfolio:_open_long:76 - [BUY] BTC/USDT 0.030634 @ 64488.73 | 费用:1.9756 | 剩余现金:7895.38
2026-04-07 22:41:27.600 | INFO     | core.portfolio:_close_long:98 - [SELL] BTC/USDT 0.030634 @ 61940.81 | PnL:-79.9513 | 剩余现金:9791.00
2026-04-07 22:41:27.605 | INFO     | core.portfolio:_open_long:76 - [BUY] BTC/USDT 0.032268 @ 60716.24 | 费用:1.9592 | 剩余现金:7829.87
2026-04-07 22:41:27.606 | INFO     | core.portfolio:_close_long:98 - [SELL] BTC/USDT 0.032268 @ 57471.55 | PnL:-106.5536 | 剩余现金:9682.49
2026-04-07 22:41:27.606 | INFO     | core.portfolio:_open_long:76 - [BUY] BTC/USDT 0.033187 @ 58379.78 | 费用:1.9375 | 剩余现金:7743.09
2026-04-07 22:41:27.607 | INFO     | core.portfolio:_close_long:98 - [SELL] BTC/USDT 0.033187 @ 62053.96 | PnL:+119.8767 | 剩余现金:9800.43
2026-04-07 22:41:27.620 | INFO     | core.portfolio:_open_long:76 - [BUY] BTC/USDT 0.029100 @ 67391.58 | 费用:1.9611 | 剩余现金:7837.40
2026-04-07 22:41:27.622 | INFO     | core.portfolio:_close_long:98 - [SELL] BTC/USDT 0.029100 @ 65317.13 | PnL:-62.2664 | 剩余现金:9736.20
2026-04-07 22:41:27.625 | INFO     | core.portfolio:_open_long:76 - [BUY] BTC/USDT 0.031763 @ 61336.65 | 费用:1.9482 | 剩余现金:7786.04
2026-04-07 22:41:27.627 | INFO     | core.portfolio:_close_long:98 - [SELL] BTC/USDT 0.031763 @ 63398.29 | PnL:+63.4692 | 剩余现金:9797.72
2026-04-07 22:41:27.628 | INFO     | core.portfolio:_open_long:76 - [BUY] BTC/USDT 0.033622 @ 58311.34 | 费用:1.9605 | 剩余现金:7835.24
2026-04-07 22:41:27.628 | INFO     | core.portfolio:_close_long:98 - [SELL] BTC/USDT 0.033622 @ 55200.69 | PnL:-106.4414 | 剩余现金:9689.32
2026-04-07 22:41:27.629 | INFO     | core.portfolio:_open_long:76 - [BUY] BTC/USDT 0.034197 @ 56696.33 | 费用:1.9388 | 剩余现金:7748.55
2026-04-07 22:41:27.632 | INFO     | core.portfolio:_close_long:98 - [SELL] BTC/USDT 0.034197 @ 60075.25 | PnL:+113.4937 | 剩余现金:9800.88
2026-04-07 22:41:27.638 | INFO     | core.portfolio:_open_long:76 - [BUY] BTC/USDT 0.030474 @ 64354.16 | 费用:1.9612 | 剩余现金:7837.76
2026-04-07 22:41:27.639 | INFO     | core.portfolio:_close_long:98 - [SELL] BTC/USDT 0.030474 @ 61455.36 | PnL:-90.2122 | 剩余现金:9708.70
2026-04-07 22:41:27.639 | INFO     | core.portfolio:_open_long:76 - [BUY] BTC/USDT 0.031984 @ 60740.35 | 费用:1.9427 | 剩余现金:7764.05
2026-04-07 22:41:27.639 | INFO     | core.portfolio:_close_long:98 - [SELL] BTC/USDT 0.031984 @ 58135.72 | PnL:-85.1658 | 剩余现金:9621.60
2026-04-07 22:41:27.640 | INFO     | core.portfolio:_open_long:76 - [BUY] BTC/USDT 0.035443 @ 54321.05 | 费用:1.9253 | 剩余现金:7694.39
2026-04-07 22:41:27.641 | INFO     | core.portfolio:_close_long:98 - [SELL] BTC/USDT 0.035443 @ 59394.29 | PnL:+177.7040 | 剩余现金:9797.37
2026-04-07 22:41:27.647 | INFO     | core.portfolio:_open_long:76 - [BUY] BTC/USDT 0.032693 @ 59965.87 | 费用:1.9605 | 剩余现金:7834.96
2026-04-07 22:41:27.648 | INFO     | core.portfolio:_close_long:98 - [SELL] BTC/USDT 0.032693 @ 58058.06 | PnL:-64.2699 | 剩余现金:9731.14
2026-04-07 22:41:27.651 | INFO     | core.portfolio:_open_long:76 - [BUY] BTC/USDT 0.036069 @ 53985.68 | 费用:1.9472 | 剩余现金:7781.99
2026-04-07 22:41:27.652 | INFO     | core.portfolio:_close_long:98 - [SELL] BTC/USDT 0.036069 @ 57922.62 | PnL:+139.9119 | 剩余现金:9869.11
2026-04-07 22:41:27.660 | INFO     | core.portfolio:_open_long:76 - [BUY] BTC/USDT 0.031968 @ 61774.77 | 费用:1.9748 | 剩余现金:7892.32
2026-04-07 22:41:27.663 | INFO     | core.portfolio:_close_long:98 - [SELL] BTC/USDT 0.031968 @ 59695.94 | PnL:-68.3643 | 剩余现金:9798.77
2026-04-07 22:41:27.686 | INFO     | core.portfolio:_open_long:76 - [BUY] BTC/USDT 0.020109 @ 97506.73 | 费用:1.9607 | 剩余现金:7836.07
2026-04-07 22:41:27.686 | INFO     | core.portfolio:_close_long:98 - [SELL] BTC/USDT 0.020109 @ 92690.13 | PnL:-98.7194 | 剩余现金:9698.09
2026-04-07 22:41:27.687 | INFO     | core.portfolio:_open_long:76 - [BUY] BTC/USDT 0.019998 @ 97041.00 | 费用:1.9406 | 剩余现金:7755.56
2026-04-07 22:41:27.688 | INFO     | core.portfolio:_close_long:98 - [SELL] BTC/USDT 0.019998 @ 93219.17 | PnL:-78.2916 | 剩余现金:9617.86
2026-04-07 22:41:27.692 | INFO     | core.backtester:run:82 - 回测完成: 最终权益 9617.86, 收益率 -3.82%
2026-04-07 22:41:37.261 | INFO     | __main__:main:96 - 策略: bollinger_bands | 标的: BTC/USDT | 区间: 2024-01-01 → 2024-12-31
2026-04-07 22:41:37.263 | INFO     | core.exchange:__init__:36 - 交易所已切换至模拟盘(Demo Trading)
2026-04-07 22:41:37.264 | INFO     | core.data_feed:get_historical_data:33 - 从缓存加载: /Users/mi/Desktop/workspace/quant-dev/data/BTC_USDT_4h_2024-01-01_2024-12-31.parquet
2026-04-07 22:41:37.352 | INFO     | core.backtester:run:34 - 回测开始: BTC/USDT, 共 1992 根 K 线, 初始资金: 10000.0
2026-04-07 22:41:37.376 | INFO     | core.portfolio:_open_long:76 - [BUY] BTC/USDT 0.031498 @ 63528.85 | 费用:2.0010 | 剩余现金:7997.00
2026-04-07 22:41:37.376 | INFO     | core.portfolio:_close_long:98 - [SELL] BTC/USDT 0.031498 @ 66510.83 | PnL:+91.8300 | 剩余现金:10089.83
2026-04-07 22:41:37.386 | INFO     | core.portfolio:_open_long:76 - [BUY] BTC/USDT 0.030750 @ 65658.11 | 费用:2.0190 | 剩余现金:8068.84
2026-04-07 22:41:37.386 | INFO     | core.portfolio:_close_long:98 - [SELL] BTC/USDT 0.030750 @ 64779.79 | PnL:-29.0001 | 剩余现金:10058.81
2026-04-07 22:41:37.392 | INFO     | core.portfolio:_open_long:76 - [BUY] BTC/USDT 0.030877 @ 65186.98 | 费用:2.0128 | 剩余现金:8044.03
2026-04-07 22:41:37.392 | INFO     | core.portfolio:_close_long:98 - [SELL] BTC/USDT 0.030877 @ 67090.84 | PnL:+56.7136 | 剩余现金:10113.51
2026-04-07 22:41:37.393 | INFO     | core.portfolio:_open_long:76 - [BUY] BTC/USDT 0.032469 @ 62328.45 | 费用:2.0237 | 剩余现金:8087.77
2026-04-07 22:41:37.393 | INFO     | core.portfolio:_close_long:98 - [SELL] BTC/USDT 0.032469 @ 61623.17 | PnL:-24.9001 | 剩余现金:10086.59
2026-04-07 22:41:37.393 | INFO     | core.portfolio:_open_long:76 - [BUY] BTC/USDT 0.032732 @ 61663.02 | 费用:2.0183 | 剩余现金:8066.24
2026-04-07 22:41:37.393 | INFO     | core.portfolio:_close_long:98 - [SELL] BTC/USDT 0.032732 @ 64424.27 | PnL:+88.2715 | 剩余现金:10172.84
2026-04-07 22:41:37.403 | INFO     | core.portfolio:_open_long:76 - [BUY] BTC/USDT 0.034320 @ 59311.54 | 费用:2.0356 | 剩余现金:8135.22
2026-04-07 22:41:37.403 | INFO     | core.portfolio:_close_long:98 - [SELL] BTC/USDT 0.034320 @ 60655.56 | PnL:+44.0452 | 剩余现金:10214.85
2026-04-07 22:41:37.403 | INFO     | core.portfolio:_open_long:76 - [BUY] BTC/USDT 0.035530 @ 57529.05 | 费用:2.0440 | 剩余现金:8168.81
2026-04-07 22:41:37.403 | INFO     | core.portfolio:_close_long:98 - [SELL] BTC/USDT 0.035530 @ 57872.85 | PnL:+10.1589 | 剩余现金:10222.96
2026-04-07 22:41:37.404 | INFO     | core.portfolio:_open_long:76 - [BUY] BTC/USDT 0.035945 @ 56909.64 | 费用:2.0456 | 剩余现金:8175.30
2026-04-07 22:41:37.404 | INFO     | core.portfolio:_close_long:98 - [SELL] BTC/USDT 0.035945 @ 56934.72 | PnL:-1.1451 | 剩余现金:10219.77
2026-04-07 22:41:37.427 | INFO     | core.portfolio:_open_long:76 - [BUY] BTC/USDT 0.030248 @ 67606.79 | 费用:2.0450 | 剩余现金:8172.75
2026-04-07 22:41:37.428 | INFO     | core.portfolio:_close_long:98 - [SELL] BTC/USDT 0.030248 @ 66846.06 | PnL:-25.0325 | 剩余现金:10192.70
2026-04-07 22:41:37.428 | INFO     | core.portfolio:_open_long:76 - [BUY] BTC/USDT 0.030789 @ 66243.41 | 费用:2.0396 | 剩余现金:8151.10
2026-04-07 22:41:37.428 | INFO     | core.portfolio:_close_long:98 - [SELL] BTC/USDT 0.030789 @ 67324.22 | PnL:+31.2042 | 剩余现金:10221.86
2026-04-07 22:41:37.435 | INFO     | core.portfolio:_open_long:76 - [BUY] BTC/USDT 0.032498 @ 62938.65 | 费用:2.0454 | 剩余现金:8174.42
2026-04-07 22:41:37.435 | INFO     | core.portfolio:_close_long:98 - [SELL] BTC/USDT 0.032498 @ 62419.37 | PnL:-18.9042 | 剩余现金:10200.91
2026-04-07 22:41:37.436 | INFO     | core.portfolio:_open_long:76 - [BUY] BTC/USDT 0.033288 @ 61318.74 | 费用:2.0412 | 剩余现金:8157.67
2026-04-07 22:41:37.436 | INFO     | core.portfolio:_close_long:98 - [SELL] BTC/USDT 0.033288 @ 60814.58 | PnL:-18.8073 | 剩余现金:10180.06
2026-04-07 22:41:37.436 | INFO     | core.portfolio:_open_long:76 - [BUY] BTC/USDT 0.034311 @ 59369.67 | 费用:2.0370 | 剩余现金:8141.00
2026-04-07 22:41:37.436 | INFO     | core.portfolio:_close_long:98 - [SELL] BTC/USDT 0.034311 @ 60260.15 | PnL:+28.4858 | 剩余现金:10206.51
2026-04-07 22:41:37.442 | INFO     | core.portfolio:_open_long:76 - [BUY] BTC/USDT 0.035055 @ 58260.42 | 费用:2.0423 | 剩余现金:8162.15
2026-04-07 22:41:37.442 | INFO     | core.portfolio:_close_long:98 - [SELL] BTC/USDT 0.035055 @ 57735.52 | PnL:-20.4243 | 剩余现金:10184.05
2026-04-07 22:41:37.443 | INFO     | core.portfolio:_open_long:76 - [BUY] BTC/USDT 0.036880 @ 55255.91 | 费用:2.0378 | 剩余现金:8144.18
2026-04-07 22:41:37.443 | INFO     | core.portfolio:_close_long:98 - [SELL] BTC/USDT 0.036880 @ 54384.69 | PnL:-34.1361 | 剩余现金:10147.87
2026-04-07 22:41:37.458 | INFO     | core.portfolio:_open_long:76 - [BUY] BTC/USDT 0.032318 @ 62831.30 | 费用:2.0306 | 剩余现金:8115.25
2026-04-07 22:41:37.459 | INFO     | core.portfolio:_close_long:98 - [SELL] BTC/USDT 0.032318 @ 63434.27 | PnL:+17.4367 | 剩余现金:10163.28
2026-04-07 22:41:37.461 | INFO     | core.portfolio:_open_long:76 - [BUY] BTC/USDT 0.037789 @ 53815.89 | 费用:2.0337 | 剩余现金:8127.57
2026-04-07 22:41:37.461 | INFO     | core.portfolio:_close_long:98 - [SELL] BTC/USDT 0.037789 @ 52652.36 | PnL:-45.9590 | 剩余现金:10115.28
2026-04-07 22:41:37.461 | INFO     | core.portfolio:_open_long:76 - [BUY] BTC/USDT 0.039392 @ 51382.28 | 费用:2.0241 | 剩余现金:8089.19
2026-04-07 22:41:37.461 | INFO     | core.portfolio:_close_long:98 - [SELL] BTC/USDT 0.039392 @ 54266.75 | PnL:+111.4885 | 剩余现金:10224.75
2026-04-07 22:41:37.474 | INFO     | core.portfolio:_open_long:76 - [BUY] BTC/USDT 0.034423 @ 59435.70 | 费用:2.0460 | 剩余现金:8176.73
2026-04-07 22:41:37.474 | INFO     | core.portfolio:_close_long:98 - [SELL] BTC/USDT 0.034423 @ 59597.99 | PnL:+3.5348 | 剩余现金:10226.24
2026-04-07 22:41:37.474 | INFO     | core.portfolio:_open_long:76 - [BUY] BTC/USDT 0.034899 @ 58633.30 | 费用:2.0463 | 剩余现金:8177.92
2026-04-07 22:41:37.474 | INFO     | core.portfolio:_close_long:98 - [SELL] BTC/USDT 0.034899 @ 59905.93 | PnL:+42.3234 | 剩余现金:10266.52
2026-04-07 22:41:37.480 | INFO     | core.portfolio:_open_long:76 - [BUY] BTC/USDT 0.037986 @ 54081.73 | 费用:2.0543 | 剩余现金:8210.13
2026-04-07 22:41:37.480 | INFO     | core.portfolio:_close_long:98 - [SELL] BTC/USDT 0.037986 @ 53503.14 | PnL:-24.0106 | 剩余现金:10240.45
2026-04-07 22:41:37.495 | INFO     | core.portfolio:_open_long:76 - [BUY] BTC/USDT 0.033166 @ 61782.88 | 费用:2.0491 | 剩余现金:8189.29
2026-04-07 22:41:37.495 | INFO     | core.portfolio:_close_long:98 - [SELL] BTC/USDT 0.033166 @ 60793.59 | PnL:-34.8274 | 剩余现金:10203.57
2026-04-07 22:41:37.540 | INFO     | core.portfolio:_open_long:76 - [BUY] BTC/USDT 0.020992 @ 97260.71 | 费用:2.0417 | 剩余现金:8159.80
2026-04-07 22:41:37.540 | INFO     | core.portfolio:_close_long:98 - [SELL] BTC/USDT 0.020992 @ 97409.27 | PnL:+1.0739 | 剩余现金:10202.61
2026-04-07 22:41:37.541 | INFO     | core.portfolio:_open_long:76 - [BUY] BTC/USDT 0.022003 @ 92782.87 | 费用:2.0415 | 剩余现金:8159.02
2026-04-07 22:41:37.541 | INFO     | core.portfolio:_close_long:98 - [SELL] BTC/USDT 0.022003 @ 96944.00 | PnL:+89.4262 | 剩余现金:10289.99
2026-04-07 22:41:37.552 | INFO     | core.backtester:run:82 - 回测完成: 最终权益 10289.99, 收益率 2.90%
2026-04-07 22:42:31.411 | INFO     | __main__:main:96 - 策略: ma_crossover | 标的: BTC/USDT | 区间: 2024-01-01 → 2024-12-31
2026-04-07 22:42:31.414 | INFO     | core.exchange:__init__:36 - 交易所已切换至模拟盘(Demo Trading)
2026-04-07 22:42:31.414 | INFO     | core.data_feed:get_historical_data:33 - 从缓存加载: /Users/mi/Desktop/workspace/quant-dev/data/BTC_USDT_4h_2024-01-01_2024-12-31.parquet
2026-04-07 22:42:31.520 | INFO     | core.backtester:run:34 - 回测开始: BTC/USDT, 共 1992 根 K 线, 初始资金: 10000.0
2026-04-07 22:42:31.527 | INFO     | core.portfolio:_open_long:76 - [BUY] BTC/USDT 0.038213 @ 52364.17 | 费用:2.0010 | 剩余现金:7997.00
2026-04-07 22:42:31.528 | INFO     | core.portfolio:_close_long:98 - [SELL] BTC/USDT 0.038213 @ 50942.52 | PnL:-56.2725 | 剩余现金:9941.73
2026-04-07 22:42:31.530 | INFO     | core.portfolio:_open_long:76 - [BUY] BTC/USDT 0.038476 @ 51703.84 | 费用:1.9893 | 剩余现金:7950.40
2026-04-07 22:42:31.531 | INFO     | core.portfolio:_close_long:98 - [SELL] BTC/USDT 0.038476 @ 55649.96 | PnL:+149.6885 | 剩余现金:10089.43
2026-04-07 22:42:31.541 | INFO     | core.portfolio:_open_long:76 - [BUY] BTC/USDT 0.030587 @ 66005.29 | 费用:2.0189 | 剩余现金:8068.51
2026-04-07 22:42:31.541 | INFO     | core.portfolio:_close_long:98 - [SELL] BTC/USDT 0.030587 @ 63846.16 | PnL:-67.9937 | 剩余现金:10019.41
2026-04-07 22:42:31.542 | INFO     | core.portfolio:_open_long:76 - [BUY] BTC/USDT 0.030435 @ 65875.12 | 费用:2.0049 | 剩余现金:8012.52
2026-04-07 22:42:31.542 | INFO     | core.portfolio:_close_long:98 - [SELL] BTC/USDT 0.030435 @ 70851.36 | PnL:+149.2935 | 剩余现金:10166.70
2026-04-07 22:42:31.545 | INFO     | core.portfolio:_open_long:76 - [BUY] BTC/USDT 0.028889 @ 70420.69 | 费用:2.0344 | 剩余现金:8130.31
2026-04-07 22:42:31.546 | INFO     | core.portfolio:_close_long:98 - [SELL] BTC/USDT 0.028889 @ 68213.88 | PnL:-65.7225 | 剩余现金:10098.94
2026-04-07 22:42:31.547 | INFO     | core.portfolio:_open_long:76 - [BUY] BTC/USDT 0.029966 @ 67436.30 | 费用:2.0208 | 剩余现金:8076.13
2026-04-07 22:42:31.549 | INFO     | core.portfolio:_close_long:98 - [SELL] BTC/USDT 0.029966 @ 72358.80 | PnL:+145.3396 | 剩余现金:10242.26
2026-04-07 22:42:31.550 | INFO     | core.portfolio:_open_long:76 - [BUY] BTC/USDT 0.028858 @ 71019.49 | 费用:2.0495 | 剩余现金:8190.74
2026-04-07 22:42:31.551 | INFO     | core.portfolio:_close_long:98 - [SELL] BTC/USDT 0.028858 @ 65121.82 | PnL:-172.0739 | 剩余现金:10068.14
2026-04-07 22:42:31.554 | INFO     | core.portfolio:_open_long:76 - [BUY] BTC/USDT 0.031318 @ 64327.35 | 费用:2.0146 | 剩余现金:8051.49
2026-04-07 22:42:31.556 | INFO     | core.portfolio:_close_long:98 - [SELL] BTC/USDT 0.031318 @ 63995.29 | PnL:-12.4039 | 剩余现金:10053.72
2026-04-07 22:42:31.560 | INFO     | core.portfolio:_open_long:76 - [BUY] BTC/USDT 0.032056 @ 62757.36 | 费用:2.0117 | 剩余现金:8039.96
2026-04-07 22:42:31.562 | INFO     | core.portfolio:_close_long:98 - [SELL] BTC/USDT 0.032056 @ 62180.79 | PnL:-20.4758 | 剩余现金:10031.23
2026-04-07 22:42:31.565 | INFO     | core.portfolio:_open_long:76 - [BUY] BTC/USDT 0.031840 @ 63041.30 | 费用:2.0072 | 剩余现金:8021.98
2026-04-07 22:42:31.567 | INFO     | core.portfolio:_close_long:98 - [SELL] BTC/USDT 0.031840 @ 67158.60 | PnL:+128.9574 | 剩余现金:10158.18
2026-04-07 22:42:31.570 | INFO     | core.portfolio:_open_long:76 - [BUY] BTC/USDT 0.029510 @ 68880.82 | 费用:2.0327 | 剩余现金:8123.50
2026-04-07 22:42:31.571 | INFO     | core.portfolio:_close_long:98 - [SELL] BTC/USDT 0.029510 @ 68370.00 | PnL:-17.0919 | 剩余现金:10139.06
2026-04-07 22:42:31.572 | INFO     | core.portfolio:_open_long:76 - [BUY] BTC/USDT 0.029457 @ 68874.42 | 费用:2.0288 | 剩余现金:8108.21
2026-04-07 22:42:31.572 | INFO     | core.portfolio:_close_long:98 - [SELL] BTC/USDT 0.029457 @ 67911.03 | PnL:-30.3790 | 剩余现金:10106.65
2026-04-07 22:42:31.574 | INFO     | core.portfolio:_open_long:76 - [BUY] BTC/USDT 0.029556 @ 68424.90 | 费用:2.0223 | 剩余现金:8082.29
2026-04-07 22:42:31.576 | INFO     | core.portfolio:_close_long:98 - [SELL] BTC/USDT 0.029556 @ 69334.62 | PnL:+24.8381 | 剩余现金:10129.47
2026-04-07 22:42:31.586 | INFO     | core.portfolio:_open_long:76 - [BUY] BTC/USDT 0.032662 @ 62057.41 | 费用:2.0269 | 剩余现金:8100.53
2026-04-07 22:42:31.587 | INFO     | core.portfolio:_close_long:98 - [SELL] BTC/USDT 0.032662 @ 60159.81 | PnL:-63.9442 | 剩余现金:10063.50
2026-04-07 22:42:31.590 | INFO     | core.portfolio:_open_long:76 - [BUY] BTC/USDT 0.034779 @ 57900.24 | 费用:2.0137 | 剩余现金:8047.78
2026-04-07 22:42:31.590 | INFO     | core.portfolio:_close_long:98 - [SELL] BTC/USDT 0.034779 @ 56071.95 | PnL:-65.5359 | 剩余现金:9995.95
2026-04-07 22:42:31.591 | INFO     | core.portfolio:_open_long:76 - [BUY] BTC/USDT 0.034948 @ 57233.30 | 费用:2.0002 | 剩余现金:7993.76
2026-04-07 22:42:31.592 | INFO     | core.portfolio:_close_long:98 - [SELL] BTC/USDT 0.034948 @ 60747.01 | PnL:+120.6741 | 剩余现金:10114.62
2026-04-07 22:42:31.597 | INFO     | core.portfolio:_open_long:76 - [BUY] BTC/USDT 0.029790 @ 67939.95 | 费用:2.0239 | 剩余现金:8088.66
2026-04-07 22:42:31.599 | INFO     | core.portfolio:_close_long:98 - [SELL] BTC/USDT 0.029790 @ 65767.10 | PnL:-66.6886 | 剩余现金:10045.91
2026-04-07 22:42:31.602 | INFO     | core.portfolio:_open_long:76 - [BUY] BTC/USDT 0.033811 @ 59453.71 | 费用:2.0102 | 剩余现金:8033.71
2026-04-07 22:42:31.604 | INFO     | core.portfolio:_close_long:98 - [SELL] BTC/USDT 0.033811 @ 59017.98 | PnL:-16.7281 | 剩余现金:10027.17
2026-04-07 22:42:31.607 | INFO     | core.portfolio:_open_long:76 - [BUY] BTC/USDT 0.033796 @ 59369.77 | 费用:2.0064 | 剩余现金:8018.73
2026-04-07 22:42:31.609 | INFO     | core.portfolio:_close_long:98 - [SELL] BTC/USDT 0.033796 @ 63595.69 | PnL:+140.6681 | 剩余现金:10165.83
2026-04-07 22:42:31.616 | INFO     | core.portfolio:_open_long:76 - [BUY] BTC/USDT 0.035649 @ 57062.02 | 费用:2.0342 | 剩余现金:8129.61
2026-04-07 22:42:31.618 | INFO     | core.portfolio:_close_long:98 - [SELL] BTC/USDT 0.035649 @ 60469.95 | PnL:+119.3325 | 剩余现金:10283.13
2026-04-07 22:42:31.620 | INFO     | core.portfolio:_open_long:76 - [BUY] BTC/USDT 0.034370 @ 59867.62 | 费用:2.0577 | 剩余现金:8223.42
2026-04-07 22:42:31.621 | INFO     | core.portfolio:_close_long:98 - [SELL] BTC/USDT 0.034370 @ 63768.10 | PnL:+131.8681 | 剩余现金:10412.94
2026-04-07 22:42:31.627 | INFO     | core.portfolio:_open_long:76 - [BUY] BTC/USDT 0.033499 @ 62199.28 | 费用:2.0836 | 剩余现金:8327.23
2026-04-07 22:42:31.629 | INFO     | core.portfolio:_close_long:98 - [SELL] BTC/USDT 0.033499 @ 62167.10 | PnL:-3.1607 | 剩余现金:10407.70
2026-04-07 22:42:31.630 | INFO     | core.portfolio:_open_long:76 - [BUY] BTC/USDT 0.033068 @ 62979.47 | 费用:2.0826 | 剩余现金:8323.03
2026-04-07 22:42:31.632 | INFO     | core.portfolio:_close_long:98 - [SELL] BTC/USDT 0.033068 @ 66962.50 | PnL:+129.4949 | 剩余现金:10535.11
2026-04-07 22:42:31.636 | INFO     | core.portfolio:_open_long:76 - [BUY] BTC/USDT 0.030937 @ 68140.85 | 费用:2.1081 | 剩余现金:8424.93
2026-04-07 22:42:31.636 | INFO     | core.portfolio:_close_long:98 - [SELL] BTC/USDT 0.030937 @ 67149.71 | PnL:-32.7405 | 剩余现金:10500.26
2026-04-07 22:42:31.637 | INFO     | core.portfolio:_open_long:76 - [BUY] BTC/USDT 0.030952 @ 67881.72 | 费用:2.1011 | 剩余现金:8397.06
2026-04-07 22:42:31.638 | INFO     | core.portfolio:_close_long:98 - [SELL] BTC/USDT 0.030952 @ 72367.60 | PnL:+136.6086 | 剩余现金:10634.77
2026-04-07 22:42:31.641 | INFO     | core.portfolio:_open_long:76 - [BUY] BTC/USDT 0.028690 @ 74173.27 | 费用:2.1280 | 剩余现金:8504.62
2026-04-07 22:42:31.643 | INFO     | core.portfolio:_close_long:98 - [SELL] BTC/USDT 0.028690 @ 78788.39 | PnL:+130.1464 | 剩余现金:10762.79
2026-04-07 22:42:31.650 | INFO     | core.portfolio:_open_long:76 - [BUY] BTC/USDT 0.022508 @ 95684.52 | 费用:2.1536 | 剩余现金:8607.00
2026-04-07 22:42:31.652 | INFO     | core.portfolio:_close_long:98 - [SELL] BTC/USDT 0.022508 @ 96022.06 | PnL:+5.4361 | 剩余现金:10766.07
2026-04-07 22:42:31.653 | INFO     | core.portfolio:_open_long:76 - [BUY] BTC/USDT 0.020915 @ 103001.37 | 费用:2.1543 | 剩余现金:8609.62
2026-04-07 22:42:31.653 | INFO     | core.portfolio:_close_long:98 - [SELL] BTC/USDT 0.020915 @ 98983.08 | PnL:-86.1135 | 剩余现金:10677.80
2026-04-07 22:42:31.656 | INFO     | core.portfolio:_open_long:76 - [BUY] BTC/USDT 0.021251 @ 100541.35 | 费用:2.1366 | 剩余现金:8539.04
2026-04-07 22:42:31.658 | INFO     | core.portfolio:_close_long:98 - [SELL] BTC/USDT 0.021251 @ 106537.80 | PnL:+125.1681 | 剩余现金:10800.83
2026-04-07 22:42:31.662 | INFO     | core.portfolio:_open_long:76 - [BUY] BTC/USDT 0.022070 @ 97924.84 | 费用:2.1612 | 剩余现金:8637.42
2026-04-07 22:42:31.663 | INFO     | core.portfolio:_close_long:98 - [SELL] BTC/USDT 0.022070 @ 94519.42 | PnL:-77.2453 | 剩余现金:10721.43
2026-04-07 22:42:31.669 | INFO     | core.backtester:run:82 - 回测完成: 最终权益 10721.43, 收益率 7.21%
2026-04-07 22:42:32.227 | INFO     | analysis.visualizer:plot_backtest:101 - 图表已保存: logs/backtest_ma_crossover_BTC_USDT_2024-01-01_2024-12-31.png
2026-04-07 22:44:58.816 | INFO     | __main__:main:96 - 策略: ma_crossover | 标的: BTC/USDT | 区间: 2024-01-01 → 2024-12-31
2026-04-07 22:44:58.819 | INFO     | core.exchange:__init__:36 - 交易所已切换至模拟盘(Demo Trading)
2026-04-07 22:44:58.819 | INFO     | core.data_feed:get_historical_data:33 - 从缓存加载: /Users/mi/Desktop/workspace/quant-dev/data/BTC_USDT_4h_2024-01-01_2024-12-31.parquet
2026-04-07 22:44:58.927 | INFO     | core.backtester:run:34 - 回测开始: BTC/USDT, 共 1992 根 K 线, 初始资金: 10000.0
2026-04-07 22:44:58.937 | INFO     | core.portfolio:_open_long:76 - [BUY] BTC/USDT 0.038266 @ 52291.63 | 费用:2.0010 | 剩余现金:7997.00
2026-04-07 22:44:58.938 | INFO     | core.portfolio:_close_long:98 - [SELL] BTC/USDT 0.038266 @ 51576.60 | PnL:-29.3352 | 剩余现金:9968.66
2026-04-07 22:44:58.941 | INFO     | core.portfolio:_open_long:76 - [BUY] BTC/USDT 0.036589 @ 54516.74 | 费用:1.9947 | 剩余现金:7971.94
2026-04-07 22:44:58.942 | INFO     | core.portfolio:_close_long:98 - [SELL] BTC/USDT 0.036589 @ 58120.93 | PnL:+129.7478 | 剩余现金:10096.42
2026-04-07 22:44:58.959 | INFO     | core.portfolio:_open_long:76 - [BUY] BTC/USDT 0.031239 @ 64671.32 | 费用:2.0203 | 剩余现金:8074.10
2026-04-07 22:44:58.960 | INFO     | core.portfolio:_close_long:98 - [SELL] BTC/USDT 0.031239 @ 67159.40 | PnL:+75.6282 | 剩余现金:10170.02
2026-04-07 22:44:58.961 | INFO     | core.portfolio:_open_long:76 - [BUY] BTC/USDT 0.029105 @ 69918.94 | 费用:2.0350 | 剩余现金:8132.97
2026-04-07 22:44:58.964 | INFO     | core.portfolio:_close_long:98 - [SELL] BTC/USDT 0.029105 @ 70140.21 | PnL:+4.3987 | 剩余现金:10172.39
2026-04-07 22:44:58.965 | INFO     | core.portfolio:_open_long:76 - [BUY] BTC/USDT 0.029099 @ 69951.06 | 费用:2.0355 | 剩余现金:8134.86
2026-04-07 22:44:58.966 | INFO     | core.portfolio:_close_long:98 - [SELL] BTC/USDT 0.029099 @ 69423.17 | PnL:-17.3810 | 剩余现金:10152.97
2026-04-07 22:44:58.969 | INFO     | core.portfolio:_open_long:76 - [BUY] BTC/USDT 0.030011 @ 67694.83 | 费用:2.0316 | 剩余现金:8119.33
2026-04-07 22:44:58.971 | INFO     | core.portfolio:_close_long:98 - [SELL] BTC/USDT 0.030011 @ 72358.80 | PnL:+137.8003 | 剩余现金:10288.74
2026-04-07 22:44:58.979 | INFO     | core.portfolio:_open_long:76 - [BUY] BTC/USDT 0.032299 @ 63741.75 | 费用:2.0588 | 剩余现金:8227.90
2026-04-07 22:44:58.983 | INFO     | core.portfolio:_close_long:98 - [SELL] BTC/USDT 0.032299 @ 64353.91 | PnL:+17.6932 | 剩余现金:10304.38
2026-04-07 22:44:58.989 | INFO     | core.portfolio:_open_long:76 - [BUY] BTC/USDT 0.032253 @ 63929.85 | 费用:2.0619 | 剩余现金:8240.41
2026-04-07 22:44:58.992 | INFO     | core.portfolio:_close_long:98 - [SELL] BTC/USDT 0.032253 @ 62142.71 | PnL:-59.6441 | 剩余现金:10242.67
2026-04-07 22:44:58.996 | INFO     | core.portfolio:_open_long:76 - [BUY] BTC/USDT 0.033259 @ 61624.50 | 费用:2.0496 | 剩余现金:8191.06
2026-04-07 22:44:58.997 | INFO     | core.portfolio:_close_long:98 - [SELL] BTC/USDT 0.033259 @ 65980.79 | PnL:+142.6908 | 剩余现金:10383.31
2026-04-07 22:44:59.005 | INFO     | core.portfolio:_open_long:76 - [BUY] BTC/USDT 0.029510 @ 70405.99 | 费用:2.0777 | 剩余现金:8303.53
2026-04-07 22:44:59.005 | INFO     | core.portfolio:_close_long:98 - [SELL] BTC/USDT 0.029510 @ 68016.77 | PnL:-72.5135 | 剩余现金:10308.72
2026-04-07 22:44:59.009 | INFO     | core.portfolio:_open_long:76 - [BUY] BTC/USDT 0.030254 @ 68181.27 | 费用:2.0628 | 剩余现金:8243.88
2026-04-07 22:44:59.010 | INFO     | core.portfolio:_close_long:98 - [SELL] BTC/USDT 0.030254 @ 69051.26 | PnL:+24.2316 | 剩余现金:10330.89
2026-04-07 22:44:59.010 | INFO     | core.portfolio:_open_long:76 - [BUY] BTC/USDT 0.030030 @ 68837.70 | 费用:2.0672 | 剩余现金:8261.61
2026-04-07 22:44:59.014 | INFO     | core.portfolio:_close_long:98 - [SELL] BTC/USDT 0.030030 @ 69227.17 | PnL:+9.6169 | 剩余现金:10338.44
2026-04-07 22:44:59.028 | INFO     | core.portfolio:_open_long:76 - [BUY] BTC/USDT 0.034389 @ 60157.06 | 费用:2.0687 | 剩余现金:8267.65
2026-04-07 22:44:59.028 | INFO     | core.portfolio:_close_long:98 - [SELL] BTC/USDT 0.034389 @ 61084.54 | PnL:+29.7942 | 剩余现金:10366.16
2026-04-07 22:44:59.029 | INFO     | core.portfolio:_open_long:76 - [BUY] BTC/USDT 0.033026 @ 62806.39 | 费用:2.0743 | 剩余现金:8289.82
2026-04-07 22:44:59.031 | INFO     | core.portfolio:_close_long:98 - [SELL] BTC/USDT 0.033026 @ 60841.56 | PnL:-66.9004 | 剩余现金:10297.19
2026-04-07 22:44:59.035 | INFO     | core.portfolio:_open_long:76 - [BUY] BTC/USDT 0.036028 @ 57190.58 | 费用:2.0605 | 剩余现金:8234.66
2026-04-07 22:44:59.036 | INFO     | core.portfolio:_close_long:98 - [SELL] BTC/USDT 0.036028 @ 57371.30 | PnL:+4.4440 | 剩余现金:10299.57
2026-04-07 22:44:59.037 | INFO     | core.portfolio:_open_long:76 - [BUY] BTC/USDT 0.035889 @ 57426.00 | 费用:2.0609 | 剩余现金:8236.57
2026-04-07 22:44:59.039 | INFO     | core.portfolio:_close_long:98 - [SELL] BTC/USDT 0.035889 @ 58808.68 | PnL:+47.5121 | 剩余现金:10345.02
2026-04-07 22:44:59.039 | INFO     | core.portfolio:_open_long:76 - [BUY] BTC/USDT 0.034938 @ 59249.51 | 费用:2.0700 | 剩余现金:8272.91
2026-04-07 22:44:59.040 | INFO     | core.portfolio:_close_long:98 - [SELL] BTC/USDT 0.034938 @ 62817.48 | PnL:+122.4617 | 剩余现金:10465.41
2026-04-07 22:44:59.049 | INFO     | core.portfolio:_open_long:76 - [BUY] BTC/USDT 0.030661 @ 68300.03 | 费用:2.0941 | 剩余现金:8369.19
2026-04-07 22:44:59.051 | INFO     | core.portfolio:_close_long:98 - [SELL] BTC/USDT 0.030661 @ 66184.89 | PnL:-66.8811 | 剩余现金:10396.44
2026-04-07 22:44:59.057 | INFO     | core.portfolio:_open_long:76 - [BUY] BTC/USDT 0.033885 @ 61394.08 | 费用:2.0803 | 剩余现金:8314.03
2026-04-07 22:44:59.059 | INFO     | core.portfolio:_close_long:98 - [SELL] BTC/USDT 0.033885 @ 58686.54 | PnL:-93.7331 | 剩余现金:10300.63
2026-04-07 22:44:59.065 | INFO     | core.portfolio:_open_long:76 - [BUY] BTC/USDT 0.035071 @ 58771.47 | 费用:2.0612 | 剩余现金:8237.41
2026-04-07 22:44:59.068 | INFO     | core.portfolio:_close_long:98 - [SELL] BTC/USDT 0.035071 @ 63595.69 | PnL:+166.9581 | 剩余现金:10465.52
2026-04-07 22:44:59.081 | INFO     | core.portfolio:_open_long:76 - [BUY] BTC/USDT 0.036580 @ 57249.11 | 费用:2.0942 | 剩余现金:8369.28
2026-04-07 22:44:59.086 | INFO     | core.portfolio:_close_long:98 - [SELL] BTC/USDT 0.036580 @ 61100.53 | PnL:+138.6486 | 剩余现金:10602.08
2026-04-07 22:44:59.087 | INFO     | core.portfolio:_open_long:76 - [BUY] BTC/USDT 0.033848 @ 62675.92 | 费用:2.1215 | 剩余现金:8478.48
2026-04-07 22:44:59.096 | INFO     | core.portfolio:_close_long:98 - [SELL] BTC/USDT 0.033848 @ 63688.24 | PnL:+32.1095 | 剩余现金:10632.07
2026-04-07 22:44:59.100 | INFO     | core.portfolio:_open_long:76 - [BUY] BTC/USDT 0.034242 @ 62130.95 | 费用:2.1275 | 剩余现金:8502.46
2026-04-07 22:44:59.103 | INFO     | core.portfolio:_close_long:98 - [SELL] BTC/USDT 0.034242 @ 61231.67 | PnL:-32.8897 | 剩余现金:10597.05
2026-04-07 22:44:59.105 | INFO     | core.portfolio:_open_long:76 - [BUY] BTC/USDT 0.033874 @ 62598.38 | 费用:2.1205 | 剩余现金:8474.46
2026-04-07 22:44:59.107 | INFO     | core.portfolio:_close_long:98 - [SELL] BTC/USDT 0.033874 @ 66962.50 | PnL:+145.5627 | 剩余现金:10740.49
2026-04-07 22:44:59.115 | INFO     | core.portfolio:_open_long:76 - [BUY] BTC/USDT 0.031974 @ 67216.89 | 费用:2.1492 | 剩余现金:8589.17
2026-04-07 22:44:59.117 | INFO     | core.portfolio:_close_long:98 - [SELL] BTC/USDT 0.031974 @ 69589.19 | PnL:+73.6260 | 剩余现金:10811.97
2026-04-07 22:44:59.117 | INFO     | core.portfolio:_open_long:76 - [BUY] BTC/USDT 0.030480 @ 70980.57 | 费用:2.1635 | 剩余现金:8646.33
2026-04-07 22:44:59.121 | INFO     | core.portfolio:_close_long:98 - [SELL] BTC/USDT 0.030480 @ 69569.40 | PnL:-45.1328 | 剩余现金:10764.67
2026-04-07 22:44:59.124 | INFO     | core.portfolio:_open_long:76 - [BUY] BTC/USDT 0.028987 @ 74309.14 | 费用:2.1540 | 剩余现金:8608.51
2026-04-07 22:44:59.126 | INFO     | core.portfolio:_close_long:98 - [SELL] BTC/USDT 0.028987 @ 78788.39 | PnL:+127.5569 | 剩余现金:10890.07
2026-04-07 22:44:59.141 | INFO     | core.portfolio:_open_long:76 - [BUY] BTC/USDT 0.022349 @ 97504.73 | 费用:2.1791 | 剩余现金:8708.79
2026-04-07 22:44:59.144 | INFO     | core.portfolio:_close_long:98 - [SELL] BTC/USDT 0.022349 @ 94953.50 | PnL:-59.1387 | 剩余现金:10828.76
2026-04-07 22:44:59.145 | INFO     | core.portfolio:_open_long:76 - [BUY] BTC/USDT 0.021116 @ 102616.28 | 费用:2.1668 | 剩余现金:8659.76
2026-04-07 22:44:59.145 | INFO     | core.portfolio:_close_long:98 - [SELL] BTC/USDT 0.021116 @ 98983.08 | PnL:-78.8083 | 剩余现金:10747.78
2026-04-07 22:44:59.151 | INFO     | core.portfolio:_open_long:76 - [BUY] BTC/USDT 0.021419 @ 100406.18 | 费用:2.1506 | 剩余现金:8595.00
2026-04-07 22:44:59.153 | INFO     | core.portfolio:_close_long:98 - [SELL] BTC/USDT 0.021419 @ 106537.80 | PnL:+129.0532 | 剩余现金:10874.68
2026-04-07 22:44:59.160 | INFO     | core.portfolio:_open_long:76 - [BUY] BTC/USDT 0.022253 @ 97784.17 | 费用:2.1760 | 剩余现金:8696.48
2026-04-07 22:44:59.161 | INFO     | core.portfolio:_close_long:98 - [SELL] BTC/USDT 0.022253 @ 94519.42 | PnL:-74.7550 | 剩余现金:10797.75
2026-04-07 22:44:59.168 | INFO     | core.backtester:run:82 - 回测完成: 最终权益 10797.75, 收益率 7.98%
2026-04-07 22:48:51.653 | INFO     | __main__:main:96 - 策略: ma_crossover | 标的: BTC/USDT | 区间: 2024-01-01 → 2024-12-31
2026-04-07 22:48:51.656 | INFO     | core.exchange:__init__:46 - 交易账户已连接模拟盘(Demo Trading)
2026-04-07 22:48:51.658 | INFO     | core.exchange:__init__:52 - 行情数据使用正式公开接口
2026-04-07 22:48:51.659 | INFO     | core.exchange:fetch_ohlcv_range:82 - 开始拉取 BTC/USDT 4h 数据: 2024-01-01 → 2024-12-31
2026-04-07 22:48:52.478 | DEBUG    | core.exchange:fetch_ohlcv_range:89 - 已拉取 300 条，最新: 2024-02-19 20:00:00.001000
2026-04-07 22:48:52.572 | DEBUG    | core.exchange:fetch_ohlcv_range:89 - 已拉取 600 条，最新: 2024-04-09 20:00:00.001000
2026-04-07 22:48:52.695 | DEBUG    | core.exchange:fetch_ohlcv_range:89 - 已拉取 900 条，最新: 2024-05-29 20:00:00.001000
2026-04-07 22:48:52.832 | DEBUG    | core.exchange:fetch_ohlcv_range:89 - 已拉取 1200 条，最新: 2024-07-18 20:00:00.001000
2026-04-07 22:48:52.920 | DEBUG    | core.exchange:fetch_ohlcv_range:89 - 已拉取 1500 条，最新: 2024-09-06 20:00:00.001000
2026-04-07 22:48:53.037 | DEBUG    | core.exchange:fetch_ohlcv_range:89 - 已拉取 1800 条，最新: 2024-10-26 20:00:00.001000
2026-04-07 22:48:53.150 | DEBUG    | core.exchange:fetch_ohlcv_range:89 - 已拉取 2100 条，最新: 2024-12-15 20:00:00.001000
2026-04-07 22:48:53.267 | DEBUG    | core.exchange:fetch_ohlcv_range:89 - 已拉取 2400 条，最新: 2025-02-03 20:00:00.001000
2026-04-07 22:48:53.275 | INFO     | core.exchange:fetch_ohlcv_range:96 - 共拉取 2191 条 K 线
2026-04-07 22:48:53.305 | INFO     | core.data_feed:get_historical_data:38 - 数据已缓存: /Users/mi/Desktop/workspace/quant-dev/data/BTC_USDT_4h_2024-01-01_2024-12-31.parquet
2026-04-07 22:48:53.320 | INFO     | core.backtester:run:34 - 回测开始: BTC/USDT, 共 1992 根 K 线, 初始资金: 10000.0
2026-04-07 22:48:53.331 | INFO     | core.portfolio:_open_long:76 - [BUY] BTC/USDT 0.038266 @ 52291.53 | 费用:2.0010 | 剩余现金:7997.00
2026-04-07 22:48:53.332 | INFO     | core.portfolio:_close_long:98 - [SELL] BTC/USDT 0.038266 @ 51576.70 | PnL:-29.3276 | 剩余现金:9968.67
2026-04-07 22:48:53.335 | INFO     | core.portfolio:_open_long:76 - [BUY] BTC/USDT 0.036590 @ 54515.94 | 费用:1.9947 | 剩余现金:7971.95
2026-04-07 22:48:53.336 | INFO     | core.portfolio:_close_long:98 - [SELL] BTC/USDT 0.036590 @ 58216.88 | PnL:+133.2865 | 剩余现金:10099.96
2026-04-07 22:48:53.352 | INFO     | core.portfolio:_open_long:76 - [BUY] BTC/USDT 0.031250 @ 64672.22 | 费用:2.0210 | 剩余现金:8076.94
2026-04-07 22:48:53.353 | INFO     | core.portfolio:_close_long:98 - [SELL] BTC/USDT 0.031250 @ 67178.29 | PnL:+76.2153 | 剩余现金:10174.16
2026-04-07 22:48:53.354 | INFO     | core.portfolio:_open_long:76 - [BUY] BTC/USDT 0.029123 @ 69904.73 | 费用:2.0358 | 剩余现金:8136.27
2026-04-07 22:48:53.357 | INFO     | core.portfolio:_close_long:98 - [SELL] BTC/USDT 0.029123 @ 70140.61 | PnL:+4.8268 | 剩余现金:10176.95
2026-04-07 22:48:53.358 | INFO     | core.portfolio:_open_long:76 - [BUY] BTC/USDT 0.029113 @ 69949.56 | 费用:2.0364 | 剩余现金:8138.50
2026-04-07 22:48:53.358 | INFO     | core.portfolio:_close_long:98 - [SELL] BTC/USDT 0.029113 @ 69429.17 | PnL:-17.1711 | 剩余现金:10157.74
2026-04-07 22:48:53.362 | INFO     | core.portfolio:_open_long:76 - [BUY] BTC/USDT 0.030022 @ 67703.53 | 费用:2.0326 | 剩余现金:8123.14
2026-04-07 22:48:53.363 | INFO     | core.portfolio:_close_long:98 - [SELL] BTC/USDT 0.030022 @ 72358.90 | PnL:+137.5889 | 剩余现金:10293.30
2026-04-07 22:48:53.371 | INFO     | core.portfolio:_open_long:76 - [BUY] BTC/USDT 0.031739 @ 64893.83 | 费用:2.0597 | 剩余现金:8231.55
2026-04-07 22:48:53.375 | INFO     | core.portfolio:_close_long:98 - [SELL] BTC/USDT 0.031739 @ 64353.81 | PnL:-19.1826 | 剩余现金:10272.06
2026-04-07 22:48:53.381 | INFO     | core.portfolio:_open_long:76 - [BUY] BTC/USDT 0.032153 @ 63926.05 | 费用:2.0554 | 剩余现金:8214.56
2026-04-07 22:48:53.384 | INFO     | core.portfolio:_close_long:98 - [SELL] BTC/USDT 0.032153 @ 62138.92 | PnL:-59.4603 | 剩余现金:10210.54
2026-04-07 22:48:53.388 | INFO     | core.portfolio:_open_long:76 - [BUY] BTC/USDT 0.033157 @ 61620.39 | 费用:2.0431 | 剩余现金:8165.37
2026-04-07 22:48:53.388 | INFO     | core.portfolio:_close_long:98 - [SELL] BTC/USDT 0.033157 @ 65967.20 | PnL:+141.9385 | 剩余现金:10350.43
2026-04-07 22:48:53.396 | INFO     | core.portfolio:_open_long:76 - [BUY] BTC/USDT 0.029417 @ 70405.99 | 费用:2.0711 | 剩余现金:8277.24
2026-04-07 22:48:53.396 | INFO     | core.portfolio:_close_long:98 - [SELL] BTC/USDT 0.029417 @ 68016.77 | PnL:-72.2839 | 剩余现金:10276.08
2026-04-07 22:48:53.400 | INFO     | core.portfolio:_open_long:76 - [BUY] BTC/USDT 0.030159 @ 68181.17 | 费用:2.0562 | 剩余现金:8217.78
2026-04-07 22:48:53.401 | INFO     | core.portfolio:_close_long:98 - [SELL] BTC/USDT 0.030159 @ 69052.76 | PnL:+24.2031 | 剩余现金:10298.23
2026-04-07 22:48:53.401 | INFO     | core.portfolio:_open_long:76 - [BUY] BTC/USDT 0.029936 @ 68835.10 | 费用:2.0607 | 剩余现金:8235.49
2026-04-07 22:48:53.405 | INFO     | core.portfolio:_close_long:98 - [SELL] BTC/USDT 0.029936 @ 69227.17 | PnL:+9.6647 | 剩余现金:10305.83
2026-04-07 22:48:53.419 | INFO     | core.portfolio:_open_long:76 - [BUY] BTC/USDT 0.034274 @ 60167.77 | 费用:2.0622 | 剩余现金:8241.57
2026-04-07 22:48:53.419 | INFO     | core.portfolio:_close_long:98 - [SELL] BTC/USDT 0.034274 @ 61084.54 | PnL:+29.3280 | 剩余现金:10333.10
2026-04-07 22:48:53.420 | INFO     | core.portfolio:_open_long:76 - [BUY] BTC/USDT 0.032921 @ 62805.59 | 费用:2.0677 | 剩余现金:8263.38
2026-04-07 22:48:53.422 | INFO     | core.portfolio:_close_long:98 - [SELL] BTC/USDT 0.032921 @ 60838.97 | PnL:-66.7470 | 剩余现金:10264.28
2026-04-07 22:48:53.426 | INFO     | core.portfolio:_open_long:76 - [BUY] BTC/USDT 0.035918 @ 57183.18 | 费用:2.0539 | 剩余现金:8208.34
2026-04-07 22:48:53.427 | INFO     | core.portfolio:_close_long:98 - [SELL] BTC/USDT 0.035918 @ 57671.25 | PnL:+15.4590 | 剩余现金:10277.69
2026-04-07 22:48:53.427 | INFO     | core.portfolio:_open_long:76 - [BUY] BTC/USDT 0.035330 @ 58210.69 | 费用:2.0566 | 剩余现金:8219.07
2026-04-07 22:48:53.430 | INFO     | core.portfolio:_close_long:98 - [SELL] BTC/USDT 0.035330 @ 62618.68 | PnL:+153.5204 | 剩余现金:10429.15
2026-04-07 22:48:53.439 | INFO     | core.portfolio:_open_long:76 - [BUY] BTC/USDT 0.030560 @ 68288.63 | 费用:2.0869 | 剩余现金:8340.19
2026-04-07 22:48:53.441 | INFO     | core.portfolio:_close_long:98 - [SELL] BTC/USDT 0.030560 @ 66184.79 | PnL:-66.3150 | 剩余现金:10360.75
2026-04-07 22:48:53.447 | INFO     | core.portfolio:_open_long:76 - [BUY] BTC/USDT 0.033770 @ 61390.78 | 费用:2.0732 | 剩余现金:8285.49
2026-04-07 22:48:53.449 | INFO     | core.portfolio:_close_long:98 - [SELL] BTC/USDT 0.033770 @ 58682.34 | PnL:-93.4464 | 剩余现金:10265.23
2026-04-07 22:48:53.453 | INFO     | core.portfolio:_open_long:76 - [BUY] BTC/USDT 0.034400 @ 59711.44 | 费用:2.0541 | 剩余现金:8209.10
2026-04-07 22:48:53.453 | INFO     | core.portfolio:_close_long:98 - [SELL] BTC/USDT 0.034400 @ 58850.96 | PnL:-31.6250 | 剩余现金:10231.55
2026-04-07 22:48:53.454 | INFO     | core.portfolio:_open_long:76 - [BUY] BTC/USDT 0.034974 @ 58539.15 | 费用:2.0473 | 剩余现金:8182.17
2026-04-07 22:48:53.457 | INFO     | core.portfolio:_close_long:98 - [SELL] BTC/USDT 0.034974 @ 63590.69 | PnL:+174.4470 | 剩余现金:10403.95
2026-04-07 22:48:53.470 | INFO     | core.portfolio:_open_long:76 - [BUY] BTC/USDT 0.036364 @ 57249.01 | 费用:2.0818 | 剩余现金:8320.04
2026-04-07 22:48:53.474 | INFO     | core.portfolio:_close_long:98 - [SELL] BTC/USDT 0.036364 @ 61103.43 | PnL:+137.9421 | 剩余现金:10539.81
2026-04-07 22:48:53.476 | INFO     | core.portfolio:_open_long:76 - [BUY] BTC/USDT 0.033650 @ 62675.92 | 费用:2.1090 | 剩余现金:8428.68
2026-04-07 22:48:53.484 | INFO     | core.portfolio:_close_long:98 - [SELL] BTC/USDT 0.033650 @ 63686.44 | PnL:+31.8605 | 剩余现金:10569.56
2026-04-07 22:48:53.487 | INFO     | core.portfolio:_open_long:76 - [BUY] BTC/USDT 0.034041 @ 62130.95 | 费用:2.1150 | 剩余现金:8452.48
2026-04-07 22:48:53.490 | INFO     | core.portfolio:_close_long:98 - [SELL] BTC/USDT 0.034041 @ 61227.57 | PnL:-32.8357 | 剩余现金:10534.61
2026-04-07 22:48:53.492 | INFO     | core.portfolio:_open_long:76 - [BUY] BTC/USDT 0.033675 @ 62598.28 | 费用:2.1080 | 剩余现金:8424.53
2026-04-07 22:48:53.494 | INFO     | core.portfolio:_close_long:98 - [SELL] BTC/USDT 0.033675 @ 66940.61 | PnL:+143.9722 | 剩余现金:10676.47
2026-04-07 22:48:53.502 | INFO     | core.portfolio:_open_long:76 - [BUY] BTC/USDT 0.031781 @ 67220.99 | 费用:2.1364 | 剩余现金:8537.98
2026-04-07 22:48:53.503 | INFO     | core.portfolio:_close_long:98 - [SELL] BTC/USDT 0.031781 @ 69597.58 | PnL:+73.3189 | 剩余现金:10747.66
2026-04-07 22:48:53.503 | INFO     | core.portfolio:_open_long:76 - [BUY] BTC/USDT 0.030298 @ 70980.67 | 费用:2.1506 | 剩余现金:8594.90
2026-04-07 22:48:53.507 | INFO     | core.portfolio:_close_long:98 - [SELL] BTC/USDT 0.030298 @ 69569.30 | PnL:-44.8703 | 剩余现金:10700.64
2026-04-07 22:48:53.510 | INFO     | core.portfolio:_open_long:76 - [BUY] BTC/USDT 0.028814 @ 74310.74 | 费用:2.1412 | 剩余现金:8557.30
2026-04-07 22:48:53.512 | INFO     | core.portfolio:_close_long:98 - [SELL] BTC/USDT 0.028814 @ 78788.29 | PnL:+126.7464 | 剩余现金:10825.24
2026-04-07 22:48:53.526 | INFO     | core.portfolio:_open_long:76 - [BUY] BTC/USDT 0.022216 @ 97504.83 | 费用:2.1661 | 剩余现金:8656.94
2026-04-07 22:48:53.529 | INFO     | core.portfolio:_close_long:98 - [SELL] BTC/USDT 0.022216 @ 94953.50 | PnL:-58.7888 | 剩余现金:10764.29
2026-04-07 22:48:53.530 | INFO     | core.portfolio:_open_long:76 - [BUY] BTC/USDT 0.020990 @ 102616.28 | 费用:2.1539 | 剩余现金:8608.20
2026-04-07 22:48:53.531 | INFO     | core.portfolio:_close_long:98 - [SELL] BTC/USDT 0.020990 @ 98976.39 | PnL:-78.4796 | 剩余现金:10683.65
2026-04-07 22:48:53.536 | INFO     | core.portfolio:_open_long:76 - [BUY] BTC/USDT 0.021291 @ 100406.28 | 费用:2.1378 | 剩余现金:8543.72
2026-04-07 22:48:53.539 | INFO     | core.portfolio:_close_long:98 - [SELL] BTC/USDT 0.021291 @ 106537.70 | PnL:+128.2788 | 剩余现金:10809.79
2026-04-07 22:48:53.546 | INFO     | core.portfolio:_open_long:76 - [BUY] BTC/USDT 0.022121 @ 97781.17 | 费用:2.1630 | 剩余现金:8644.59
2026-04-07 22:48:53.546 | INFO     | core.portfolio:_close_long:98 - [SELL] BTC/USDT 0.022121 @ 94529.21 | PnL:-74.0283 | 剩余现金:10733.60
2026-04-07 22:48:53.552 | INFO     | core.backtester:run:82 - 回测完成: 最终权益 10733.60, 收益率 7.34%
2026-04-07 22:49:58.693 | INFO     | __main__:main:96 - 策略: ma_crossover | 标的: ETH/USDT | 区间: 2024-01-01 → 2024-12-31
2026-04-07 22:49:58.696 | INFO     | core.exchange:__init__:46 - 交易账户已连接模拟盘(Demo Trading)
2026-04-07 22:49:58.698 | INFO     | core.exchange:__init__:52 - 行情数据使用正式公开接口
2026-04-07 22:49:58.699 | INFO     | core.exchange:fetch_ohlcv_range:82 - 开始拉取 ETH/USDT 4h 数据: 2024-01-01 → 2024-12-31
2026-04-07 22:49:59.510 | DEBUG    | core.exchange:fetch_ohlcv_range:89 - 已拉取 300 条，最新: 2024-02-19 20:00:00.001000
2026-04-07 22:49:59.615 | DEBUG    | core.exchange:fetch_ohlcv_range:89 - 已拉取 600 条，最新: 2024-04-09 20:00:00.001000
2026-04-07 22:49:59.738 | DEBUG    | core.exchange:fetch_ohlcv_range:89 - 已拉取 900 条，最新: 2024-05-29 20:00:00.001000
2026-04-07 22:49:59.849 | DEBUG    | core.exchange:fetch_ohlcv_range:89 - 已拉取 1200 条，最新: 2024-07-18 20:00:00.001000
2026-04-07 22:49:59.977 | DEBUG    | core.exchange:fetch_ohlcv_range:89 - 已拉取 1500 条，最新: 2024-09-06 20:00:00.001000
2026-04-07 22:50:00.094 | DEBUG    | core.exchange:fetch_ohlcv_range:89 - 已拉取 1800 条，最新: 2024-10-26 20:00:00.001000
2026-04-07 22:50:00.205 | DEBUG    | core.exchange:fetch_ohlcv_range:89 - 已拉取 2100 条，最新: 2024-12-15 20:00:00.001000
2026-04-07 22:50:00.313 | DEBUG    | core.exchange:fetch_ohlcv_range:89 - 已拉取 2400 条，最新: 2025-02-03 20:00:00.001000
2026-04-07 22:50:00.323 | INFO     | core.exchange:fetch_ohlcv_range:96 - 共拉取 2191 条 K 线
2026-04-07 22:50:00.359 | INFO     | core.data_feed:get_historical_data:38 - 数据已缓存: /Users/mi/Desktop/workspace/quant-dev/data/ETH_USDT_4h_2024-01-01_2024-12-31.parquet
2026-04-07 22:50:00.376 | INFO     | core.backtester:run:34 - 回测开始: ETH/USDT, 共 1992 根 K 线, 初始资金: 10000.0
2026-04-07 22:50:00.390 | INFO     | core.portfolio:_open_long:76 - [BUY] ETH/USDT 0.669512 @ 2988.74 | 费用:2.0010 | 剩余现金:7997.00
2026-04-07 22:50:00.392 | INFO     | core.portfolio:_close_long:98 - [SELL] ETH/USDT 0.669512 @ 3177.73 | PnL:+124.4014 | 剩余现金:10122.40
2026-04-07 22:50:00.409 | INFO     | core.portfolio:_open_long:76 - [BUY] ETH/USDT 0.601473 @ 3367.55 | 费用:2.0255 | 剩余现金:8094.88
2026-04-07 22:50:00.410 | INFO     | core.portfolio:_close_long:98 - [SELL] ETH/USDT 0.601473 @ 3453.46 | PnL:+49.5951 | 剩余现金:10169.97
2026-04-07 22:50:00.411 | INFO     | core.portfolio:_open_long:76 - [BUY] ETH/USDT 0.560051 @ 3633.62 | 费用:2.0350 | 剩余现金:8132.92
2026-04-07 22:50:00.412 | INFO     | core.portfolio:_close_long:98 - [SELL] ETH/USDT 0.560051 @ 3512.40 | PnL:-69.8526 | 剩余现金:10098.08
2026-04-07 22:50:00.415 | INFO     | core.portfolio:_open_long:76 - [BUY] ETH/USDT 0.554019 @ 3647.21 | 费用:2.0206 | 剩余现金:8075.44
2026-04-07 22:50:00.416 | INFO     | core.portfolio:_close_long:98 - [SELL] ETH/USDT 0.554019 @ 3442.06 | PnL:-115.5666 | 剩余现金:9980.50
2026-04-07 22:50:00.419 | INFO     | core.portfolio:_open_long:76 - [BUY] ETH/USDT 0.595582 @ 3353.19 | 费用:1.9971 | 剩余现金:7981.40
2026-04-07 22:50:00.420 | INFO     | core.portfolio:_close_long:98 - [SELL] ETH/USDT 0.595582 @ 3631.43 | PnL:+163.5565 | 剩余现金:10142.05
2026-04-07 22:50:00.429 | INFO     | core.portfolio:_open_long:76 - [BUY] ETH/USDT 0.642803 @ 3157.15 | 费用:2.0294 | 剩余现金:8110.60
2026-04-07 22:50:00.432 | INFO     | core.portfolio:_close_long:98 - [SELL] ETH/USDT 0.642803 @ 3127.51 | PnL:-21.0646 | 剩余现金:10118.96
2026-04-07 22:50:00.434 | INFO     | core.portfolio:_open_long:76 - [BUY] ETH/USDT 0.610100 @ 3318.81 | 费用:2.0248 | 剩余现金:8092.13
2026-04-07 22:50:00.434 | INFO     | core.portfolio:_close_long:98 - [SELL] ETH/USDT 0.610100 @ 3175.94 | PnL:-89.1010 | 剩余现金:10027.83
2026-04-07 22:50:00.438 | INFO     | core.portfolio:_open_long:76 - [BUY] ETH/USDT 0.643468 @ 3118.37 | 费用:2.0066 | 剩余现金:8019.26
2026-04-07 22:50:00.440 | INFO     | core.portfolio:_close_long:98 - [SELL] ETH/USDT 0.643468 @ 3004.09 | PnL:-75.4693 | 剩余现金:9950.36
2026-04-07 22:50:00.445 | INFO     | core.portfolio:_open_long:76 - [BUY] ETH/USDT 0.686430 @ 2900.61 | 费用:1.9911 | 剩余现金:7957.30
2026-04-07 22:50:00.447 | INFO     | core.portfolio:_close_long:98 - [SELL] ETH/USDT 0.686430 @ 3110.36 | PnL:+141.8468 | 剩余现金:10090.21
2026-04-07 22:50:00.454 | INFO     | core.portfolio:_open_long:76 - [BUY] ETH/USDT 0.509089 @ 3966.01 | 费用:2.0191 | 剩余现金:8069.14
2026-04-07 22:50:00.454 | INFO     | core.portfolio:_close_long:98 - [SELL] ETH/USDT 0.509089 @ 3839.03 | PnL:-66.5998 | 剩余现金:10021.60
2026-04-07 22:50:00.458 | INFO     | core.portfolio:_open_long:76 - [BUY] ETH/USDT 0.530019 @ 3783.49 | 费用:2.0053 | 剩余现金:8014.27
2026-04-07 22:50:00.462 | INFO     | core.portfolio:_close_long:98 - [SELL] ETH/USDT 0.530019 @ 3684.97 | PnL:-54.1728 | 剩余现金:9965.42
2026-04-07 22:50:00.468 | INFO     | core.portfolio:_open_long:76 - [BUY] ETH/USDT 0.549919 @ 3626.13 | 费用:1.9941 | 剩余现金:7969.34
2026-04-07 22:50:00.468 | INFO     | core.portfolio:_close_long:98 - [SELL] ETH/USDT 0.549919 @ 3495.44 | PnL:-73.7916 | 剩余现金:9889.63
2026-04-07 22:50:00.471 | INFO     | core.portfolio:_open_long:76 - [BUY] ETH/USDT 0.559417 @ 3537.46 | 费用:1.9789 | 剩余现金:7908.74
2026-04-07 22:50:00.473 | INFO     | core.portfolio:_close_long:98 - [SELL] ETH/USDT 0.559417 @ 3496.97 | PnL:-24.6055 | 剩余现金:9863.05
2026-04-07 22:50:00.476 | INFO     | core.portfolio:_open_long:76 - [BUY] ETH/USDT 0.574867 @ 3433.14 | 费用:1.9736 | 剩余现金:7887.48
2026-04-07 22:50:00.478 | INFO     | core.portfolio:_close_long:98 - [SELL] ETH/USDT 0.574867 @ 3472.67 | PnL:+20.7322 | 剩余现金:9881.81
2026-04-07 22:50:00.479 | INFO     | core.portfolio:_open_long:76 - [BUY] ETH/USDT 0.572296 @ 3455.12 | 费用:1.9773 | 剩余现金:7902.48
2026-04-07 22:50:00.480 | INFO     | core.portfolio:_close_long:98 - [SELL] ETH/USDT 0.572296 @ 3305.91 | PnL:-87.2845 | 剩余现金:9792.54
2026-04-07 22:50:00.484 | INFO     | core.portfolio:_open_long:76 - [BUY] ETH/USDT 0.635246 @ 3084.61 | 费用:1.9595 | 剩余现金:7831.10
2026-04-07 22:50:00.488 | INFO     | core.portfolio:_close_long:98 - [SELL] ETH/USDT 0.635246 @ 3327.14 | PnL:+151.9490 | 剩余现金:9942.53
2026-04-07 22:50:00.492 | INFO     | core.portfolio:_open_long:76 - [BUY] ETH/USDT 0.565342 @ 3519.11 | 费用:1.9895 | 剩余现金:7951.04
2026-04-07 22:50:00.494 | INFO     | core.portfolio:_close_long:98 - [SELL] ETH/USDT 0.565342 @ 3445.58 | PnL:-43.5189 | 剩余现金:9897.03
2026-04-07 22:50:00.498 | INFO     | core.portfolio:_open_long:76 - [BUY] ETH/USDT 0.587832 @ 3368.98 | 费用:1.9804 | 剩余现金:7914.65
2026-04-07 22:50:00.500 | INFO     | core.portfolio:_close_long:98 - [SELL] ETH/USDT 0.587832 @ 3264.77 | PnL:-63.1811 | 剩余现金:9831.86
2026-04-07 22:50:00.506 | INFO     | core.portfolio:_open_long:76 - [BUY] ETH/USDT 0.746237 @ 2636.37 | 费用:1.9674 | 剩余现金:7862.54
2026-04-07 22:50:00.507 | INFO     | core.portfolio:_close_long:98 - [SELL] ETH/USDT 0.746237 @ 2554.42 | PnL:-63.0569 | 剩余现金:9766.84
2026-04-07 22:50:00.513 | INFO     | core.portfolio:_open_long:76 - [BUY] ETH/USDT 0.740996 @ 2637.46 | 费用:1.9543 | 剩余现金:7810.54
2026-04-07 22:50:00.515 | INFO     | core.portfolio:_close_long:98 - [SELL] ETH/USDT 0.740996 @ 2629.34 | PnL:-7.9603 | 剩余现金:9756.93
2026-04-07 22:50:00.516 | INFO     | core.portfolio:_open_long:76 - [BUY] ETH/USDT 0.706361 @ 2763.97 | 费用:1.9524 | 剩余现金:7802.61
2026-04-07 22:50:00.518 | INFO     | core.portfolio:_close_long:98 - [SELL] ETH/USDT 0.706361 @ 2679.34 | PnL:-61.6730 | 剩余现金:9693.30
2026-04-07 22:50:00.522 | INFO     | core.portfolio:_open_long:76 - [BUY] ETH/USDT 0.782352 @ 2479.23 | 费用:1.9396 | 剩余现金:7751.73
2026-04-07 22:50:00.522 | INFO     | core.portfolio:_close_long:98 - [SELL] ETH/USDT 0.782352 @ 2424.79 | PnL:-44.4898 | 剩余现金:9646.87
2026-04-07 22:50:00.529 | INFO     | core.portfolio:_open_long:76 - [BUY] ETH/USDT 0.810355 @ 2382.09 | 费用:1.9303 | 剩余现金:7714.60
2026-04-07 22:50:00.532 | INFO     | core.portfolio:_close_long:98 - [SELL] ETH/USDT 0.810355 @ 2277.36 | PnL:-86.7137 | 剩余现金:9558.23
2026-04-07 22:50:00.535 | INFO     | core.portfolio:_open_long:76 - [BUY] ETH/USDT 0.775427 @ 2466.51 | 费用:1.9126 | 剩余现金:7643.71
2026-04-07 22:50:00.537 | INFO     | core.portfolio:_close_long:98 - [SELL] ETH/USDT 0.775427 @ 2675.38 | PnL:+159.8881 | 剩余现金:9716.20
2026-04-07 22:50:00.541 | INFO     | core.portfolio:_open_long:76 - [BUY] ETH/USDT 0.727822 @ 2671.27 | 费用:1.9442 | 剩余现金:7770.05
2026-04-07 22:50:00.543 | INFO     | core.portfolio:_close_long:98 - [SELL] ETH/USDT 0.727822 @ 2628.63 | PnL:-32.9547 | 剩余现金:9681.30
2026-04-07 22:50:00.547 | INFO     | core.portfolio:_open_long:76 - [BUY] ETH/USDT 0.775888 @ 2496.79 | 费用:1.9372 | 剩余现金:7742.14
2026-04-07 22:50:00.548 | INFO     | core.portfolio:_close_long:98 - [SELL] ETH/USDT 0.775888 @ 2418.28 | PnL:-62.7894 | 剩余现金:9616.58
2026-04-07 22:50:00.552 | INFO     | core.portfolio:_open_long:76 - [BUY] ETH/USDT 0.782408 @ 2459.43 | 费用:1.9243 | 剩余现金:7690.38
2026-04-07 22:50:00.553 | INFO     | core.portfolio:_close_long:98 - [SELL] ETH/USDT 0.782408 @ 2633.98 | PnL:+134.5110 | 剩余现金:9749.16
2026-04-07 22:50:00.564 | INFO     | core.portfolio:_open_long:76 - [BUY] ETH/USDT 0.740936 @ 2632.90 | 费用:1.9508 | 剩余现金:7796.40
2026-04-07 22:50:00.565 | INFO     | core.portfolio:_close_long:98 - [SELL] ETH/USDT 0.740936 @ 2513.06 | PnL:-90.6506 | 剩余现金:9656.56
2026-04-07 22:50:00.569 | INFO     | core.portfolio:_open_long:76 - [BUY] ETH/USDT 0.718657 @ 2688.73 | 费用:1.9323 | 剩余现金:7722.35
2026-04-07 22:50:00.570 | INFO     | core.portfolio:_close_long:98 - [SELL] ETH/USDT 0.718657 @ 2851.16 | PnL:+114.6825 | 剩余现金:9769.31
2026-04-07 22:50:00.578 | INFO     | core.portfolio:_open_long:76 - [BUY] ETH/USDT 0.609057 @ 3209.61 | 费用:1.9548 | 剩余现金:7812.52
2026-04-07 22:50:00.579 | INFO     | core.portfolio:_close_long:98 - [SELL] ETH/USDT 0.609057 @ 3102.39 | PnL:-67.1963 | 剩余现金:9700.16
2026-04-07 22:50:00.579 | INFO     | core.portfolio:_open_long:76 - [BUY] ETH/USDT 0.625821 @ 3101.53 | 费用:1.9410 | 剩余现金:7757.22
2026-04-07 22:50:00.579 | INFO     | core.portfolio:_close_long:98 - [SELL] ETH/USDT 0.625821 @ 3128.04 | PnL:+14.6299 | 剩余现金:9712.85
2026-04-07 22:50:00.580 | INFO     | core.portfolio:_open_long:76 - [BUY] ETH/USDT 0.617151 @ 3149.21 | 费用:1.9435 | 剩余现金:7767.36
2026-04-07 22:50:00.580 | INFO     | core.portfolio:_close_long:98 - [SELL] ETH/USDT 0.617151 @ 3345.37 | PnL:+118.9913 | 剩余现金:9829.90
2026-04-07 22:50:00.590 | INFO     | core.portfolio:_open_long:76 - [BUY] ETH/USDT 0.500122 @ 3932.97 | 费用:1.9670 | 剩余现金:7860.97
2026-04-07 22:50:00.590 | INFO     | core.portfolio:_close_long:98 - [SELL] ETH/USDT 0.500122 @ 3783.74 | PnL:-76.5247 | 剩余现金:9751.41
2026-04-07 22:50:00.596 | INFO     | core.portfolio:_open_long:76 - [BUY] ETH/USDT 0.499203 @ 3908.74 | 费用:1.9513 | 剩余现金:7798.20
2026-04-07 22:50:00.600 | INFO     | core.portfolio:_close_long:98 - [SELL] ETH/USDT 0.499203 @ 3767.18 | PnL:-72.5517 | 剩余现金:9676.90
2026-04-07 22:50:00.605 | INFO     | core.portfolio:_open_long:76 - [BUY] ETH/USDT 0.553442 @ 3498.74 | 费用:1.9363 | 剩余现金:7738.62
2026-04-07 22:50:00.606 | INFO     | core.portfolio:_close_long:98 - [SELL] ETH/USDT 0.553442 @ 3371.25 | PnL:-72.4213 | 剩余现金:9602.54
2026-04-07 22:50:00.609 | INFO     | core.portfolio:_open_long:76 - [BUY] ETH/USDT 0.571266 @ 3363.53 | 费用:1.9215 | 剩余现金:7679.15
2026-04-07 22:50:00.609 | INFO     | core.portfolio:_close_long:98 - [SELL] ETH/USDT 0.571266 @ 3339.13 | PnL:-15.8472 | 剩余现金:9584.78
2026-04-07 22:50:00.613 | INFO     | core.backtester:run:82 - 回测完成: 最终权益 9587.64, 收益率 -4.12%
2026-04-07 22:57:56.852 | INFO     | __main__:main:96 - 策略: ma_crossover | 标的: BTC/USDT:USDT | 区间: 2024-01-01 → 2024-12-31
2026-04-07 22:57:56.855 | INFO     | core.exchange:__init__:50 - 交易账户已连接模拟盘(Demo Trading)
2026-04-07 22:57:56.857 | INFO     | core.exchange:__init__:56 - 行情数据使用正式公开接口
2026-04-07 22:57:56.858 | INFO     | core.exchange:fetch_ohlcv_range:86 - 开始拉取 BTC/USDT:USDT 4h 数据: 2024-01-01 → 2024-12-31
2026-04-07 22:57:57.674 | DEBUG    | core.exchange:fetch_ohlcv_range:93 - 已拉取 300 条，最新: 2024-02-19 20:00:00.001000
2026-04-07 22:57:57.785 | DEBUG    | core.exchange:fetch_ohlcv_range:93 - 已拉取 600 条，最新: 2024-04-09 20:00:00.001000
2026-04-07 22:57:57.897 | DEBUG    | core.exchange:fetch_ohlcv_range:93 - 已拉取 900 条，最新: 2024-05-29 20:00:00.001000
2026-04-07 22:57:58.007 | DEBUG    | core.exchange:fetch_ohlcv_range:93 - 已拉取 1200 条，最新: 2024-07-18 20:00:00.001000
2026-04-07 22:57:58.132 | DEBUG    | core.exchange:fetch_ohlcv_range:93 - 已拉取 1500 条，最新: 2024-09-06 20:00:00.001000
2026-04-07 22:57:58.231 | DEBUG    | core.exchange:fetch_ohlcv_range:93 - 已拉取 1800 条，最新: 2024-10-26 20:00:00.001000
2026-04-07 22:57:58.355 | DEBUG    | core.exchange:fetch_ohlcv_range:93 - 已拉取 2100 条，最新: 2024-12-15 20:00:00.001000
2026-04-07 22:57:58.473 | DEBUG    | core.exchange:fetch_ohlcv_range:93 - 已拉取 2400 条，最新: 2025-02-03 20:00:00.001000
2026-04-07 22:57:58.483 | INFO     | core.exchange:fetch_ohlcv_range:100 - 共拉取 2191 条 K 线
2026-04-07 22:57:58.525 | INFO     | core.data_feed:get_historical_data:38 - 数据已缓存: /Users/mi/Desktop/workspace/quant-dev/data/BTC_USDT:USDT_4h_2024-01-01_2024-12-31.parquet
2026-04-07 22:57:58.541 | INFO     | core.backtester:run:34 - 回测开始: BTC/USDT:USDT | 1992 根K线 | 初始资金:10000.0 | 杠杆:3x | 资金费率:0.0100%/8h
2026-04-07 22:57:58.551 | INFO     | core.portfolio:_open_short:141 - [开空] BTC/USDT:USDT 0.114533 @ 52386.72 | 杠杆:3x | 保证金:2000.00 | 强平价:69639.41
2026-04-07 22:57:58.552 | INFO     | core.portfolio:_close_position:164 - [平空] BTC/USDT:USDT 0.114533 @ 52287.66 | PnL:+8.3519 | 剩余仓位:0.000000
2026-04-07 22:57:58.552 | INFO     | core.portfolio:_open_long:113 - [开多] BTC/USDT:USDT 0.114887 @ 52287.66 | 杠杆:3x | 保证金:2002.38 | 强平价:35067.59
2026-04-07 22:57:58.554 | INFO     | core.portfolio:_close_position:164 - [平多] BTC/USDT:USDT 0.114887 @ 51591.28 | PnL:-82.9678 | 剩余仓位:0.000000
2026-04-07 22:57:58.554 | INFO     | core.portfolio:_open_short:141 - [开空] BTC/USDT:USDT 0.115416 @ 51591.28 | 杠杆:3x | 保证金:1984.83 | 强平价:68582.01
2026-04-07 22:57:58.557 | INFO     | core.portfolio:_close_position:164 - [平空] BTC/USDT:USDT 0.115416 @ 54534.60 | PnL:-342.8551 | 剩余仓位:0.000000
2026-04-07 22:57:58.569 | INFO     | core.portfolio:_open_short:141 - [开空] BTC/USDT:USDT 0.083345 @ 68971.30 | 杠杆:3x | 保证金:1916.14 | 强平价:91685.85
2026-04-07 22:57:58.572 | INFO     | core.portfolio:_close_position:164 - [平空] BTC/USDT:USDT 0.083345 @ 64732.84 | PnL:+350.5564 | 剩余仓位:0.000000
2026-04-07 22:57:58.575 | INFO     | core.portfolio:_open_long:113 - [开多] BTC/USDT:USDT 0.092181 @ 64663.43 | 杠杆:3x | 保证金:1986.91 | 强平价:43367.61
2026-04-07 22:57:58.576 | INFO     | core.portfolio:_close_position:164 - [平多] BTC/USDT:USDT 0.092181 @ 67211.75 | PnL:+231.8089 | 剩余仓位:0.000000
2026-04-07 22:57:58.576 | INFO     | core.portfolio:_open_short:141 - [开空] BTC/USDT:USDT 0.090746 @ 67211.75 | 杠杆:3x | 保证金:2033.06 | 强平价:89346.83
2026-04-07 22:57:58.576 | INFO     | core.portfolio:_close_position:164 - [平空] BTC/USDT:USDT 0.090746 @ 69811.86 | PnL:-239.1166 | 剩余仓位:0.000000
2026-04-07 22:57:58.576 | INFO     | core.portfolio:_open_long:113 - [开多] BTC/USDT:USDT 0.085140 @ 69904.08 | 杠杆:3x | 保证金:1983.89 | 强平价:46882.33
2026-04-07 22:57:58.580 | INFO     | core.portfolio:_close_position:164 - [平多] BTC/USDT:USDT 0.085140 @ 70193.46 | PnL:+21.6498 | 剩余仓位:0.000000
2026-04-07 22:57:58.580 | INFO     | core.portfolio:_open_short:141 - [开空] BTC/USDT:USDT 0.084919 @ 70193.46 | 杠杆:3x | 保证金:1986.91 | 强平价:93310.50
2026-04-07 22:57:58.580 | INFO     | core.portfolio:_close_position:164 - [平空] BTC/USDT:USDT 0.084919 @ 69964.59 | PnL:+16.4645 | 剩余仓位:0.000000
2026-04-07 22:57:58.580 | INFO     | core.portfolio:_open_long:113 - [开多] BTC/USDT:USDT 0.085322 @ 69964.59 | 杠杆:3x | 保证金:1989.84 | 强平价:46922.92
2026-04-07 22:57:58.581 | INFO     | core.portfolio:_close_position:164 - [平多] BTC/USDT:USDT 0.085322 @ 69476.10 | PnL:-44.6427 | 剩余仓位:0.000000
2026-04-07 22:57:58.581 | INFO     | core.portfolio:_open_short:141 - [开空] BTC/USDT:USDT 0.085490 @ 69476.10 | 杠杆:3x | 保证金:1979.83 | 强平价:92356.90
2026-04-07 22:57:58.582 | INFO     | core.portfolio:_close_position:164 - [平空] BTC/USDT:USDT 0.085490 @ 64902.58 | PnL:+388.2151 | 剩余仓位:0.000000
2026-04-07 22:57:58.585 | INFO     | core.portfolio:_open_long:113 - [开多] BTC/USDT:USDT 0.091134 @ 67697.04 | 杠杆:3x | 保证金:2056.51 | 强平价:45402.15
2026-04-07 22:57:58.586 | INFO     | core.portfolio:_close_position:164 - [平多] BTC/USDT:USDT 0.091134 @ 72416.21 | PnL:+426.7798 | 剩余仓位:0.000000
2026-04-07 22:57:58.589 | INFO     | core.portfolio:_open_short:141 - [开空] BTC/USDT:USDT 0.090478 @ 70972.60 | 杠杆:3x | 保证金:2140.49 | 强平价:94346.25
2026-04-07 22:57:58.590 | INFO     | core.portfolio:_close_position:164 - [平空] BTC/USDT:USDT 0.090478 @ 64796.86 | PnL:+555.8391 | 剩余仓位:0.000000
2026-04-07 22:57:58.594 | INFO     | core.portfolio:_open_long:113 - [开多] BTC/USDT:USDT 0.104117 @ 64877.97 | 杠杆:3x | 保证金:2251.64 | 强平价:43511.49
2026-04-07 22:57:58.598 | INFO     | core.portfolio:_close_position:164 - [平多] BTC/USDT:USDT 0.104117 @ 64381.82 | PnL:-55.0096 | 剩余仓位:0.000000
2026-04-07 22:57:58.598 | INFO     | core.portfolio:_open_short:141 - [开空] BTC/USDT:USDT 0.104318 @ 64381.82 | 杠杆:3x | 保证金:2238.72 | 强平价:85584.90
2026-04-07 22:57:58.601 | INFO     | core.portfolio:_close_position:164 - [平空] BTC/USDT:USDT 0.104318 @ 59315.96 | PnL:+525.3647 | 剩余仓位:0.000000
2026-04-07 22:57:58.604 | INFO     | core.portfolio:_open_long:113 - [开多] BTC/USDT:USDT 0.110033 @ 63908.88 | 杠杆:3x | 保证金:2344.03 | 强平价:42861.55
2026-04-07 22:57:58.607 | INFO     | core.portfolio:_close_position:164 - [平多] BTC/USDT:USDT 0.110033 @ 62165.76 | PnL:-195.2203 | 剩余仓位:0.000000
2026-04-07 22:57:58.607 | INFO     | core.portfolio:_open_short:141 - [开空] BTC/USDT:USDT 0.111172 @ 62165.76 | 杠杆:3x | 保证金:2303.70 | 强平价:82639.02
2026-04-07 22:57:58.611 | INFO     | core.portfolio:_close_position:164 - [平空] BTC/USDT:USDT 0.111172 @ 61593.62 | PnL:+60.1833 | 剩余仓位:0.000000
2026-04-07 22:57:58.611 | INFO     | core.portfolio:_open_long:113 - [开多] BTC/USDT:USDT 0.112878 @ 61593.62 | 杠杆:3x | 保证金:2317.52 | 强平价:41308.79
2026-04-07 22:57:58.612 | INFO     | core.portfolio:_close_position:164 - [平多] BTC/USDT:USDT 0.112878 @ 65984.20 | PnL:+491.8761 | 剩余仓位:0.000000
2026-04-07 22:57:58.618 | INFO     | core.portfolio:_open_short:141 - [开空] BTC/USDT:USDT 0.105639 @ 68549.09 | 杠杆:3x | 保证金:2413.82 | 强平价:91124.59
2026-04-07 22:57:58.620 | INFO     | core.portfolio:_close_position:164 - [平空] BTC/USDT:USDT 0.105639 @ 70422.28 | PnL:-201.6018 | 剩余仓位:0.000000
2026-04-07 22:57:58.620 | INFO     | core.portfolio:_open_long:113 - [开多] BTC/USDT:USDT 0.101168 @ 70422.28 | 杠杆:3x | 保证金:2374.83 | 强平价:47229.88
2026-04-07 22:57:58.621 | INFO     | core.portfolio:_close_position:164 - [平多] BTC/USDT:USDT 0.101168 @ 68059.89 | PnL:-242.4422 | 剩余仓位:0.000000
2026-04-07 22:57:58.622 | INFO     | core.portfolio:_open_short:141 - [开空] BTC/USDT:USDT 0.102905 @ 67769.04 | 杠杆:3x | 保证金:2324.60 | 强平价:90087.65
2026-04-07 22:57:58.625 | INFO     | core.portfolio:_close_position:164 - [平空] BTC/USDT:USDT 0.102905 @ 68178.33 | PnL:-45.6260 | 剩余仓位:0.000000
2026-04-07 22:57:58.625 | INFO     | core.portfolio:_open_long:113 - [开多] BTC/USDT:USDT 0.101972 @ 68178.33 | 杠杆:3x | 保证金:2317.43 | 强平价:45724.94
2026-04-07 22:57:58.625 | INFO     | core.portfolio:_close_position:164 - [平多] BTC/USDT:USDT 0.101972 @ 69082.78 | PnL:+88.7063 | 剩余仓位:0.000000
2026-04-07 22:57:58.625 | INFO     | core.portfolio:_open_short:141 - [开空] BTC/USDT:USDT 0.101372 @ 69082.78 | 杠杆:3x | 保证金:2334.34 | 强平价:91834.04
2026-04-07 22:57:58.626 | INFO     | core.portfolio:_close_position:164 - [平空] BTC/USDT:USDT 0.101372 @ 68818.76 | PnL:+23.2760 | 剩余仓位:0.000000
2026-04-07 22:57:58.626 | INFO     | core.portfolio:_open_long:113 - [开多] BTC/USDT:USDT 0.101939 @ 68818.76 | 杠杆:3x | 保证金:2338.43 | 强平价:46154.45
2026-04-07 22:57:58.629 | INFO     | core.portfolio:_close_position:164 - [平多] BTC/USDT:USDT 0.101939 @ 69261.24 | PnL:+41.5760 | 剩余仓位:0.000000
2026-04-07 22:57:58.629 | INFO     | core.portfolio:_open_short:141 - [开空] BTC/USDT:USDT 0.101530 @ 69261.24 | 杠杆:3x | 保证金:2344.04 | 强平价:92071.28
2026-04-07 22:57:58.636 | INFO     | core.portfolio:_close_position:164 - [平空] BTC/USDT:USDT 0.101530 @ 64711.64 | PnL:+458.6380 | 剩余仓位:0.000000
2026-04-07 22:57:58.643 | INFO     | core.portfolio:_open_long:113 - [开多] BTC/USDT:USDT 0.121585 @ 60156.33 | 杠杆:3x | 保证金:2438.04 | 强平价:40344.84
2026-04-07 22:57:58.643 | INFO     | core.portfolio:_close_position:164 - [平多] BTC/USDT:USDT 0.121585 @ 61102.78 | PnL:+111.3594 | 剩余仓位:0.000000
2026-04-07 22:57:58.643 | INFO     | core.portfolio:_open_short:141 - [开空] BTC/USDT:USDT 0.120796 @ 61102.78 | 杠杆:3x | 保证金:2460.32 | 强平价:81225.96
2026-04-07 22:57:58.644 | INFO     | core.portfolio:_close_position:164 - [平空] BTC/USDT:USDT 0.120796 @ 62782.35 | PnL:-206.6780 | 剩余仓位:0.000000
2026-04-07 22:57:58.644 | INFO     | core.portfolio:_open_long:113 - [开多] BTC/USDT:USDT 0.115569 @ 62782.35 | 杠杆:3x | 保证金:2418.57 | 强平价:42106.03
2026-04-07 22:57:58.646 | INFO     | core.portfolio:_close_position:164 - [平多] BTC/USDT:USDT 0.115569 @ 60862.03 | PnL:-225.4476 | 剩余仓位:0.000000
2026-04-07 22:57:58.647 | INFO     | core.portfolio:_open_short:141 - [开空] BTC/USDT:USDT 0.123159 @ 57750.45 | 杠杆:3x | 保证金:2370.83 | 强平价:76769.60
2026-04-07 22:57:58.651 | INFO     | core.portfolio:_close_position:164 - [平空] BTC/USDT:USDT 0.123159 @ 57182.43 | PnL:+66.4348 | 剩余仓位:0.000000
2026-04-07 22:57:58.651 | INFO     | core.portfolio:_open_long:113 - [开多] BTC/USDT:USDT 0.125197 @ 57182.43 | 杠杆:3x | 保证金:2386.35 | 强平价:38350.35
2026-04-07 22:57:58.652 | INFO     | core.portfolio:_close_position:164 - [平多] BTC/USDT:USDT 0.125197 @ 57688.46 | PnL:+59.7415 | 剩余仓位:0.000000
2026-04-07 22:57:58.652 | INFO     | core.portfolio:_open_short:141 - [开空] BTC/USDT:USDT 0.124654 @ 57688.46 | 杠杆:3x | 保证金:2397.03 | 强平价:76687.19
2026-04-07 22:57:58.652 | INFO     | core.portfolio:_close_position:164 - [平空] BTC/USDT:USDT 0.124654 @ 58201.84 | PnL:-67.6220 | 剩余仓位:0.000000
2026-04-07 22:57:58.652 | INFO     | core.portfolio:_open_long:113 - [开多] BTC/USDT:USDT 0.122820 @ 58201.84 | 杠杆:3x | 保证金:2382.79 | 强平价:39034.03
2026-04-07 22:57:58.655 | INFO     | core.portfolio:_close_position:164 - [平多] BTC/USDT:USDT 0.122820 @ 62633.17 | PnL:+540.4107 | 剩余仓位:0.000000
2026-04-07 22:57:58.662 | INFO     | core.portfolio:_open_short:141 - [开空] BTC/USDT:USDT 0.114177 @ 65364.32 | 杠杆:3x | 保证金:2487.70 | 强平价:86890.98
2026-04-07 22:57:58.663 | INFO     | core.portfolio:_close_position:164 - [平空] BTC/USDT:USDT 0.114177 @ 67351.97 | PnL:-230.7879 | 剩余仓位:0.000000
2026-04-07 22:57:58.664 | INFO     | core.portfolio:_open_long:113 - [开多] BTC/USDT:USDT 0.107277 @ 68273.55 | 杠杆:3x | 保证金:2441.39 | 强平价:45788.80
2026-04-07 22:57:58.666 | INFO     | core.portfolio:_close_position:164 - [平多] BTC/USDT:USDT 0.107277 @ 65915.21 | PnL:-256.5308 | 剩余仓位:0.000000
2026-04-07 22:57:58.666 | INFO     | core.portfolio:_open_short:141 - [开空] BTC/USDT:USDT 0.108248 @ 66182.36 | 杠杆:3x | 保证金:2388.05 | 强平价:87978.42
2026-04-07 22:57:58.668 | INFO     | core.portfolio:_close_position:164 - [平空] BTC/USDT:USDT 0.108248 @ 61503.00 | PnL:+503.2051 | 剩余仓位:0.000000
2026-04-07 22:57:58.672 | INFO     | core.portfolio:_open_long:113 - [开多] BTC/USDT:USDT 0.121678 @ 61372.27 | 杠杆:3x | 保证金:2489.22 | 强平价:41160.34
2026-04-07 22:57:58.674 | INFO     | core.portfolio:_close_position:164 - [平多] BTC/USDT:USDT 0.121678 @ 58715.95 | PnL:-326.7884 | 剩余仓位:0.000000
2026-04-07 22:57:58.675 | INFO     | core.portfolio:_open_short:141 - [开空] BTC/USDT:USDT 0.122665 @ 59229.45 | 杠杆:3x | 保证金:2421.80 | 强平价:78735.68
2026-04-07 22:57:58.676 | INFO     | core.portfolio:_close_position:164 - [平空] BTC/USDT:USDT 0.122665 @ 61304.26 | PnL:-258.2664 | 剩余仓位:0.000000
2026-04-07 22:57:58.678 | INFO     | core.portfolio:_open_long:113 - [开多] BTC/USDT:USDT 0.119108 @ 59690.44 | 杠杆:3x | 保证金:2369.86 | 强平价:40032.39
2026-04-07 22:57:58.678 | INFO     | core.portfolio:_close_position:164 - [平多] BTC/USDT:USDT 0.119108 @ 58880.42 | PnL:-99.9854 | 剩余仓位:0.000000
2026-04-07 22:57:58.678 | INFO     | core.portfolio:_open_short:141 - [开空] BTC/USDT:USDT 0.119741 @ 58880.42 | 杠杆:3x | 保证金:2350.13 | 强平价:78271.71
2026-04-07 22:57:58.680 | INFO     | core.portfolio:_close_position:164 - [平空] BTC/USDT:USDT 0.119741 @ 58515.30 | PnL:+40.2166 | 剩余仓位:0.000000
2026-04-07 22:57:58.680 | INFO     | core.portfolio:_open_long:113 - [开多] BTC/USDT:USDT 0.120901 @ 58515.30 | 杠杆:3x | 保证金:2358.18 | 强平价:39244.26
2026-04-07 22:57:58.683 | INFO     | core.portfolio:_close_position:164 - [平多] BTC/USDT:USDT 0.120901 @ 63591.28 | PnL:+609.8462 | 剩余仓位:0.000000
2026-04-07 22:57:58.687 | INFO     | core.portfolio:_open_short:141 - [开空] BTC/USDT:USDT 0.124639 @ 59613.27 | 杠杆:3x | 保证金:2476.72 | 强平价:79245.91
2026-04-07 22:57:58.693 | INFO     | core.portfolio:_close_position:164 - [平空] BTC/USDT:USDT 0.124639 @ 55984.19 | PnL:+448.8365 | 剩余仓位:0.000000
2026-04-07 22:57:58.696 | INFO     | core.portfolio:_open_long:113 - [开多] BTC/USDT:USDT 0.134696 @ 57229.54 | 杠杆:3x | 保证金:2569.53 | 强平价:38381.95
2026-04-07 22:57:58.702 | INFO     | core.portfolio:_close_position:164 - [平多] BTC/USDT:USDT 0.134696 @ 61127.57 | PnL:+520.9314 | 剩余仓位:0.000000
2026-04-07 22:57:58.702 | INFO     | core.portfolio:_open_short:141 - [开空] BTC/USDT:USDT 0.132795 @ 60306.34 | 杠杆:3x | 保证金:2669.46 | 强平价:80167.22
2026-04-07 22:57:58.703 | INFO     | core.portfolio:_close_position:164 - [平空] BTC/USDT:USDT 0.132795 @ 62652.63 | PnL:-315.7362 | 剩余仓位:0.000000
2026-04-07 22:57:58.712 | INFO     | core.portfolio:_open_short:141 - [开空] BTC/USDT:USDT 0.122724 @ 63708.16 | 杠杆:3x | 保证金:2606.16 | 强平价:84689.38
2026-04-07 22:57:58.716 | INFO     | core.portfolio:_close_position:164 - [平空] BTC/USDT:USDT 0.122724 @ 62115.02 | PnL:+191.7037 | 剩余仓位:0.000000
2026-04-07 22:57:58.716 | INFO     | core.portfolio:_open_long:113 - [开多] BTC/USDT:USDT 0.127854 @ 62115.02 | 杠杆:3x | 保证金:2647.21 | 强平价:41658.47
2026-04-07 22:57:58.719 | INFO     | core.portfolio:_close_position:164 - [平多] BTC/USDT:USDT 0.127854 @ 61250.25 | PnL:-114.4800 | 剩余仓位:0.000000
2026-04-07 22:57:58.719 | INFO     | core.portfolio:_open_short:141 - [开空] BTC/USDT:USDT 0.128406 @ 61250.25 | 杠杆:3x | 保证金:2621.64 | 强平价:81422.00
2026-04-07 22:57:58.720 | INFO     | core.portfolio:_close_position:164 - [平空] BTC/USDT:USDT 0.128406 @ 63100.82 | PnL:-241.6762 | 剩余仓位:0.000000
2026-04-07 22:57:58.721 | INFO     | core.portfolio:_open_long:113 - [开多] BTC/USDT:USDT 0.123301 @ 62579.91 | 杠杆:3x | 保证金:2572.05 | 强平价:41970.26
2026-04-07 22:57:58.723 | INFO     | core.portfolio:_close_position:164 - [平多] BTC/USDT:USDT 0.123301 @ 66960.61 | PnL:+536.0141 | 剩余仓位:0.000000
2026-04-07 22:57:58.728 | INFO     | core.portfolio:_open_short:141 - [开空] BTC/USDT:USDT 0.119044 @ 67471.70 | 杠杆:3x | 保证金:2677.36 | 强平价:89692.38
2026-04-07 22:57:58.731 | INFO     | core.portfolio:_close_position:164 - [平空] BTC/USDT:USDT 0.119044 @ 67191.94 | PnL:+29.3052 | 剩余仓位:0.000000
2026-04-07 22:57:58.731 | INFO     | core.portfolio:_open_long:113 - [开多] BTC/USDT:USDT 0.119901 @ 67191.94 | 杠杆:3x | 保证金:2685.46 | 强平价:45063.39
2026-04-07 22:57:58.733 | INFO     | core.portfolio:_close_position:164 - [平多] BTC/USDT:USDT 0.119901 @ 69621.97 | PnL:+287.1898 | 剩余仓位:0.000000
2026-04-07 22:57:58.733 | INFO     | core.portfolio:_open_short:141 - [开空] BTC/USDT:USDT 0.118116 @ 69621.97 | 杠杆:3x | 保证金:2741.16 | 强平价:92550.81
2026-04-07 22:57:58.733 | INFO     | core.portfolio:_close_position:164 - [平空] BTC/USDT:USDT 0.118116 @ 70977.89 | PnL:-164.3481 | 剩余仓位:0.000000
2026-04-07 22:57:58.733 | INFO     | core.portfolio:_open_long:113 - [开多] BTC/USDT:USDT 0.114443 @ 70977.89 | 杠杆:3x | 保证金:2707.64 | 强平价:47602.51
2026-04-07 22:57:58.737 | INFO     | core.portfolio:_close_position:164 - [平多] BTC/USDT:USDT 0.114443 @ 69592.08 | PnL:-162.5789 | 剩余仓位:0.000000
2026-04-07 22:57:58.737 | INFO     | core.portfolio:_open_short:141 - [开空] BTC/USDT:USDT 0.115192 @ 69592.08 | 杠杆:3x | 保证金:2672.14 | 强平价:92511.07
2026-04-07 22:57:58.739 | INFO     | core.portfolio:_close_position:164 - [平空] BTC/USDT:USDT 0.115192 @ 74392.88 | PnL:-557.2959 | 剩余仓位:0.000000
2026-04-07 22:57:58.740 | INFO     | core.portfolio:_open_long:113 - [开多] BTC/USDT:USDT 0.103376 @ 74306.86 | 杠杆:3x | 保证金:2560.51 | 强平价:49835.13
2026-04-07 22:57:58.742 | INFO     | core.portfolio:_close_position:164 - [平多] BTC/USDT:USDT 0.103376 @ 78828.43 | PnL:+463.3463 | 剩余仓位:0.000000
2026-04-07 22:57:58.754 | INFO     | core.portfolio:_open_short:141 - [开空] BTC/USDT:USDT 0.085486 @ 93015.49 | 杠杆:3x | 保证金:2650.52 | 强平价:123648.60
2026-04-07 22:57:58.755 | INFO     | core.portfolio:_close_position:164 - [平空] BTC/USDT:USDT 0.085486 @ 96668.83 | PnL:-316.4425 | 剩余仓位:0.000000
2026-04-07 22:57:58.757 | INFO     | core.portfolio:_open_long:113 - [开多] BTC/USDT:USDT 0.079619 @ 97485.39 | 杠杆:3x | 保证金:2587.24 | 强平价:65380.20
2026-04-07 22:57:58.759 | INFO     | core.portfolio:_close_position:164 - [平多] BTC/USDT:USDT 0.079619 @ 94991.00 | PnL:-202.3832 | 剩余仓位:0.000000
2026-04-07 22:57:58.759 | INFO     | core.portfolio:_open_short:141 - [开空] BTC/USDT:USDT 0.080392 @ 94991.00 | 杠杆:3x | 保证金:2545.50 | 强平价:126274.70
2026-04-07 22:57:58.760 | INFO     | core.portfolio:_close_position:164 - [平空] BTC/USDT:USDT 0.080392 @ 98647.93 | PnL:-297.9529 | 剩余仓位:0.000000
2026-04-07 22:57:58.760 | INFO     | core.portfolio:_open_long:113 - [开多] BTC/USDT:USDT 0.072859 @ 102315.36 | 杠杆:3x | 保证金:2484.87 | 强平价:68619.50
2026-04-07 22:57:58.761 | INFO     | core.portfolio:_close_position:164 - [平多] BTC/USDT:USDT 0.072859 @ 99080.18 | PnL:-239.3216 | 剩余仓位:0.000000
2026-04-07 22:57:58.763 | INFO     | core.portfolio:_open_short:141 - [开空] BTC/USDT:USDT 0.074732 @ 97794.24 | 杠杆:3x | 保证金:2436.11 | 强平价:130001.14
2026-04-07 22:57:58.765 | INFO     | core.portfolio:_close_position:164 - [平空] BTC/USDT:USDT 0.074732 @ 101156.73 | PnL:-255.0644 | 剩余仓位:0.000000
2026-04-07 22:57:58.766 | INFO     | core.portfolio:_open_long:113 - [开多] BTC/USDT:USDT 0.071293 @ 100370.87 | 杠杆:3x | 保证金:2385.24 | 强平价:67315.40
2026-04-07 22:57:58.768 | INFO     | core.portfolio:_close_position:164 - [平多] BTC/USDT:USDT 0.071293 @ 106578.78 | PnL:+438.7801 | 剩余仓位:0.000000
2026-04-07 22:57:58.771 | INFO     | core.portfolio:_open_short:141 - [开空] BTC/USDT:USDT 0.076351 @ 97083.88 | 杠杆:3x | 保证金:2470.82 | 强平价:129056.84
2026-04-07 22:57:58.775 | INFO     | core.portfolio:_close_position:164 - [平空] BTC/USDT:USDT 0.076351 @ 97745.05 | PnL:-54.2121 | 剩余仓位:0.000000
2026-04-07 22:57:58.776 | INFO     | core.portfolio:_open_long:113 - [开多] BTC/USDT:USDT 0.075593 @ 97745.05 | 杠杆:3x | 保证金:2462.94 | 强平价:65554.34
2026-04-07 22:57:58.776 | INFO     | core.portfolio:_close_position:164 - [平多] BTC/USDT:USDT 0.075593 @ 94552.99 | PnL:-244.8705 | 剩余仓位:0.000000
2026-04-07 22:57:58.777 | INFO     | core.portfolio:_open_short:141 - [开空] BTC/USDT:USDT 0.076154 @ 95008.89 | 杠杆:3x | 保证金:2411.76 | 强平价:126298.49
2026-04-07 22:57:58.779 | INFO     | core.portfolio:_close_position:164 - [平空] BTC/USDT:USDT 0.076154 @ 92534.40 | PnL:+184.9180 | 剩余仓位:0.000000
2026-04-07 22:57:58.782 | INFO     | core.backtester:run:94 - 回测完成: 最终权益 12250.02, 收益率 22.50%, 强平次数 0
2026-04-07 23:53:25.819 | INFO     | __main__:main:96 - 策略: ma_crossover | 标的: BTC/USDT:USDT | 区间: 2025-01-01 → 2025-04-07
2026-04-07 23:53:25.822 | INFO     | core.exchange:__init__:50 - 交易账户已连接模拟盘(Demo Trading)
2026-04-07 23:53:25.824 | INFO     | core.exchange:__init__:56 - 行情数据使用正式公开接口
2026-04-07 23:53:25.825 | INFO     | core.exchange:fetch_ohlcv_range:86 - 开始拉取 BTC/USDT:USDT 4h 数据: 2025-01-01 → 2025-04-07
2026-04-07 23:53:27.639 | DEBUG    | core.exchange:fetch_ohlcv_range:93 - 已拉取 300 条，最新: 2025-02-19 20:00:00.001000
2026-04-07 23:53:27.786 | DEBUG    | core.exchange:fetch_ohlcv_range:93 - 已拉取 600 条，最新: 2025-04-10 20:00:00.001000
2026-04-07 23:53:27.793 | INFO     | core.exchange:fetch_ohlcv_range:100 - 共拉取 577 条 K 线
2026-04-07 23:53:27.831 | INFO     | core.data_feed:get_historical_data:38 - 数据已缓存: /Users/mi/Desktop/workspace/quant-dev/data/BTC_USDT:USDT_4h_2025-01-01_2025-04-07.parquet
2026-04-07 23:53:27.842 | INFO     | core.backtester:run:34 - 回测开始: BTC/USDT:USDT | 378 根K线 | 初始资金:10000.0 | 杠杆:3x | 资金费率:0.0100%/8h
2026-04-07 23:53:27.846 | INFO     | core.portfolio:_open_long:113 - [开多] BTC/USDT:USDT 0.061829 @ 97041.60 | 杠杆:3x | 保证金:2000.00 | 强平价:65082.57
2026-04-07 23:53:27.848 | INFO     | core.portfolio:_close_position:164 - [平多] BTC/USDT:USDT 0.061829 @ 95623.37 | PnL:-90.6443 | 剩余仓位:0.000000
2026-04-07 23:53:27.848 | INFO     | core.portfolio:_open_short:141 - [开空] BTC/USDT:USDT 0.062162 @ 95623.37 | 杠杆:3x | 保证金:1981.38 | 强平价:127115.34
2026-04-07 23:53:27.850 | INFO     | core.portfolio:_close_position:164 - [平空] BTC/USDT:USDT 0.062162 @ 97659.43 | PnL:-129.6010 | 剩余仓位:0.000000
2026-04-07 23:53:27.850 | INFO     | core.portfolio:_open_long:113 - [开多] BTC/USDT:USDT 0.060071 @ 97659.43 | 杠杆:3x | 保证金:1955.50 | 强平价:65496.92
2026-04-07 23:53:27.852 | INFO     | core.portfolio:_close_position:164 - [平多] BTC/USDT:USDT 0.060071 @ 95444.81 | PnL:-135.9009 | 剩余仓位:0.000000
2026-04-07 23:53:27.852 | INFO     | core.portfolio:_open_short:141 - [开空] BTC/USDT:USDT 0.060569 @ 95444.81 | 杠杆:3x | 保证金:1926.99 | 强平价:126877.96
2026-04-07 23:53:27.854 | INFO     | core.portfolio:_close_position:164 - [平空] BTC/USDT:USDT 0.060569 @ 98432.08 | PnL:-183.9165 | 剩余仓位:0.000000
2026-04-07 23:53:27.854 | INFO     | core.portfolio:_open_long:113 - [开多] BTC/USDT:USDT 0.057725 @ 98199.64 | 杠杆:3x | 保证金:1889.53 | 强平价:65859.22
2026-04-07 23:53:27.855 | INFO     | core.portfolio:_close_position:164 - [平多] BTC/USDT:USDT 0.057725 @ 95223.05 | PnL:-174.5720 | 剩余仓位:0.000000
2026-04-07 23:53:27.857 | INFO     | core.portfolio:_open_short:141 - [开空] BTC/USDT:USDT 0.058287 @ 95420.21 | 杠杆:3x | 保证金:1853.93 | 强平价:126845.27
2026-04-07 23:53:27.858 | INFO     | core.portfolio:_close_position:164 - [平空] BTC/USDT:USDT 0.058287 @ 89327.96 | PnL:+352.4984 | 剩余仓位:0.000000
2026-04-07 23:53:27.862 | INFO     | core.portfolio:_open_long:113 - [开多] BTC/USDT:USDT 0.062479 @ 92398.48 | 杠杆:3x | 保证金:1924.31 | 强平价:61968.58
2026-04-07 23:53:27.862 | INFO     | core.portfolio:_close_position:164 - [平多] BTC/USDT:USDT 0.062479 @ 85574.58 | PnL:-429.0208 | 剩余仓位:0.000000
2026-04-07 23:53:27.865 | INFO     | core.portfolio:_open_short:141 - [开空] BTC/USDT:USDT 0.060369 @ 91329.63 | 杠杆:3x | 保证金:1837.82 | 强平价:121407.52
2026-04-07 23:53:27.866 | INFO     | core.portfolio:_close_position:164 - [平空] BTC/USDT:USDT 0.060369 @ 87849.57 | PnL:+207.4351 | 剩余仓位:0.000000
2026-04-07 23:53:27.866 | INFO     | core.portfolio:_open_long:113 - [开多] BTC/USDT:USDT 0.064198 @ 87849.57 | 杠杆:3x | 保证金:1879.93 | 强平价:58917.78
2026-04-07 23:53:27.867 | INFO     | core.portfolio:_close_position:164 - [平多] BTC/USDT:USDT 0.064198 @ 85001.00 | PnL:-185.6013 | 剩余仓位:0.000000
2026-04-07 23:53:27.870 | INFO     | core.portfolio:_open_long:113 - [开多] BTC/USDT:USDT 0.067206 @ 82178.03 | 杠杆:3x | 保证金:1840.94 | 强平价:55114.07
2026-04-07 23:53:27.874 | INFO     | core.portfolio:_close_position:164 - [平多] BTC/USDT:USDT 0.067206 @ 82690.76 | PnL:+31.6795 | 剩余仓位:0.000000
2026-04-07 23:53:27.874 | INFO     | core.portfolio:_open_short:141 - [开空] BTC/USDT:USDT 0.066974 @ 82690.76 | 杠杆:3x | 保证金:1846.05 | 强平价:109923.58
2026-04-07 23:53:27.874 | INFO     | core.portfolio:_close_position:164 - [平空] BTC/USDT:USDT 0.066974 @ 85454.49 | PnL:-187.9597 | 剩余仓位:0.000000
2026-04-07 23:53:27.875 | INFO     | core.portfolio:_open_long:113 - [开多] BTC/USDT:USDT 0.063168 @ 85829.56 | 杠杆:3x | 保证金:1807.24 | 强平价:57563.03
2026-04-07 23:53:27.877 | INFO     | core.portfolio:_close_position:164 - [平多] BTC/USDT:USDT 0.063168 @ 85178.86 | PnL:-43.7940 | 剩余仓位:0.000000
2026-04-07 23:53:27.877 | INFO     | core.portfolio:_open_short:141 - [开空] BTC/USDT:USDT 0.063316 @ 85178.86 | 杠杆:3x | 保证金:1797.73 | 强平价:113231.10
2026-04-07 23:53:27.878 | INFO     | core.portfolio:_close_position:164 - [平空] BTC/USDT:USDT 0.063316 @ 88339.86 | PnL:-202.9391 | 剩余仓位:0.000000
2026-04-07 23:53:27.878 | INFO     | core.portfolio:_open_long:113 - [开多] BTC/USDT:USDT 0.059708 @ 88232.64 | 杠杆:3x | 保证金:1756.07 | 强平价:59174.69
2026-04-07 23:53:27.880 | INFO     | core.portfolio:_close_position:164 - [平多] BTC/USDT:USDT 0.059708 @ 85199.36 | PnL:-183.6559 | 剩余仓位:0.000000
2026-04-07 23:53:27.881 | INFO     | core.portfolio:_open_short:141 - [开空] BTC/USDT:USDT 0.061505 @ 83781.64 | 杠杆:3x | 保证金:1717.67 | 强平价:111373.73
2026-04-07 23:53:27.883 | WARNING  | core.risk:check_drawdown:66 - [风控] 最大回撤触发熔断! 回撤=15.42%, 峰值=10047.42, 当前=8498.28
2026-04-07 23:53:27.883 | INFO     | core.portfolio:_close_position:164 - [平空] BTC/USDT:USDT 0.061505 @ 85312.66 | PnL:-96.7894 | 剩余仓位:0.000000
2026-04-07 23:53:27.887 | INFO     | core.backtester:run:94 - 回测完成: 最终权益 8495.13, 收益率 -15.05%, 强平次数 0
2026-04-07 23:53:37.635 | INFO     | __main__:main:96 - 策略: ma_crossover | 标的: BTC/USDT:USDT | 区间: 2024-01-01 → 2025-04-07
2026-04-07 23:53:37.638 | INFO     | core.exchange:__init__:50 - 交易账户已连接模拟盘(Demo Trading)
2026-04-07 23:53:37.640 | INFO     | core.exchange:__init__:56 - 行情数据使用正式公开接口
2026-04-07 23:53:37.641 | INFO     | core.exchange:fetch_ohlcv_range:86 - 开始拉取 BTC/USDT:USDT 4h 数据: 2024-01-01 → 2025-04-07
2026-04-07 23:53:38.431 | DEBUG    | core.exchange:fetch_ohlcv_range:93 - 已拉取 300 条，最新: 2024-02-19 20:00:00.001000
2026-04-07 23:53:38.553 | DEBUG    | core.exchange:fetch_ohlcv_range:93 - 已拉取 600 条，最新: 2024-04-09 20:00:00.001000
2026-04-07 23:53:38.666 | DEBUG    | core.exchange:fetch_ohlcv_range:93 - 已拉取 900 条，最新: 2024-05-29 20:00:00.001000
2026-04-07 23:53:38.788 | DEBUG    | core.exchange:fetch_ohlcv_range:93 - 已拉取 1200 条，最新: 2024-07-18 20:00:00.001000
2026-04-07 23:53:38.896 | DEBUG    | core.exchange:fetch_ohlcv_range:93 - 已拉取 1500 条，最新: 2024-09-06 20:00:00.001000
2026-04-07 23:53:39.010 | DEBUG    | core.exchange:fetch_ohlcv_range:93 - 已拉取 1800 条，最新: 2024-10-26 20:00:00.001000
2026-04-07 23:53:39.121 | DEBUG    | core.exchange:fetch_ohlcv_range:93 - 已拉取 2100 条，最新: 2024-12-15 20:00:00.001000
2026-04-07 23:53:39.244 | DEBUG    | core.exchange:fetch_ohlcv_range:93 - 已拉取 2400 条，最新: 2025-02-03 20:00:00.001000
2026-04-07 23:53:39.346 | DEBUG    | core.exchange:fetch_ohlcv_range:93 - 已拉取 2700 条，最新: 2025-03-25 20:00:00.001000
2026-04-07 23:53:39.470 | DEBUG    | core.exchange:fetch_ohlcv_range:93 - 已拉取 3000 条，最新: 2025-05-14 20:00:00.001000
2026-04-07 23:53:39.478 | INFO     | core.exchange:fetch_ohlcv_range:100 - 共拉取 2773 条 K 线
2026-04-07 23:53:39.502 | INFO     | core.data_feed:get_historical_data:38 - 数据已缓存: /Users/mi/Desktop/workspace/quant-dev/data/BTC_USDT:USDT_4h_2024-01-01_2025-04-07.parquet
2026-04-07 23:53:39.520 | INFO     | core.backtester:run:34 - 回测开始: BTC/USDT:USDT | 2574 根K线 | 初始资金:10000.0 | 杠杆:3x | 资金费率:0.0100%/8h
2026-04-07 23:53:39.531 | INFO     | core.portfolio:_open_short:141 - [开空] BTC/USDT:USDT 0.114533 @ 52386.72 | 杠杆:3x | 保证金:2000.00 | 强平价:69639.41
2026-04-07 23:53:39.532 | INFO     | core.portfolio:_close_position:164 - [平空] BTC/USDT:USDT 0.114533 @ 52287.66 | PnL:+8.3519 | 剩余仓位:0.000000
2026-04-07 23:53:39.532 | INFO     | core.portfolio:_open_long:113 - [开多] BTC/USDT:USDT 0.114887 @ 52287.66 | 杠杆:3x | 保证金:2002.38 | 强平价:35067.59
2026-04-07 23:53:39.534 | INFO     | core.portfolio:_close_position:164 - [平多] BTC/USDT:USDT 0.114887 @ 51591.28 | PnL:-82.9678 | 剩余仓位:0.000000
2026-04-07 23:53:39.534 | INFO     | core.portfolio:_open_short:141 - [开空] BTC/USDT:USDT 0.115416 @ 51591.28 | 杠杆:3x | 保证金:1984.83 | 强平价:68582.01
2026-04-07 23:53:39.537 | INFO     | core.portfolio:_close_position:164 - [平空] BTC/USDT:USDT 0.115416 @ 54534.60 | PnL:-342.8551 | 剩余仓位:0.000000
2026-04-07 23:53:39.550 | INFO     | core.portfolio:_open_short:141 - [开空] BTC/USDT:USDT 0.083345 @ 68971.30 | 杠杆:3x | 保证金:1916.14 | 强平价:91685.85
2026-04-07 23:53:39.552 | INFO     | core.portfolio:_close_position:164 - [平空] BTC/USDT:USDT 0.083345 @ 64732.84 | PnL:+350.5564 | 剩余仓位:0.000000
2026-04-07 23:53:39.555 | INFO     | core.portfolio:_open_long:113 - [开多] BTC/USDT:USDT 0.092181 @ 64663.43 | 杠杆:3x | 保证金:1986.91 | 强平价:43367.61
2026-04-07 23:53:39.556 | INFO     | core.portfolio:_close_position:164 - [平多] BTC/USDT:USDT 0.092181 @ 67211.75 | PnL:+231.8089 | 剩余仓位:0.000000
2026-04-07 23:53:39.557 | INFO     | core.portfolio:_open_short:141 - [开空] BTC/USDT:USDT 0.090746 @ 67211.75 | 杠杆:3x | 保证金:2033.06 | 强平价:89346.83
2026-04-07 23:53:39.557 | INFO     | core.portfolio:_close_position:164 - [平空] BTC/USDT:USDT 0.090746 @ 69811.86 | PnL:-239.1166 | 剩余仓位:0.000000
2026-04-07 23:53:39.557 | INFO     | core.portfolio:_open_long:113 - [开多] BTC/USDT:USDT 0.085140 @ 69904.08 | 杠杆:3x | 保证金:1983.89 | 强平价:46882.33
2026-04-07 23:53:39.560 | INFO     | core.portfolio:_close_position:164 - [平多] BTC/USDT:USDT 0.085140 @ 70193.46 | PnL:+21.6498 | 剩余仓位:0.000000
2026-04-07 23:53:39.560 | INFO     | core.portfolio:_open_short:141 - [开空] BTC/USDT:USDT 0.084919 @ 70193.46 | 杠杆:3x | 保证金:1986.91 | 强平价:93310.50
2026-04-07 23:53:39.561 | INFO     | core.portfolio:_close_position:164 - [平空] BTC/USDT:USDT 0.084919 @ 69964.59 | PnL:+16.4645 | 剩余仓位:0.000000
2026-04-07 23:53:39.561 | INFO     | core.portfolio:_open_long:113 - [开多] BTC/USDT:USDT 0.085322 @ 69964.59 | 杠杆:3x | 保证金:1989.84 | 强平价:46922.92
2026-04-07 23:53:39.562 | INFO     | core.portfolio:_close_position:164 - [平多] BTC/USDT:USDT 0.085322 @ 69476.10 | PnL:-44.6427 | 剩余仓位:0.000000
2026-04-07 23:53:39.562 | INFO     | core.portfolio:_open_short:141 - [开空] BTC/USDT:USDT 0.085490 @ 69476.10 | 杠杆:3x | 保证金:1979.83 | 强平价:92356.90
2026-04-07 23:53:39.563 | INFO     | core.portfolio:_close_position:164 - [平空] BTC/USDT:USDT 0.085490 @ 64902.58 | PnL:+388.2151 | 剩余仓位:0.000000
2026-04-07 23:53:39.565 | INFO     | core.portfolio:_open_long:113 - [开多] BTC/USDT:USDT 0.091134 @ 67697.04 | 杠杆:3x | 保证金:2056.51 | 强平价:45402.15
2026-04-07 23:53:39.567 | INFO     | core.portfolio:_close_position:164 - [平多] BTC/USDT:USDT 0.091134 @ 72416.21 | PnL:+426.7798 | 剩余仓位:0.000000
2026-04-07 23:53:39.569 | INFO     | core.portfolio:_open_short:141 - [开空] BTC/USDT:USDT 0.090478 @ 70972.60 | 杠杆:3x | 保证金:2140.49 | 强平价:94346.25
2026-04-07 23:53:39.570 | INFO     | core.portfolio:_close_position:164 - [平空] BTC/USDT:USDT 0.090478 @ 64796.86 | PnL:+555.8391 | 剩余仓位:0.000000
2026-04-07 23:53:39.575 | INFO     | core.portfolio:_open_long:113 - [开多] BTC/USDT:USDT 0.104117 @ 64877.97 | 杠杆:3x | 保证金:2251.64 | 强平价:43511.49
2026-04-07 23:53:39.579 | INFO     | core.portfolio:_close_position:164 - [平多] BTC/USDT:USDT 0.104117 @ 64381.82 | PnL:-55.0096 | 剩余仓位:0.000000
2026-04-07 23:53:39.579 | INFO     | core.portfolio:_open_short:141 - [开空] BTC/USDT:USDT 0.104318 @ 64381.82 | 杠杆:3x | 保证金:2238.72 | 强平价:85584.90
2026-04-07 23:53:39.582 | INFO     | core.portfolio:_close_position:164 - [平空] BTC/USDT:USDT 0.104318 @ 59315.96 | PnL:+525.3647 | 剩余仓位:0.000000
2026-04-07 23:53:39.585 | INFO     | core.portfolio:_open_long:113 - [开多] BTC/USDT:USDT 0.110033 @ 63908.88 | 杠杆:3x | 保证金:2344.03 | 强平价:42861.55
2026-04-07 23:53:39.588 | INFO     | core.portfolio:_close_position:164 - [平多] BTC/USDT:USDT 0.110033 @ 62165.76 | PnL:-195.2203 | 剩余仓位:0.000000
2026-04-07 23:53:39.588 | INFO     | core.portfolio:_open_short:141 - [开空] BTC/USDT:USDT 0.111172 @ 62165.76 | 杠杆:3x | 保证金:2303.70 | 强平价:82639.02
2026-04-07 23:53:39.592 | INFO     | core.portfolio:_close_position:164 - [平空] BTC/USDT:USDT 0.111172 @ 61593.62 | PnL:+60.1833 | 剩余仓位:0.000000
2026-04-07 23:53:39.592 | INFO     | core.portfolio:_open_long:113 - [开多] BTC/USDT:USDT 0.112878 @ 61593.62 | 杠杆:3x | 保证金:2317.52 | 强平价:41308.79
2026-04-07 23:53:39.593 | INFO     | core.portfolio:_close_position:164 - [平多] BTC/USDT:USDT 0.112878 @ 65984.20 | PnL:+491.8761 | 剩余仓位:0.000000
2026-04-07 23:53:39.599 | INFO     | core.portfolio:_open_short:141 - [开空] BTC/USDT:USDT 0.105639 @ 68549.09 | 杠杆:3x | 保证金:2413.82 | 强平价:91124.59
2026-04-07 23:53:39.601 | INFO     | core.portfolio:_close_position:164 - [平空] BTC/USDT:USDT 0.105639 @ 70422.28 | PnL:-201.6018 | 剩余仓位:0.000000
2026-04-07 23:53:39.601 | INFO     | core.portfolio:_open_long:113 - [开多] BTC/USDT:USDT 0.101168 @ 70422.28 | 杠杆:3x | 保证金:2374.83 | 强平价:47229.88
2026-04-07 23:53:39.601 | INFO     | core.portfolio:_close_position:164 - [平多] BTC/USDT:USDT 0.101168 @ 68059.89 | PnL:-242.4422 | 剩余仓位:0.000000
2026-04-07 23:53:39.602 | INFO     | core.portfolio:_open_short:141 - [开空] BTC/USDT:USDT 0.102905 @ 67769.04 | 杠杆:3x | 保证金:2324.60 | 强平价:90087.65
2026-04-07 23:53:39.605 | INFO     | core.portfolio:_close_position:164 - [平空] BTC/USDT:USDT 0.102905 @ 68178.33 | PnL:-45.6260 | 剩余仓位:0.000000
2026-04-07 23:53:39.605 | INFO     | core.portfolio:_open_long:113 - [开多] BTC/USDT:USDT 0.101972 @ 68178.33 | 杠杆:3x | 保证金:2317.43 | 强平价:45724.94
2026-04-07 23:53:39.606 | INFO     | core.portfolio:_close_position:164 - [平多] BTC/USDT:USDT 0.101972 @ 69082.78 | PnL:+88.7063 | 剩余仓位:0.000000
2026-04-07 23:53:39.606 | INFO     | core.portfolio:_open_short:141 - [开空] BTC/USDT:USDT 0.101372 @ 69082.78 | 杠杆:3x | 保证金:2334.34 | 强平价:91834.04
2026-04-07 23:53:39.606 | INFO     | core.portfolio:_close_position:164 - [平空] BTC/USDT:USDT 0.101372 @ 68818.76 | PnL:+23.2760 | 剩余仓位:0.000000
2026-04-07 23:53:39.606 | INFO     | core.portfolio:_open_long:113 - [开多] BTC/USDT:USDT 0.101939 @ 68818.76 | 杠杆:3x | 保证金:2338.43 | 强平价:46154.45
2026-04-07 23:53:39.610 | INFO     | core.portfolio:_close_position:164 - [平多] BTC/USDT:USDT 0.101939 @ 69261.24 | PnL:+41.5760 | 剩余仓位:0.000000
2026-04-07 23:53:39.610 | INFO     | core.portfolio:_open_short:141 - [开空] BTC/USDT:USDT 0.101530 @ 69261.24 | 杠杆:3x | 保证金:2344.04 | 强平价:92071.28
2026-04-07 23:53:39.617 | INFO     | core.portfolio:_close_position:164 - [平空] BTC/USDT:USDT 0.101530 @ 64711.64 | PnL:+458.6380 | 剩余仓位:0.000000
2026-04-07 23:53:39.624 | INFO     | core.portfolio:_open_long:113 - [开多] BTC/USDT:USDT 0.121585 @ 60156.33 | 杠杆:3x | 保证金:2438.04 | 强平价:40344.84
2026-04-07 23:53:39.624 | INFO     | core.portfolio:_close_position:164 - [平多] BTC/USDT:USDT 0.121585 @ 61102.78 | PnL:+111.3594 | 剩余仓位:0.000000
2026-04-07 23:53:39.625 | INFO     | core.portfolio:_open_short:141 - [开空] BTC/USDT:USDT 0.120796 @ 61102.78 | 杠杆:3x | 保证金:2460.32 | 强平价:81225.96
2026-04-07 23:53:39.626 | INFO     | core.portfolio:_close_position:164 - [平空] BTC/USDT:USDT 0.120796 @ 62782.35 | PnL:-206.6780 | 剩余仓位:0.000000
2026-04-07 23:53:39.626 | INFO     | core.portfolio:_open_long:113 - [开多] BTC/USDT:USDT 0.115569 @ 62782.35 | 杠杆:3x | 保证金:2418.57 | 强平价:42106.03
2026-04-07 23:53:39.628 | INFO     | core.portfolio:_close_position:164 - [平多] BTC/USDT:USDT 0.115569 @ 60862.03 | PnL:-225.4476 | 剩余仓位:0.000000
2026-04-07 23:53:39.629 | INFO     | core.portfolio:_open_short:141 - [开空] BTC/USDT:USDT 0.123159 @ 57750.45 | 杠杆:3x | 保证金:2370.83 | 强平价:76769.60
2026-04-07 23:53:39.632 | INFO     | core.portfolio:_close_position:164 - [平空] BTC/USDT:USDT 0.123159 @ 57182.43 | PnL:+66.4348 | 剩余仓位:0.000000
2026-04-07 23:53:39.632 | INFO     | core.portfolio:_open_long:113 - [开多] BTC/USDT:USDT 0.125197 @ 57182.43 | 杠杆:3x | 保证金:2386.35 | 强平价:38350.35
2026-04-07 23:53:39.633 | INFO     | core.portfolio:_close_position:164 - [平多] BTC/USDT:USDT 0.125197 @ 57688.46 | PnL:+59.7415 | 剩余仓位:0.000000
2026-04-07 23:53:39.633 | INFO     | core.portfolio:_open_short:141 - [开空] BTC/USDT:USDT 0.124654 @ 57688.46 | 杠杆:3x | 保证金:2397.03 | 强平价:76687.19
2026-04-07 23:53:39.634 | INFO     | core.portfolio:_close_position:164 - [平空] BTC/USDT:USDT 0.124654 @ 58201.84 | PnL:-67.6220 | 剩余仓位:0.000000
2026-04-07 23:53:39.634 | INFO     | core.portfolio:_open_long:113 - [开多] BTC/USDT:USDT 0.122820 @ 58201.84 | 杠杆:3x | 保证金:2382.79 | 强平价:39034.03
2026-04-07 23:53:39.636 | INFO     | core.portfolio:_close_position:164 - [平多] BTC/USDT:USDT 0.122820 @ 62633.17 | PnL:+540.4107 | 剩余仓位:0.000000
2026-04-07 23:53:39.643 | INFO     | core.portfolio:_open_short:141 - [开空] BTC/USDT:USDT 0.114177 @ 65364.32 | 杠杆:3x | 保证金:2487.70 | 强平价:86890.98
2026-04-07 23:53:39.644 | INFO     | core.portfolio:_close_position:164 - [平空] BTC/USDT:USDT 0.114177 @ 67351.97 | PnL:-230.7879 | 剩余仓位:0.000000
2026-04-07 23:53:39.645 | INFO     | core.portfolio:_open_long:113 - [开多] BTC/USDT:USDT 0.107277 @ 68273.55 | 杠杆:3x | 保证金:2441.39 | 强平价:45788.80
2026-04-07 23:53:39.647 | INFO     | core.portfolio:_close_position:164 - [平多] BTC/USDT:USDT 0.107277 @ 65915.21 | PnL:-256.5308 | 剩余仓位:0.000000
2026-04-07 23:53:39.647 | INFO     | core.portfolio:_open_short:141 - [开空] BTC/USDT:USDT 0.108248 @ 66182.36 | 杠杆:3x | 保证金:2388.05 | 强平价:87978.42
2026-04-07 23:53:39.650 | INFO     | core.portfolio:_close_position:164 - [平空] BTC/USDT:USDT 0.108248 @ 61503.00 | PnL:+503.2051 | 剩余仓位:0.000000
2026-04-07 23:53:39.654 | INFO     | core.portfolio:_open_long:113 - [开多] BTC/USDT:USDT 0.121678 @ 61372.27 | 杠杆:3x | 保证金:2489.22 | 强平价:41160.34
2026-04-07 23:53:39.656 | INFO     | core.portfolio:_close_position:164 - [平多] BTC/USDT:USDT 0.121678 @ 58715.95 | PnL:-326.7884 | 剩余仓位:0.000000
2026-04-07 23:53:39.657 | INFO     | core.portfolio:_open_short:141 - [开空] BTC/USDT:USDT 0.122665 @ 59229.45 | 杠杆:3x | 保证金:2421.80 | 强平价:78735.68
2026-04-07 23:53:39.658 | INFO     | core.portfolio:_close_position:164 - [平空] BTC/USDT:USDT 0.122665 @ 61304.26 | PnL:-258.2664 | 剩余仓位:0.000000
2026-04-07 23:53:39.660 | INFO     | core.portfolio:_open_long:113 - [开多] BTC/USDT:USDT 0.119108 @ 59690.44 | 杠杆:3x | 保证金:2369.86 | 强平价:40032.39
2026-04-07 23:53:39.660 | INFO     | core.portfolio:_close_position:164 - [平多] BTC/USDT:USDT 0.119108 @ 58880.42 | PnL:-99.9854 | 剩余仓位:0.000000
2026-04-07 23:53:39.660 | INFO     | core.portfolio:_open_short:141 - [开空] BTC/USDT:USDT 0.119741 @ 58880.42 | 杠杆:3x | 保证金:2350.13 | 强平价:78271.71
2026-04-07 23:53:39.662 | INFO     | core.portfolio:_close_position:164 - [平空] BTC/USDT:USDT 0.119741 @ 58515.30 | PnL:+40.2166 | 剩余仓位:0.000000
2026-04-07 23:53:39.662 | INFO     | core.portfolio:_open_long:113 - [开多] BTC/USDT:USDT 0.120901 @ 58515.30 | 杠杆:3x | 保证金:2358.18 | 强平价:39244.26
2026-04-07 23:53:39.665 | INFO     | core.portfolio:_close_position:164 - [平多] BTC/USDT:USDT 0.120901 @ 63591.28 | PnL:+609.8462 | 剩余仓位:0.000000
2026-04-07 23:53:39.669 | INFO     | core.portfolio:_open_short:141 - [开空] BTC/USDT:USDT 0.124639 @ 59613.27 | 杠杆:3x | 保证金:2476.72 | 强平价:79245.91
2026-04-07 23:53:39.675 | INFO     | core.portfolio:_close_position:164 - [平空] BTC/USDT:USDT 0.124639 @ 55984.19 | PnL:+448.8365 | 剩余仓位:0.000000
2026-04-07 23:53:39.678 | INFO     | core.portfolio:_open_long:113 - [开多] BTC/USDT:USDT 0.134696 @ 57229.54 | 杠杆:3x | 保证金:2569.53 | 强平价:38381.95
2026-04-07 23:53:39.683 | INFO     | core.portfolio:_close_position:164 - [平多] BTC/USDT:USDT 0.134696 @ 61127.57 | PnL:+520.9314 | 剩余仓位:0.000000
2026-04-07 23:53:39.684 | INFO     | core.portfolio:_open_short:141 - [开空] BTC/USDT:USDT 0.132795 @ 60306.34 | 杠杆:3x | 保证金:2669.46 | 强平价:80167.22
2026-04-07 23:53:39.685 | INFO     | core.portfolio:_close_position:164 - [平空] BTC/USDT:USDT 0.132795 @ 62652.63 | PnL:-315.7362 | 剩余仓位:0.000000
2026-04-07 23:53:39.693 | INFO     | core.portfolio:_open_short:141 - [开空] BTC/USDT:USDT 0.122724 @ 63708.16 | 杠杆:3x | 保证金:2606.16 | 强平价:84689.38
2026-04-07 23:53:39.697 | INFO     | core.portfolio:_close_position:164 - [平空] BTC/USDT:USDT 0.122724 @ 62115.02 | PnL:+191.7037 | 剩余仓位:0.000000
2026-04-07 23:53:39.697 | INFO     | core.portfolio:_open_long:113 - [开多] BTC/USDT:USDT 0.127854 @ 62115.02 | 杠杆:3x | 保证金:2647.21 | 强平价:41658.47
2026-04-07 23:53:39.700 | INFO     | core.portfolio:_close_position:164 - [平多] BTC/USDT:USDT 0.127854 @ 61250.25 | PnL:-114.4800 | 剩余仓位:0.000000
2026-04-07 23:53:39.701 | INFO     | core.portfolio:_open_short:141 - [开空] BTC/USDT:USDT 0.128406 @ 61250.25 | 杠杆:3x | 保证金:2621.64 | 强平价:81422.00
2026-04-07 23:53:39.701 | INFO     | core.portfolio:_close_position:164 - [平空] BTC/USDT:USDT 0.128406 @ 63100.82 | PnL:-241.6762 | 剩余仓位:0.000000
2026-04-07 23:53:39.703 | INFO     | core.portfolio:_open_long:113 - [开多] BTC/USDT:USDT 0.123301 @ 62579.91 | 杠杆:3x | 保证金:2572.05 | 强平价:41970.26
2026-04-07 23:53:39.705 | INFO     | core.portfolio:_close_position:164 - [平多] BTC/USDT:USDT 0.123301 @ 66960.61 | PnL:+536.0141 | 剩余仓位:0.000000
2026-04-07 23:53:39.710 | INFO     | core.portfolio:_open_short:141 - [开空] BTC/USDT:USDT 0.119044 @ 67471.70 | 杠杆:3x | 保证金:2677.36 | 强平价:89692.38
2026-04-07 23:53:39.713 | INFO     | core.portfolio:_close_position:164 - [平空] BTC/USDT:USDT 0.119044 @ 67191.94 | PnL:+29.3052 | 剩余仓位:0.000000
2026-04-07 23:53:39.713 | INFO     | core.portfolio:_open_long:113 - [开多] BTC/USDT:USDT 0.119901 @ 67191.94 | 杠杆:3x | 保证金:2685.46 | 强平价:45063.39
2026-04-07 23:53:39.714 | INFO     | core.portfolio:_close_position:164 - [平多] BTC/USDT:USDT 0.119901 @ 69621.97 | PnL:+287.1898 | 剩余仓位:0.000000
2026-04-07 23:53:39.714 | INFO     | core.portfolio:_open_short:141 - [开空] BTC/USDT:USDT 0.118116 @ 69621.97 | 杠杆:3x | 保证金:2741.16 | 强平价:92550.81
2026-04-07 23:53:39.715 | INFO     | core.portfolio:_close_position:164 - [平空] BTC/USDT:USDT 0.118116 @ 70977.89 | PnL:-164.3481 | 剩余仓位:0.000000
2026-04-07 23:53:39.715 | INFO     | core.portfolio:_open_long:113 - [开多] BTC/USDT:USDT 0.114443 @ 70977.89 | 杠杆:3x | 保证金:2707.64 | 强平价:47602.51
2026-04-07 23:53:39.718 | INFO     | core.portfolio:_close_position:164 - [平多] BTC/USDT:USDT 0.114443 @ 69592.08 | PnL:-162.5789 | 剩余仓位:0.000000
2026-04-07 23:53:39.718 | INFO     | core.portfolio:_open_short:141 - [开空] BTC/USDT:USDT 0.115192 @ 69592.08 | 杠杆:3x | 保证金:2672.14 | 强平价:92511.07
2026-04-07 23:53:39.721 | INFO     | core.portfolio:_close_position:164 - [平空] BTC/USDT:USDT 0.115192 @ 74392.88 | PnL:-557.2959 | 剩余仓位:0.000000
2026-04-07 23:53:39.721 | INFO     | core.portfolio:_open_long:113 - [开多] BTC/USDT:USDT 0.103376 @ 74306.86 | 杠杆:3x | 保证金:2560.51 | 强平价:49835.13
2026-04-07 23:53:39.724 | INFO     | core.portfolio:_close_position:164 - [平多] BTC/USDT:USDT 0.103376 @ 78828.43 | PnL:+463.3463 | 剩余仓位:0.000000
2026-04-07 23:53:39.735 | INFO     | core.portfolio:_open_short:141 - [开空] BTC/USDT:USDT 0.085486 @ 93015.49 | 杠杆:3x | 保证金:2650.52 | 强平价:123648.60
2026-04-07 23:53:39.737 | INFO     | core.portfolio:_close_position:164 - [平空] BTC/USDT:USDT 0.085486 @ 96668.83 | PnL:-316.4425 | 剩余仓位:0.000000
2026-04-07 23:53:39.738 | INFO     | core.portfolio:_open_long:113 - [开多] BTC/USDT:USDT 0.079619 @ 97485.39 | 杠杆:3x | 保证金:2587.24 | 强平价:65380.20
2026-04-07 23:53:39.741 | INFO     | core.portfolio:_close_position:164 - [平多] BTC/USDT:USDT 0.079619 @ 94991.00 | PnL:-202.3832 | 剩余仓位:0.000000
2026-04-07 23:53:39.741 | INFO     | core.portfolio:_open_short:141 - [开空] BTC/USDT:USDT 0.080392 @ 94991.00 | 杠杆:3x | 保证金:2545.50 | 强平价:126274.70
2026-04-07 23:53:39.742 | INFO     | core.portfolio:_close_position:164 - [平空] BTC/USDT:USDT 0.080392 @ 98647.93 | PnL:-297.9529 | 剩余仓位:0.000000
2026-04-07 23:53:39.742 | INFO     | core.portfolio:_open_long:113 - [开多] BTC/USDT:USDT 0.072859 @ 102315.36 | 杠杆:3x | 保证金:2484.87 | 强平价:68619.50
2026-04-07 23:53:39.742 | INFO     | core.portfolio:_close_position:164 - [平多] BTC/USDT:USDT 0.072859 @ 99080.18 | PnL:-239.3216 | 剩余仓位:0.000000
2026-04-07 23:53:39.745 | INFO     | core.portfolio:_open_short:141 - [开空] BTC/USDT:USDT 0.074732 @ 97794.24 | 杠杆:3x | 保证金:2436.11 | 强平价:130001.14
2026-04-07 23:53:39.747 | INFO     | core.portfolio:_close_position:164 - [平空] BTC/USDT:USDT 0.074732 @ 101156.73 | PnL:-255.0644 | 剩余仓位:0.000000
2026-04-07 23:53:39.748 | INFO     | core.portfolio:_open_long:113 - [开多] BTC/USDT:USDT 0.071293 @ 100370.87 | 杠杆:3x | 保证金:2385.24 | 强平价:67315.40
2026-04-07 23:53:39.750 | INFO     | core.portfolio:_close_position:164 - [平多] BTC/USDT:USDT 0.071293 @ 106578.78 | PnL:+438.7801 | 剩余仓位:0.000000
2026-04-07 23:53:39.752 | INFO     | core.portfolio:_open_short:141 - [开空] BTC/USDT:USDT 0.076351 @ 97083.88 | 杠杆:3x | 保证金:2470.82 | 强平价:129056.84
2026-04-07 23:53:39.757 | INFO     | core.portfolio:_close_position:164 - [平空] BTC/USDT:USDT 0.076351 @ 97745.05 | PnL:-54.2121 | 剩余仓位:0.000000
2026-04-07 23:53:39.757 | INFO     | core.portfolio:_open_long:113 - [开多] BTC/USDT:USDT 0.075593 @ 97745.05 | 杠杆:3x | 保证金:2462.94 | 强平价:65554.34
2026-04-07 23:53:39.758 | INFO     | core.portfolio:_close_position:164 - [平多] BTC/USDT:USDT 0.075593 @ 94552.99 | PnL:-244.8705 | 剩余仓位:0.000000
2026-04-07 23:53:39.759 | INFO     | core.portfolio:_open_short:141 - [开空] BTC/USDT:USDT 0.076154 @ 95008.89 | 杠杆:3x | 保证金:2411.76 | 强平价:126298.49
2026-04-07 23:53:39.763 | INFO     | core.portfolio:_close_position:164 - [平空] BTC/USDT:USDT 0.076154 @ 97347.37 | PnL:-181.7896 | 剩余仓位:0.000000
2026-04-07 23:53:39.763 | INFO     | core.portfolio:_open_long:113 - [开多] BTC/USDT:USDT 0.073280 @ 97347.37 | 杠杆:3x | 保证金:2377.87 | 强平价:65287.63
2026-04-07 23:53:39.767 | WARNING  | core.risk:check_drawdown:66 - [风控] 最大回撤触发熔断! 回撤=15.22%, 峰值=13729.59, 当前=11640.39
2026-04-07 23:53:39.767 | INFO     | core.portfolio:_close_position:164 - [平多] BTC/USDT:USDT 0.073280 @ 94227.85 | PnL:-232.0501 | 剩余仓位:0.000000
2026-04-07 23:53:39.832 | INFO     | core.backtester:run:94 - 回测完成: 最终权益 11635.56, 收益率 16.36%, 强平次数 0
2026-04-07 23:54:28.245 | INFO     | __main__:main:96 - 策略: ma_crossover | 标的: BTC/USDT:USDT | 区间: 2025-01-01 → 2025-12-31
2026-04-07 23:54:28.248 | INFO     | core.exchange:__init__:50 - 交易账户已连接模拟盘(Demo Trading)
2026-04-07 23:54:28.250 | INFO     | core.exchange:__init__:56 - 行情数据使用正式公开接口
2026-04-07 23:54:28.251 | INFO     | core.exchange:fetch_ohlcv_range:86 - 开始拉取 BTC/USDT:USDT 4h 数据: 2025-01-01 → 2025-12-31
2026-04-07 23:54:29.051 | DEBUG    | core.exchange:fetch_ohlcv_range:93 - 已拉取 300 条，最新: 2025-02-19 20:00:00.001000
2026-04-07 23:54:29.159 | DEBUG    | core.exchange:fetch_ohlcv_range:93 - 已拉取 600 条，最新: 2025-04-10 20:00:00.001000
2026-04-07 23:54:29.274 | DEBUG    | core.exchange:fetch_ohlcv_range:93 - 已拉取 900 条，最新: 2025-05-30 20:00:00.001000
2026-04-07 23:54:29.397 | DEBUG    | core.exchange:fetch_ohlcv_range:93 - 已拉取 1200 条，最新: 2025-07-19 20:00:00.001000
2026-04-07 23:54:29.495 | DEBUG    | core.exchange:fetch_ohlcv_range:93 - 已拉取 1500 条，最新: 2025-09-07 20:00:00.001000
2026-04-07 23:54:29.562 | DEBUG    | core.exchange:fetch_ohlcv_range:93 - 已拉取 1800 条，最新: 2025-10-27 20:00:00.001000
2026-04-07 23:54:29.735 | DEBUG    | core.exchange:fetch_ohlcv_range:93 - 已拉取 2100 条，最新: 2025-12-16 20:00:00.001000
2026-04-07 23:54:29.808 | DEBUG    | core.exchange:fetch_ohlcv_range:93 - 已拉取 2400 条，最新: 2026-02-04 20:00:00.001000
2026-04-07 23:54:29.820 | INFO     | core.exchange:fetch_ohlcv_range:100 - 共拉取 2185 条 K 线
2026-04-07 23:54:29.862 | INFO     | core.data_feed:get_historical_data:38 - 数据已缓存: /Users/mi/Desktop/workspace/quant-dev/data/BTC_USDT:USDT_4h_2025-01-01_2025-12-31.parquet
2026-04-07 23:54:29.879 | INFO     | core.backtester:run:34 - 回测开始: BTC/USDT:USDT | 1986 根K线 | 初始资金:10000.0 | 杠杆:3x | 资金费率:0.0100%/8h
2026-04-07 23:54:29.884 | INFO     | core.portfolio:_open_long:113 - [开多] BTC/USDT:USDT 0.061829 @ 97041.60 | 杠杆:3x | 保证金:2000.00 | 强平价:65082.57
2026-04-07 23:54:29.885 | INFO     | core.portfolio:_close_position:164 - [平多] BTC/USDT:USDT 0.061829 @ 95623.37 | PnL:-90.6443 | 剩余仓位:0.000000
2026-04-07 23:54:29.885 | INFO     | core.portfolio:_open_short:141 - [开空] BTC/USDT:USDT 0.062162 @ 95623.37 | 杠杆:3x | 保证金:1981.38 | 强平价:127115.34
2026-04-07 23:54:29.887 | INFO     | core.portfolio:_close_position:164 - [平空] BTC/USDT:USDT 0.062162 @ 97659.43 | PnL:-129.6010 | 剩余仓位:0.000000
2026-04-07 23:54:29.887 | INFO     | core.portfolio:_open_long:113 - [开多] BTC/USDT:USDT 0.060071 @ 97659.43 | 杠杆:3x | 保证金:1955.50 | 强平价:65496.92
2026-04-07 23:54:29.889 | INFO     | core.portfolio:_close_position:164 - [平多] BTC/USDT:USDT 0.060071 @ 95444.81 | PnL:-135.9009 | 剩余仓位:0.000000
2026-04-07 23:54:29.889 | INFO     | core.portfolio:_open_short:141 - [开空] BTC/USDT:USDT 0.060569 @ 95444.81 | 杠杆:3x | 保证金:1926.99 | 强平价:126877.96
2026-04-07 23:54:29.891 | INFO     | core.portfolio:_close_position:164 - [平空] BTC/USDT:USDT 0.060569 @ 98432.08 | PnL:-183.9165 | 剩余仓位:0.000000
2026-04-07 23:54:29.891 | INFO     | core.portfolio:_open_long:113 - [开多] BTC/USDT:USDT 0.057725 @ 98199.64 | 杠杆:3x | 保证金:1889.53 | 强平价:65859.22
2026-04-07 23:54:29.892 | INFO     | core.portfolio:_close_position:164 - [平多] BTC/USDT:USDT 0.057725 @ 95223.05 | PnL:-174.5720 | 剩余仓位:0.000000
2026-04-07 23:54:29.893 | INFO     | core.portfolio:_open_short:141 - [开空] BTC/USDT:USDT 0.058287 @ 95420.21 | 杠杆:3x | 保证金:1853.93 | 强平价:126845.27
2026-04-07 23:54:29.894 | INFO     | core.portfolio:_close_position:164 - [平空] BTC/USDT:USDT 0.058287 @ 89327.96 | PnL:+352.4984 | 剩余仓位:0.000000
2026-04-07 23:54:29.899 | INFO     | core.portfolio:_open_long:113 - [开多] BTC/USDT:USDT 0.062479 @ 92398.48 | 杠杆:3x | 保证金:1924.31 | 强平价:61968.58
2026-04-07 23:54:29.899 | INFO     | core.portfolio:_close_position:164 - [平多] BTC/USDT:USDT 0.062479 @ 85574.58 | PnL:-429.0208 | 剩余仓位:0.000000
2026-04-07 23:54:29.901 | INFO     | core.portfolio:_open_short:141 - [开空] BTC/USDT:USDT 0.060369 @ 91329.63 | 杠杆:3x | 保证金:1837.82 | 强平价:121407.52
2026-04-07 23:54:29.902 | INFO     | core.portfolio:_close_position:164 - [平空] BTC/USDT:USDT 0.060369 @ 87849.57 | PnL:+207.4351 | 剩余仓位:0.000000
2026-04-07 23:54:29.902 | INFO     | core.portfolio:_open_long:113 - [开多] BTC/USDT:USDT 0.064198 @ 87849.57 | 杠杆:3x | 保证金:1879.93 | 强平价:58917.78
2026-04-07 23:54:29.903 | INFO     | core.portfolio:_close_position:164 - [平多] BTC/USDT:USDT 0.064198 @ 85001.00 | PnL:-185.6013 | 剩余仓位:0.000000
2026-04-07 23:54:29.906 | INFO     | core.portfolio:_open_long:113 - [开多] BTC/USDT:USDT 0.067206 @ 82178.03 | 杠杆:3x | 保证金:1840.94 | 强平价:55114.07
2026-04-07 23:54:29.910 | INFO     | core.portfolio:_close_position:164 - [平多] BTC/USDT:USDT 0.067206 @ 82690.76 | PnL:+31.6795 | 剩余仓位:0.000000
2026-04-07 23:54:29.910 | INFO     | core.portfolio:_open_short:141 - [开空] BTC/USDT:USDT 0.066974 @ 82690.76 | 杠杆:3x | 保证金:1846.05 | 强平价:109923.58
2026-04-07 23:54:29.910 | INFO     | core.portfolio:_close_position:164 - [平空] BTC/USDT:USDT 0.066974 @ 85454.49 | PnL:-187.9597 | 剩余仓位:0.000000
2026-04-07 23:54:29.911 | INFO     | core.portfolio:_open_long:113 - [开多] BTC/USDT:USDT 0.063168 @ 85829.56 | 杠杆:3x | 保证金:1807.24 | 强平价:57563.03
2026-04-07 23:54:29.913 | INFO     | core.portfolio:_close_position:164 - [平多] BTC/USDT:USDT 0.063168 @ 85178.86 | PnL:-43.7940 | 剩余仓位:0.000000
2026-04-07 23:54:29.913 | INFO     | core.portfolio:_open_short:141 - [开空] BTC/USDT:USDT 0.063316 @ 85178.86 | 杠杆:3x | 保证金:1797.73 | 强平价:113231.10
2026-04-07 23:54:29.914 | INFO     | core.portfolio:_close_position:164 - [平空] BTC/USDT:USDT 0.063316 @ 88339.86 | PnL:-202.9391 | 剩余仓位:0.000000
2026-04-07 23:54:29.914 | INFO     | core.portfolio:_open_long:113 - [开多] BTC/USDT:USDT 0.059708 @ 88232.64 | 杠杆:3x | 保证金:1756.07 | 强平价:59174.69
2026-04-07 23:54:29.916 | INFO     | core.portfolio:_close_position:164 - [平多] BTC/USDT:USDT 0.059708 @ 85199.36 | PnL:-183.6559 | 剩余仓位:0.000000
2026-04-07 23:54:29.917 | INFO     | core.portfolio:_open_short:141 - [开空] BTC/USDT:USDT 0.061505 @ 83781.64 | 杠杆:3x | 保证金:1717.67 | 强平价:111373.73
2026-04-07 23:54:29.919 | WARNING  | core.risk:check_drawdown:66 - [风控] 最大回撤触发熔断! 回撤=15.42%, 峰值=10047.42, 当前=8498.28
2026-04-07 23:54:29.919 | INFO     | core.portfolio:_close_position:164 - [平空] BTC/USDT:USDT 0.061505 @ 85312.66 | PnL:-96.7894 | 剩余仓位:0.000000
2026-04-07 23:54:29.986 | INFO     | core.backtester:run:94 - 回测完成: 最终权益 8495.13, 收益率 -15.05%, 强平次数 0
2026-04-07 23:57:01.053 | INFO     | __main__:main:96 - 策略: ma_crossover | 标的: BTC/USDT:USDT | 区间: 2024-01-01 → 2024-12-31
2026-04-07 23:57:01.056 | INFO     | core.exchange:__init__:50 - 交易账户已连接模拟盘(Demo Trading)
2026-04-07 23:57:01.059 | INFO     | core.exchange:__init__:56 - 行情数据使用正式公开接口
2026-04-07 23:57:01.059 | INFO     | core.data_feed:get_historical_data:33 - 从缓存加载: /Users/mi/Desktop/workspace/quant-dev/data/BTC_USDT:USDT_4h_2024-01-01_2024-12-31.parquet
2026-04-07 23:57:01.178 | INFO     | core.backtester:run:34 - 回测开始: BTC/USDT:USDT | 1992 根K线 | 初始资金:10000.0 | 杠杆:3x | 资金费率:0.0100%/8h
2026-04-07 23:57:01.199 | INFO     | core.portfolio:_open_long:113 - [开多] BTC/USDT:USDT 0.092788 @ 64663.43 | 杠杆:3x | 保证金:2000.00 | 强平价:43367.61
2026-04-07 23:57:01.201 | INFO     | core.portfolio:_close_position:164 - [平多] BTC/USDT:USDT 0.092788 @ 69783.94 | PnL:+471.8851 | 剩余仓位:0.000000
2026-04-07 23:57:01.201 | INFO     | core.portfolio:_open_long:113 - [开多] BTC/USDT:USDT 0.089820 @ 69904.08 | 杠杆:3x | 保证金:2092.92 | 强平价:46882.33
2026-04-07 23:57:01.207 | INFO     | core.portfolio:_close_position:164 - [平多] BTC/USDT:USDT 0.089820 @ 66698.56 | PnL:-290.9138 | 剩余仓位:0.000000
2026-04-07 23:57:01.226 | INFO     | core.portfolio:_open_short:141 - [开空] BTC/USDT:USDT 0.094660 @ 64381.82 | 杠杆:3x | 保证金:2031.47 | 强平价:85584.90
2026-04-07 23:57:01.230 | INFO     | core.portfolio:_close_position:164 - [平空] BTC/USDT:USDT 0.094660 @ 59315.96 | PnL:+476.7283 | 剩余仓位:0.000000
2026-04-07 23:57:01.236 | INFO     | core.portfolio:_open_short:141 - [开空] BTC/USDT:USDT 0.102687 @ 62165.76 | 杠杆:3x | 保证金:2127.88 | 强平价:82639.02
2026-04-07 23:57:01.242 | INFO     | core.portfolio:_close_position:164 - [平空] BTC/USDT:USDT 0.102687 @ 64735.94 | PnL:-267.2487 | 剩余仓位:0.000000
2026-04-07 23:57:01.252 | INFO     | core.portfolio:_open_long:113 - [开多] BTC/USDT:USDT 0.088458 @ 70422.28 | 杠杆:3x | 保证金:2076.46 | 强平价:47229.88
2026-04-07 23:57:01.252 | INFO     | core.portfolio:_close_position:164 - [平多] BTC/USDT:USDT 0.088458 @ 68059.89 | PnL:-211.9819 | 剩余仓位:0.000000
2026-04-07 23:57:01.256 | INFO     | core.portfolio:_open_long:113 - [开多] BTC/USDT:USDT 0.089471 @ 68178.33 | 杠杆:3x | 保证金:2033.32 | 强平价:45724.94
2026-04-07 23:57:01.267 | INFO     | core.portfolio:_close_position:164 - [平多] BTC/USDT:USDT 0.089471 @ 65509.40 | PnL:-241.7219 | 剩余仓位:0.000000
2026-04-07 23:57:01.279 | INFO     | core.portfolio:_open_short:141 - [开空] BTC/USDT:USDT 0.097209 @ 61102.78 | 杠杆:3x | 保证金:1979.91 | 强平价:81225.96
2026-04-07 23:57:01.280 | INFO     | core.portfolio:_close_position:164 - [平空] BTC/USDT:USDT 0.097209 @ 63448.69 | PnL:-231.1268 | 剩余仓位:0.000000
2026-04-07 23:57:01.283 | INFO     | core.portfolio:_open_short:141 - [开空] BTC/USDT:USDT 0.100444 @ 57750.45 | 杠杆:3x | 保证金:1933.57 | 强平价:76769.60
2026-04-07 23:57:01.290 | INFO     | core.portfolio:_close_position:164 - [平空] BTC/USDT:USDT 0.100444 @ 60069.21 | PnL:-235.9235 | 剩余仓位:0.000000
2026-04-07 23:57:01.301 | INFO     | core.portfolio:_open_long:113 - [开多] BTC/USDT:USDT 0.083016 @ 68273.55 | 杠杆:3x | 保证金:1889.26 | 强平价:45788.80
2026-04-07 23:57:01.303 | INFO     | core.portfolio:_close_position:164 - [平多] BTC/USDT:USDT 0.083016 @ 65915.21 | PnL:-198.5156 | 剩余仓位:0.000000
2026-04-07 23:57:01.314 | INFO     | core.portfolio:_open_short:141 - [开空] BTC/USDT:USDT 0.093601 @ 59229.45 | 杠杆:3x | 保证金:1847.98 | 强平价:78735.68
2026-04-07 23:57:01.314 | WARNING  | core.risk:check_drawdown:81 - [风控] 最大回撤触发熔断! 回撤=15.80% | 峰值=10794.45 → 当前=9088.99 | 冷却 100 根K线后重启
2026-04-07 23:57:01.314 | INFO     | core.portfolio:_close_position:164 - [平空] BTC/USDT:USDT 0.093601 @ 60830.36 | PnL:-152.6942 | 剩余仓位:0.000000
2026-04-07 23:57:01.318 | INFO     | core.risk:check_drawdown:71 - [风控] 熔断冷却结束，恢复交易，重置峰值=9085.01
2026-04-07 23:57:01.334 | INFO     | core.portfolio:_open_long:113 - [开多] BTC/USDT:USDT 0.087004 @ 62652.63 | 杠杆:3x | 保证金:1817.00 | 强平价:42019.03
2026-04-07 23:57:01.345 | INFO     | core.portfolio:_close_position:164 - [平多] BTC/USDT:USDT 0.087004 @ 60177.96 | PnL:-217.9227 | 剩余仓位:0.000000
2026-04-07 23:57:01.348 | INFO     | core.portfolio:_open_long:113 - [开多] BTC/USDT:USDT 0.085411 @ 62115.02 | 杠杆:3x | 保证金:1768.43 | 强平价:41658.47
2026-04-07 23:57:01.351 | INFO     | core.portfolio:_close_position:164 - [平多] BTC/USDT:USDT 0.085411 @ 61250.25 | PnL:-76.4764 | 剩余仓位:0.000000
2026-04-07 23:57:01.351 | INFO     | core.portfolio:_open_short:141 - [开空] BTC/USDT:USDT 0.085815 @ 61250.25 | 杠杆:3x | 保证金:1752.05 | 强平价:81422.00
2026-04-07 23:57:01.352 | INFO     | core.portfolio:_close_position:164 - [平空] BTC/USDT:USDT 0.085815 @ 63100.82 | PnL:-161.5134 | 剩余仓位:0.000000
2026-04-07 23:57:01.354 | INFO     | core.portfolio:_open_long:113 - [开多] BTC/USDT:USDT 0.082402 @ 62579.91 | 杠杆:3x | 保证金:1718.91 | 强平价:41970.26
2026-04-07 23:57:01.356 | INFO     | core.portfolio:_close_position:164 - [平多] BTC/USDT:USDT 0.082402 @ 66960.61 | PnL:+358.2209 | 剩余仓位:0.000000
2026-04-07 23:57:01.364 | INFO     | core.portfolio:_open_long:113 - [开多] BTC/USDT:USDT 0.079889 @ 67191.94 | 杠杆:3x | 保证金:1789.29 | 强平价:45063.39
2026-04-07 23:57:01.366 | INFO     | core.portfolio:_close_position:164 - [平多] BTC/USDT:USDT 0.079889 @ 71443.21 | PnL:+336.7753 | 剩余仓位:0.000000
2026-04-07 23:57:01.372 | INFO     | core.portfolio:_open_long:113 - [开多] BTC/USDT:USDT 0.074902 @ 74306.86 | 杠杆:3x | 保证金:1855.24 | 强平价:49835.13
2026-04-07 23:57:01.375 | INFO     | core.portfolio:_close_position:164 - [平多] BTC/USDT:USDT 0.074902 @ 78828.43 | PnL:+335.7214 | 剩余仓位:0.000000
2026-04-07 23:57:01.391 | INFO     | core.portfolio:_open_long:113 - [开多] BTC/USDT:USDT 0.059100 @ 97485.39 | 杠杆:3x | 保证金:1920.46 | 强平价:65380.20
2026-04-07 23:57:01.405 | INFO     | core.portfolio:_close_position:164 - [平多] BTC/USDT:USDT 0.059100 @ 104487.00 | PnL:+410.7058 | 剩余仓位:0.000000
2026-04-07 23:57:01.408 | INFO     | core.portfolio:_open_short:141 - [开空] BTC/USDT:USDT 0.061691 @ 97083.88 | 杠杆:3x | 保证金:1996.41 | 强平价:129056.84
2026-04-07 23:57:01.417 | INFO     | core.portfolio:_close_position:164 - [平空] BTC/USDT:USDT 0.061691 @ 92534.40 | PnL:+277.8089 | 剩余仓位:0.000000
2026-04-07 23:57:01.421 | INFO     | core.backtester:run:94 - 回测完成: 最终权益 10280.38, 收益率 2.80%, 强平次数 0
2026-04-07 23:57:03.734 | INFO     | __main__:main:96 - 策略: ma_crossover | 标的: BTC/USDT:USDT | 区间: 2025-01-01 → 2025-12-31
2026-04-07 23:57:03.737 | INFO     | core.exchange:__init__:50 - 交易账户已连接模拟盘(Demo Trading)
2026-04-07 23:57:03.740 | INFO     | core.exchange:__init__:56 - 行情数据使用正式公开接口
2026-04-07 23:57:03.740 | INFO     | core.data_feed:get_historical_data:33 - 从缓存加载: /Users/mi/Desktop/workspace/quant-dev/data/BTC_USDT:USDT_4h_2025-01-01_2025-12-31.parquet
2026-04-07 23:57:03.795 | INFO     | core.backtester:run:34 - 回测开始: BTC/USDT:USDT | 1986 根K线 | 初始资金:10000.0 | 杠杆:3x | 资金费率:0.0100%/8h
2026-04-07 23:57:03.804 | INFO     | core.portfolio:_open_short:141 - [开空] BTC/USDT:USDT 0.070587 @ 85001.00 | 杠杆:3x | 保证金:2000.00 | 强平价:112994.66
2026-04-07 23:57:03.806 | INFO     | core.portfolio:_close_position:164 - [平空] BTC/USDT:USDT 0.070587 @ 79087.71 | PnL:+414.6120 | 剩余仓位:0.000000
2026-04-07 23:57:03.812 | INFO     | core.portfolio:_open_short:141 - [开空] BTC/USDT:USDT 0.075563 @ 82690.76 | 杠杆:3x | 保证金:2082.78 | 强平价:109923.58
2026-04-07 23:57:03.813 | INFO     | core.portfolio:_close_position:164 - [平空] BTC/USDT:USDT 0.075563 @ 85454.49 | PnL:-212.0638 | 剩余仓位:0.000000
2026-04-07 23:57:03.816 | INFO     | core.portfolio:_open_short:141 - [开空] BTC/USDT:USDT 0.071849 @ 85178.86 | 杠杆:3x | 保证金:2040.00 | 强平价:113231.10
2026-04-07 23:57:03.816 | INFO     | core.portfolio:_close_position:164 - [平空] BTC/USDT:USDT 0.071849 @ 88339.86 | PnL:-230.2878 | 剩余仓位:0.000000
2026-04-07 23:57:03.817 | INFO     | core.portfolio:_open_long:113 - [开多] BTC/USDT:USDT 0.067788 @ 88232.64 | 杠杆:3x | 保证金:1993.70 | 强平价:59174.69
2026-04-07 23:57:03.819 | INFO     | core.portfolio:_close_position:164 - [平多] BTC/USDT:USDT 0.067788 @ 85199.36 | PnL:-208.5082 | 剩余仓位:0.000000
2026-04-07 23:57:03.820 | INFO     | core.portfolio:_open_short:141 - [开空] BTC/USDT:USDT 0.069828 @ 83781.64 | 杠杆:3x | 保证金:1950.11 | 强平价:111373.73
2026-04-07 23:57:03.824 | INFO     | core.portfolio:_close_position:164 - [平空] BTC/USDT:USDT 0.069828 @ 86789.45 | PnL:-213.0604 | 剩余仓位:0.000000
2026-04-07 23:57:03.826 | INFO     | core.portfolio:_open_short:141 - [开空] BTC/USDT:USDT 0.068606 @ 83461.30 | 杠杆:3x | 保证金:1908.66 | 强平价:110947.89
2026-04-07 23:57:03.827 | INFO     | core.portfolio:_close_position:164 - [平空] BTC/USDT:USDT 0.068606 @ 78435.58 | PnL:+342.1063 | 剩余仓位:0.000000
2026-04-07 23:57:03.835 | INFO     | core.portfolio:_open_long:113 - [开多] BTC/USDT:USDT 0.070027 @ 84698.64 | 杠杆:3x | 保证金:1977.07 | 强平价:56804.55
2026-04-07 23:57:03.839 | INFO     | core.portfolio:_close_position:164 - [平多] BTC/USDT:USDT 0.070027 @ 90913.61 | PnL:+432.0350 | 剩余仓位:0.000000
2026-04-07 23:57:03.846 | INFO     | core.portfolio:_open_long:113 - [开多] BTC/USDT:USDT 0.065794 @ 93973.79 | 杠杆:3x | 保证金:2060.96 | 强平价:63025.09
2026-04-07 23:57:03.852 | INFO     | core.portfolio:_close_position:164 - [平多] BTC/USDT:USDT 0.065794 @ 100709.85 | PnL:+439.8774 | 剩余仓位:0.000000
2026-04-07 23:57:03.858 | INFO     | core.portfolio:_open_long:113 - [开多] BTC/USDT:USDT 0.062097 @ 103642.12 | 杠杆:3x | 保证金:2145.28 | 强平价:69509.32
2026-04-07 23:57:03.863 | INFO     | core.portfolio:_close_position:164 - [平多] BTC/USDT:USDT 0.062097 @ 111719.15 | PnL:+498.0893 | 剩余仓位:0.000000
2026-04-07 23:57:03.868 | INFO     | core.portfolio:_open_long:113 - [开多] BTC/USDT:USDT 0.061800 @ 108837.36 | 杠杆:3x | 保证金:2242.04 | 强平价:72993.59
2026-04-07 23:57:03.869 | INFO     | core.portfolio:_close_position:164 - [平多] BTC/USDT:USDT 0.061800 @ 105527.29 | PnL:-207.8221 | 剩余仓位:0.000000
2026-04-07 23:57:03.873 | INFO     | core.portfolio:_open_long:113 - [开多] BTC/USDT:USDT 0.062122 @ 106194.73 | 杠杆:3x | 保证金:2199.00 | 强平价:71221.27
2026-04-07 23:57:03.874 | INFO     | core.portfolio:_close_position:164 - [平多] BTC/USDT:USDT 0.062122 @ 101855.92 | PnL:-272.6986 | 剩余仓位:0.000000
2026-04-07 23:57:03.875 | INFO     | core.portfolio:_open_short:141 - [开空] BTC/USDT:USDT 0.062369 @ 103081.48 | 杠杆:3x | 保证金:2143.02 | 强平价:137029.65
2026-04-07 23:57:03.877 | INFO     | core.portfolio:_close_position:164 - [平空] BTC/USDT:USDT 0.062369 @ 106268.45 | PnL:-202.0814 | 剩余仓位:0.000000
2026-04-07 23:57:03.877 | INFO     | core.portfolio:_open_long:113 - [开多] BTC/USDT:USDT 0.059724 @ 105629.92 | 杠杆:3x | 保证金:2102.88 | 强平价:70842.47
2026-04-07 23:57:03.881 | INFO     | core.portfolio:_close_position:164 - [平多] BTC/USDT:USDT 0.059724 @ 105038.99 | PnL:-38.4296 | 剩余仓位:0.000000
2026-04-07 23:57:03.881 | INFO     | core.portfolio:_open_short:141 - [开空] BTC/USDT:USDT 0.059796 @ 105038.99 | 杠杆:3x | 保证金:2093.64 | 强平价:139631.83
2026-04-07 23:57:03.883 | INFO     | core.portfolio:_close_position:164 - [平空] BTC/USDT:USDT 0.059796 @ 108618.32 | PnL:-217.2775 | 剩余仓位:0.000000
2026-04-07 23:57:03.883 | INFO     | core.portfolio:_open_long:113 - [开多] BTC/USDT:USDT 0.057165 @ 107573.61 | 杠杆:3x | 保证金:2049.82 | 强平价:72146.03
2026-04-07 23:57:03.884 | INFO     | core.portfolio:_close_position:164 - [平多] BTC/USDT:USDT 0.057165 @ 104173.26 | PnL:-197.3586 | 剩余仓位:0.000000
2026-04-07 23:57:03.885 | INFO     | core.portfolio:_open_short:141 - [开空] BTC/USDT:USDT 0.057942 @ 104043.39 | 杠杆:3x | 保证金:2009.49 | 强平价:138308.34
2026-04-07 23:57:03.890 | INFO     | core.portfolio:_close_position:164 - [平空] BTC/USDT:USDT 0.057942 @ 107151.73 | PnL:-183.2072 | 剩余仓位:0.000000
2026-04-07 23:57:03.890 | INFO     | core.portfolio:_open_long:113 - [开多] BTC/USDT:USDT 0.055300 @ 107151.73 | 杠杆:3x | 保证金:1975.15 | 强平价:71863.09
2026-04-07 23:57:03.903 | INFO     | core.portfolio:_close_position:164 - [平多] BTC/USDT:USDT 0.055300 @ 115969.80 | PnL:+484.4305 | 剩余仓位:0.000000
2026-04-07 23:57:03.910 | INFO     | core.portfolio:_open_long:113 - [开多] BTC/USDT:USDT 0.052387 @ 118251.95 | 杠杆:3x | 保证金:2064.95 | 强平价:79307.64
2026-04-07 23:57:03.921 | INFO     | core.portfolio:_close_position:164 - [平多] BTC/USDT:USDT 0.052387 @ 113248.25 | PnL:-265.0945 | 剩余仓位:0.000000
2026-04-07 23:57:03.932 | INFO     | core.portfolio:_open_short:141 - [开空] BTC/USDT:USDT 0.051331 @ 117261.64 | 杠杆:3x | 保证金:2006.37 | 强平价:155879.81
2026-04-07 23:57:03.941 | INFO     | core.portfolio:_close_position:164 - [平空] BTC/USDT:USDT 0.051331 @ 110096.01 | PnL:+364.9898 | 剩余仓位:0.000000
2026-04-07 23:57:03.941 | INFO     | core.portfolio:_open_short:141 - [开空] BTC/USDT:USDT 0.056678 @ 110216.85 | 杠杆:3x | 保证金:2082.30 | 强平价:146514.94
2026-04-07 23:57:03.953 | INFO     | core.portfolio:_close_position:164 - [平空] BTC/USDT:USDT 0.056678 @ 113839.76 | PnL:-208.5663 | 剩余仓位:0.000000
2026-04-07 23:57:03.959 | INFO     | core.portfolio:_open_long:113 - [开多] BTC/USDT:USDT 0.052713 @ 116427.28 | 杠杆:3x | 保证金:2045.73 | 强平价:78083.90
2026-04-07 23:57:03.962 | INFO     | core.portfolio:_close_position:164 - [平多] BTC/USDT:USDT 0.052713 @ 112436.81 | PnL:-213.3122 | 剩余仓位:0.000000
2026-04-07 23:57:03.969 | INFO     | core.portfolio:_open_long:113 - [开多] BTC/USDT:USDT 0.052531 @ 114268.85 | 杠杆:3x | 保证金:2000.87 | 强平价:76636.31
2026-04-07 23:57:03.971 | INFO     | core.portfolio:_close_position:164 - [平多] BTC/USDT:USDT 0.052531 @ 122190.56 | PnL:+412.9225 | 剩余仓位:0.000000
2026-04-07 23:57:03.982 | INFO     | core.portfolio:_open_short:141 - [开空] BTC/USDT:USDT 0.057570 @ 108468.10 | 杠杆:3x | 保证金:2081.50 | 强平价:144190.26
2026-04-07 23:57:03.986 | INFO     | core.portfolio:_close_position:164 - [平空] BTC/USDT:USDT 0.057570 @ 113407.18 | PnL:-287.6061 | 剩余仓位:0.000000
2026-04-07 23:57:03.988 | INFO     | core.portfolio:_open_short:141 - [开空] BTC/USDT:USDT 0.055045 @ 110376.12 | 杠杆:3x | 保证金:2025.22 | 强平价:146726.66
2026-04-07 23:57:03.990 | INFO     | core.portfolio:_close_position:164 - [平空] BTC/USDT:USDT 0.055045 @ 114531.30 | PnL:-231.8747 | 剩余仓位:0.000000
2026-04-07 23:57:03.993 | INFO     | core.portfolio:_open_short:141 - [开空] BTC/USDT:USDT 0.055168 @ 107635.07 | 杠杆:3x | 保证金:1979.35 | 强平价:143082.88
2026-04-07 23:57:03.995 | INFO     | core.portfolio:_close_position:164 - [平空] BTC/USDT:USDT 0.055168 @ 111173.33 | PnL:-198.2665 | 剩余仓位:0.000000
2026-04-07 23:57:03.997 | INFO     | core.portfolio:_open_short:141 - [开空] BTC/USDT:USDT 0.054644 @ 106512.29 | 杠杆:3x | 保证金:1940.07 | 强平价:141590.34
2026-04-07 23:57:04.005 | INFO     | core.portfolio:_close_position:164 - [平空] BTC/USDT:USDT 0.054644 @ 98649.23 | PnL:+426.9706 | 剩余仓位:0.000000
2026-04-07 23:57:04.019 | INFO     | core.portfolio:_open_short:141 - [开空] BTC/USDT:USDT 0.070682 @ 86081.88 | 杠杆:3x | 保证金:2028.15 | 强平价:114431.51
2026-04-07 23:57:04.020 | INFO     | core.portfolio:_close_position:164 - [平空] BTC/USDT:USDT 0.070682 @ 90818.26 | PnL:-337.9865 | 剩余仓位:0.000000
2026-04-07 23:57:04.024 | INFO     | core.portfolio:_open_short:141 - [开空] BTC/USDT:USDT 0.065601 @ 89652.77 | 杠杆:3x | 保证金:1960.43 | 强平价:119178.41
2026-04-07 23:57:04.026 | INFO     | core.portfolio:_close_position:164 - [平空] BTC/USDT:USDT 0.065601 @ 92693.94 | PnL:-202.5438 | 剩余仓位:0.000000
2026-04-07 23:57:04.029 | INFO     | core.portfolio:_open_short:141 - [开空] BTC/USDT:USDT 0.063818 @ 90269.64 | 杠杆:3x | 保证金:1920.29 | 强平价:119998.44
2026-04-07 23:57:04.033 | INFO     | core.portfolio:_close_position:164 - [平空] BTC/USDT:USDT 0.063818 @ 84449.99 | PnL:+368.7063 | 剩余仓位:0.000000
2026-04-07 23:57:04.038 | INFO     | core.portfolio:_open_short:141 - [开空] BTC/USDT:USDT 0.068804 @ 86997.20 | 杠杆:3x | 保证金:1995.25 | 强平价:115648.27
2026-04-07 23:57:04.042 | INFO     | core.portfolio:_close_position:164 - [平空] BTC/USDT:USDT 0.068804 @ 90103.22 | PnL:-216.8061 | 剩余仓位:0.000000
2026-04-07 23:57:04.042 | INFO     | core.portfolio:_open_short:141 - [开空] BTC/USDT:USDT 0.066867 @ 87615.07 | 杠杆:3x | 保证金:1952.86 | 强平价:116469.64
2026-04-07 23:57:04.044 | INFO     | core.portfolio:_close_position:164 - [平空] BTC/USDT:USDT 0.066867 @ 88434.18 | PnL:-57.7283 | 剩余仓位:0.000000
2026-04-07 23:57:04.046 | INFO     | core.backtester:run:94 - 回测完成: 最终权益 9710.13, 收益率 -2.90%, 强平次数 0
2026-04-07 23:57:10.895 | INFO     | __main__:main:96 - 策略: ma_crossover | 标的: BTC/USDT:USDT | 区间: 2024-01-01 → 2025-12-31
2026-04-07 23:57:10.898 | INFO     | core.exchange:__init__:50 - 交易账户已连接模拟盘(Demo Trading)
2026-04-07 23:57:10.900 | INFO     | core.exchange:__init__:56 - 行情数据使用正式公开接口
2026-04-07 23:57:10.901 | INFO     | core.exchange:fetch_ohlcv_range:86 - 开始拉取 BTC/USDT:USDT 4h 数据: 2024-01-01 → 2025-12-31
2026-04-07 23:57:11.710 | DEBUG    | core.exchange:fetch_ohlcv_range:93 - 已拉取 300 条，最新: 2024-02-19 20:00:00.001000
2026-04-07 23:57:11.819 | DEBUG    | core.exchange:fetch_ohlcv_range:93 - 已拉取 600 条，最新: 2024-04-09 20:00:00.001000
2026-04-07 23:57:11.940 | DEBUG    | core.exchange:fetch_ohlcv_range:93 - 已拉取 900 条，最新: 2024-05-29 20:00:00.001000
2026-04-07 23:57:12.052 | DEBUG    | core.exchange:fetch_ohlcv_range:93 - 已拉取 1200 条，最新: 2024-07-18 20:00:00.001000
2026-04-07 23:57:12.176 | DEBUG    | core.exchange:fetch_ohlcv_range:93 - 已拉取 1500 条，最新: 2024-09-06 20:00:00.001000
2026-04-07 23:57:12.287 | DEBUG    | core.exchange:fetch_ohlcv_range:93 - 已拉取 1800 条，最新: 2024-10-26 20:00:00.001000
2026-04-07 23:57:12.391 | DEBUG    | core.exchange:fetch_ohlcv_range:93 - 已拉取 2100 条，最新: 2024-12-15 20:00:00.001000
2026-04-07 23:57:12.526 | DEBUG    | core.exchange:fetch_ohlcv_range:93 - 已拉取 2400 条，最新: 2025-02-03 20:00:00.001000
2026-04-07 23:57:12.620 | DEBUG    | core.exchange:fetch_ohlcv_range:93 - 已拉取 2700 条，最新: 2025-03-25 20:00:00.001000
2026-04-07 23:57:12.744 | DEBUG    | core.exchange:fetch_ohlcv_range:93 - 已拉取 3000 条，最新: 2025-05-14 20:00:00.001000
2026-04-07 23:57:12.861 | DEBUG    | core.exchange:fetch_ohlcv_range:93 - 已拉取 3300 条，最新: 2025-07-03 20:00:00.001000
2026-04-07 23:57:12.970 | DEBUG    | core.exchange:fetch_ohlcv_range:93 - 已拉取 3600 条，最新: 2025-08-22 20:00:00.001000
2026-04-07 23:57:13.036 | DEBUG    | core.exchange:fetch_ohlcv_range:93 - 已拉取 3900 条，最新: 2025-10-11 20:00:00.001000
2026-04-07 23:57:13.102 | DEBUG    | core.exchange:fetch_ohlcv_range:93 - 已拉取 4200 条，最新: 2025-11-30 20:00:00.001000
2026-04-07 23:57:13.176 | DEBUG    | core.exchange:fetch_ohlcv_range:93 - 已拉取 4500 条，最新: 2026-01-19 20:00:00.001000
2026-04-07 23:57:13.186 | INFO     | core.exchange:fetch_ohlcv_range:100 - 共拉取 4381 条 K 线
2026-04-07 23:57:13.213 | INFO     | core.data_feed:get_historical_data:38 - 数据已缓存: /Users/mi/Desktop/workspace/quant-dev/data/BTC_USDT:USDT_4h_2024-01-01_2025-12-31.parquet
2026-04-07 23:57:13.236 | INFO     | core.backtester:run:34 - 回测开始: BTC/USDT:USDT | 4182 根K线 | 初始资金:10000.0 | 杠杆:3x | 资金费率:0.0100%/8h
2026-04-07 23:57:13.259 | INFO     | core.portfolio:_open_long:113 - [开多] BTC/USDT:USDT 0.092788 @ 64663.43 | 杠杆:3x | 保证金:2000.00 | 强平价:43367.61
2026-04-07 23:57:13.261 | INFO     | core.portfolio:_close_position:164 - [平多] BTC/USDT:USDT 0.092788 @ 69783.94 | PnL:+471.8851 | 剩余仓位:0.000000
2026-04-07 23:57:13.261 | INFO     | core.portfolio:_open_long:113 - [开多] BTC/USDT:USDT 0.089820 @ 69904.08 | 杠杆:3x | 保证金:2092.92 | 强平价:46882.33
2026-04-07 23:57:13.267 | INFO     | core.portfolio:_close_position:164 - [平多] BTC/USDT:USDT 0.089820 @ 66698.56 | PnL:-290.9138 | 剩余仓位:0.000000
2026-04-07 23:57:13.285 | INFO     | core.portfolio:_open_short:141 - [开空] BTC/USDT:USDT 0.094660 @ 64381.82 | 杠杆:3x | 保证金:2031.47 | 强平价:85584.90
2026-04-07 23:57:13.289 | INFO     | core.portfolio:_close_position:164 - [平空] BTC/USDT:USDT 0.094660 @ 59315.96 | PnL:+476.7283 | 剩余仓位:0.000000
2026-04-07 23:57:13.295 | INFO     | core.portfolio:_open_short:141 - [开空] BTC/USDT:USDT 0.102687 @ 62165.76 | 杠杆:3x | 保证金:2127.88 | 强平价:82639.02
2026-04-07 23:57:13.300 | INFO     | core.portfolio:_close_position:164 - [平空] BTC/USDT:USDT 0.102687 @ 64735.94 | PnL:-267.2487 | 剩余仓位:0.000000
2026-04-07 23:57:13.310 | INFO     | core.portfolio:_open_long:113 - [开多] BTC/USDT:USDT 0.088458 @ 70422.28 | 杠杆:3x | 保证金:2076.46 | 强平价:47229.88
2026-04-07 23:57:13.310 | INFO     | core.portfolio:_close_position:164 - [平多] BTC/USDT:USDT 0.088458 @ 68059.89 | PnL:-211.9819 | 剩余仓位:0.000000
2026-04-07 23:57:13.315 | INFO     | core.portfolio:_open_long:113 - [开多] BTC/USDT:USDT 0.089471 @ 68178.33 | 杠杆:3x | 保证金:2033.32 | 强平价:45724.94
2026-04-07 23:57:13.324 | INFO     | core.portfolio:_close_position:164 - [平多] BTC/USDT:USDT 0.089471 @ 65509.40 | PnL:-241.7219 | 剩余仓位:0.000000
2026-04-07 23:57:13.335 | INFO     | core.portfolio:_open_short:141 - [开空] BTC/USDT:USDT 0.097209 @ 61102.78 | 杠杆:3x | 保证金:1979.91 | 强平价:81225.96
2026-04-07 23:57:13.337 | INFO     | core.portfolio:_close_position:164 - [平空] BTC/USDT:USDT 0.097209 @ 63448.69 | PnL:-231.1268 | 剩余仓位:0.000000
2026-04-07 23:57:13.339 | INFO     | core.portfolio:_open_short:141 - [开空] BTC/USDT:USDT 0.100444 @ 57750.45 | 杠杆:3x | 保证金:1933.57 | 强平价:76769.60
2026-04-07 23:57:13.347 | INFO     | core.portfolio:_close_position:164 - [平空] BTC/USDT:USDT 0.100444 @ 60069.21 | PnL:-235.9235 | 剩余仓位:0.000000
2026-04-07 23:57:13.358 | INFO     | core.portfolio:_open_long:113 - [开多] BTC/USDT:USDT 0.083016 @ 68273.55 | 杠杆:3x | 保证金:1889.26 | 强平价:45788.80
2026-04-07 23:57:13.360 | INFO     | core.portfolio:_close_position:164 - [平多] BTC/USDT:USDT 0.083016 @ 65915.21 | PnL:-198.5156 | 剩余仓位:0.000000
2026-04-07 23:57:13.371 | INFO     | core.portfolio:_open_short:141 - [开空] BTC/USDT:USDT 0.093601 @ 59229.45 | 杠杆:3x | 保证金:1847.98 | 强平价:78735.68
2026-04-07 23:57:13.371 | WARNING  | core.risk:check_drawdown:81 - [风控] 最大回撤触发熔断! 回撤=15.80% | 峰值=10794.45 → 当前=9088.99 | 冷却 100 根K线后重启
2026-04-07 23:57:13.371 | INFO     | core.portfolio:_close_position:164 - [平空] BTC/USDT:USDT 0.093601 @ 60830.36 | PnL:-152.6942 | 剩余仓位:0.000000
2026-04-07 23:57:13.375 | INFO     | core.risk:check_drawdown:71 - [风控] 熔断冷却结束，恢复交易，重置峰值=9085.01
2026-04-07 23:57:13.391 | INFO     | core.portfolio:_open_long:113 - [开多] BTC/USDT:USDT 0.087004 @ 62652.63 | 杠杆:3x | 保证金:1817.00 | 强平价:42019.03
2026-04-07 23:57:13.402 | INFO     | core.portfolio:_close_position:164 - [平多] BTC/USDT:USDT 0.087004 @ 60177.96 | PnL:-217.9227 | 剩余仓位:0.000000
2026-04-07 23:57:13.405 | INFO     | core.portfolio:_open_long:113 - [开多] BTC/USDT:USDT 0.085411 @ 62115.02 | 杠杆:3x | 保证金:1768.43 | 强平价:41658.47
2026-04-07 23:57:13.408 | INFO     | core.portfolio:_close_position:164 - [平多] BTC/USDT:USDT 0.085411 @ 61250.25 | PnL:-76.4764 | 剩余仓位:0.000000
2026-04-07 23:57:13.408 | INFO     | core.portfolio:_open_short:141 - [开空] BTC/USDT:USDT 0.085815 @ 61250.25 | 杠杆:3x | 保证金:1752.05 | 强平价:81422.00
2026-04-07 23:57:13.409 | INFO     | core.portfolio:_close_position:164 - [平空] BTC/USDT:USDT 0.085815 @ 63100.82 | PnL:-161.5134 | 剩余仓位:0.000000
2026-04-07 23:57:13.410 | INFO     | core.portfolio:_open_long:113 - [开多] BTC/USDT:USDT 0.082402 @ 62579.91 | 杠杆:3x | 保证金:1718.91 | 强平价:41970.26
2026-04-07 23:57:13.412 | INFO     | core.portfolio:_close_position:164 - [平多] BTC/USDT:USDT 0.082402 @ 66960.61 | PnL:+358.2209 | 剩余仓位:0.000000
2026-04-07 23:57:13.421 | INFO     | core.portfolio:_open_long:113 - [开多] BTC/USDT:USDT 0.079889 @ 67191.94 | 杠杆:3x | 保证金:1789.29 | 强平价:45063.39
2026-04-07 23:57:13.423 | INFO     | core.portfolio:_close_position:164 - [平多] BTC/USDT:USDT 0.079889 @ 71443.21 | PnL:+336.7753 | 剩余仓位:0.000000
2026-04-07 23:57:13.429 | INFO     | core.portfolio:_open_long:113 - [开多] BTC/USDT:USDT 0.074902 @ 74306.86 | 杠杆:3x | 保证金:1855.24 | 强平价:49835.13
2026-04-07 23:57:13.432 | INFO     | core.portfolio:_close_position:164 - [平多] BTC/USDT:USDT 0.074902 @ 78828.43 | PnL:+335.7214 | 剩余仓位:0.000000
2026-04-07 23:57:13.448 | INFO     | core.portfolio:_open_long:113 - [开多] BTC/USDT:USDT 0.059100 @ 97485.39 | 杠杆:3x | 保证金:1920.46 | 强平价:65380.20
2026-04-07 23:57:13.462 | INFO     | core.portfolio:_close_position:164 - [平多] BTC/USDT:USDT 0.059100 @ 104487.00 | PnL:+410.7058 | 剩余仓位:0.000000
2026-04-07 23:57:13.466 | INFO     | core.portfolio:_open_short:141 - [开空] BTC/USDT:USDT 0.061691 @ 97083.88 | 杠杆:3x | 保证金:1996.41 | 强平价:129056.84
2026-04-07 23:57:13.481 | INFO     | core.portfolio:_close_position:164 - [平空] BTC/USDT:USDT 0.061691 @ 102170.23 | PnL:-316.9352 | 剩余仓位:0.000000
2026-04-07 23:57:13.483 | INFO     | core.portfolio:_open_short:141 - [开空] BTC/USDT:USDT 0.062392 @ 93219.85 | 杠杆:3x | 保证金:1938.72 | 强平价:123920.26
2026-04-07 23:57:13.488 | INFO     | core.portfolio:_close_position:164 - [平空] BTC/USDT:USDT 0.062392 @ 96587.61 | PnL:-213.1338 | 剩余仓位:0.000000
2026-04-07 23:57:13.495 | INFO     | core.portfolio:_open_long:113 - [开多] BTC/USDT:USDT 0.055820 @ 101966.69 | 杠杆:3x | 保证金:1897.27 | 强平价:68385.66
2026-04-07 23:57:13.498 | INFO     | core.portfolio:_close_position:164 - [平多] BTC/USDT:USDT 0.055820 @ 98730.25 | PnL:-183.4147 | 剩余仓位:0.000000
2026-04-07 23:57:13.501 | INFO     | core.portfolio:_open_long:113 - [开多] BTC/USDT:USDT 0.053224 @ 104763.25 | 杠杆:3x | 保证金:1858.62 | 强平价:70261.22
2026-04-07 23:57:13.502 | INFO     | core.portfolio:_close_position:164 - [平多] BTC/USDT:USDT 0.053224 @ 100613.77 | PnL:-223.5272 | 剩余仓位:0.000000
2026-04-07 23:57:13.503 | INFO     | core.portfolio:_open_short:141 - [开空] BTC/USDT:USDT 0.054752 @ 99323.23 | 杠杆:3x | 保证金:1812.70 | 强平价:132033.68
2026-04-07 23:57:13.521 | INFO     | core.portfolio:_close_position:164 - [平空] BTC/USDT:USDT 0.054752 @ 91568.41 | PnL:+422.0825 | 剩余仓位:0.000000
2026-04-07 23:57:13.529 | INFO     | core.portfolio:_open_short:141 - [开空] BTC/USDT:USDT 0.062532 @ 91329.63 | 杠杆:3x | 保证金:1903.68 | 强平价:121407.52
2026-04-07 23:57:13.532 | INFO     | core.portfolio:_close_position:164 - [平空] BTC/USDT:USDT 0.062532 @ 85035.00 | PnL:+390.9576 | 剩余仓位:0.000000
2026-04-07 23:57:13.540 | INFO     | core.portfolio:_open_short:141 - [开空] BTC/USDT:USDT 0.071917 @ 82690.76 | 杠杆:3x | 保证金:1982.29 | 强平价:109923.58
2026-04-07 23:57:13.540 | INFO     | core.portfolio:_close_position:164 - [平空] BTC/USDT:USDT 0.071917 @ 85454.49 | PnL:-201.8314 | 剩余仓位:0.000000
2026-04-07 23:57:13.544 | INFO     | core.portfolio:_open_short:141 - [开空] BTC/USDT:USDT 0.068382 @ 85178.86 | 杠杆:3x | 保证金:1941.57 | 强平价:113231.10
2026-04-07 23:57:13.544 | INFO     | core.portfolio:_close_position:164 - [平空] BTC/USDT:USDT 0.068382 @ 88339.86 | PnL:-219.1761 | 剩余仓位:0.000000
2026-04-07 23:57:13.545 | INFO     | core.portfolio:_open_long:113 - [开多] BTC/USDT:USDT 0.064517 @ 88232.64 | 杠杆:3x | 保证金:1897.51 | 强平价:59174.69
2026-04-07 23:57:13.548 | INFO     | core.portfolio:_close_position:164 - [平多] BTC/USDT:USDT 0.064517 @ 85199.36 | PnL:-198.4474 | 剩余仓位:0.000000
2026-04-07 23:57:13.548 | INFO     | core.portfolio:_open_short:141 - [开空] BTC/USDT:USDT 0.066459 @ 83781.64 | 杠杆:3x | 保证金:1856.01 | 强平价:111373.73
2026-04-07 23:57:13.552 | INFO     | core.portfolio:_close_position:164 - [平空] BTC/USDT:USDT 0.066459 @ 86789.45 | PnL:-202.7799 | 剩余仓位:0.000000
2026-04-07 23:57:13.555 | INFO     | core.portfolio:_open_short:141 - [开空] BTC/USDT:USDT 0.065296 @ 83461.30 | 杠杆:3x | 保证金:1816.57 | 强平价:110947.89
2026-04-07 23:57:13.556 | INFO     | core.portfolio:_close_position:164 - [平空] BTC/USDT:USDT 0.065296 @ 78435.58 | PnL:+325.5992 | 剩余仓位:0.000000
2026-04-07 23:57:13.565 | INFO     | core.portfolio:_open_long:113 - [开多] BTC/USDT:USDT 0.066648 @ 84698.64 | 杠杆:3x | 保证金:1881.68 | 强平价:56804.55
2026-04-07 23:57:13.569 | INFO     | core.portfolio:_close_position:164 - [平多] BTC/USDT:USDT 0.066648 @ 90913.61 | PnL:+411.1887 | 剩余仓位:0.000000
2026-04-07 23:57:13.576 | INFO     | core.portfolio:_open_long:113 - [开多] BTC/USDT:USDT 0.062619 @ 93973.79 | 杠杆:3x | 保证金:1961.52 | 强平价:63025.09
2026-04-07 23:57:13.582 | INFO     | core.portfolio:_close_position:164 - [平多] BTC/USDT:USDT 0.062619 @ 100709.85 | PnL:+418.6527 | 剩余仓位:0.000000
2026-04-07 23:57:13.589 | INFO     | core.portfolio:_open_long:113 - [开多] BTC/USDT:USDT 0.059101 @ 103642.12 | 杠杆:3x | 保证金:2041.77 | 强平价:69509.32
2026-04-07 23:57:13.594 | INFO     | core.portfolio:_close_position:164 - [平多] BTC/USDT:USDT 0.059101 @ 111719.15 | PnL:+474.0558 | 剩余仓位:0.000000
2026-04-07 23:57:13.599 | INFO     | core.portfolio:_open_long:113 - [开多] BTC/USDT:USDT 0.058818 @ 108837.36 | 杠杆:3x | 保证金:2133.86 | 强平价:72993.59
2026-04-07 23:57:13.600 | INFO     | core.portfolio:_close_position:164 - [平多] BTC/USDT:USDT 0.058818 @ 105527.29 | PnL:-197.7944 | 剩余仓位:0.000000
2026-04-07 23:57:13.605 | INFO     | core.portfolio:_open_long:113 - [开多] BTC/USDT:USDT 0.059124 @ 106194.73 | 杠杆:3x | 保证金:2092.90 | 强平价:71221.27
2026-04-07 23:57:13.606 | INFO     | core.portfolio:_close_position:164 - [平多] BTC/USDT:USDT 0.059124 @ 101855.92 | PnL:-259.5405 | 剩余仓位:0.000000
2026-04-07 23:57:13.607 | INFO     | core.portfolio:_open_short:141 - [开空] BTC/USDT:USDT 0.059359 @ 103081.48 | 杠杆:3x | 保证金:2039.62 | 强平价:137029.65
2026-04-07 23:57:13.609 | INFO     | core.portfolio:_close_position:164 - [平空] BTC/USDT:USDT 0.059359 @ 106268.45 | PnL:-192.3307 | 剩余仓位:0.000000
2026-04-07 23:57:13.610 | INFO     | core.portfolio:_open_long:113 - [开多] BTC/USDT:USDT 0.056842 @ 105629.92 | 杠杆:3x | 保证金:2001.41 | 强平价:70842.47
2026-04-07 23:57:13.655 | INFO     | core.portfolio:_close_position:164 - [平多] BTC/USDT:USDT 0.056842 @ 105038.99 | PnL:-36.5753 | 剩余仓位:0.000000
2026-04-07 23:57:13.655 | INFO     | core.portfolio:_open_short:141 - [开空] BTC/USDT:USDT 0.056911 @ 105038.99 | 杠杆:3x | 保证金:1992.62 | 强平价:139631.83
2026-04-07 23:57:13.657 | INFO     | core.portfolio:_close_position:164 - [平空] BTC/USDT:USDT 0.056911 @ 108618.32 | PnL:-206.7935 | 剩余仓位:0.000000
2026-04-07 23:57:13.658 | INFO     | core.portfolio:_open_long:113 - [开多] BTC/USDT:USDT 0.054407 @ 107573.61 | 杠杆:3x | 保证金:1950.91 | 强平价:72146.03
2026-04-07 23:57:13.658 | INFO     | core.portfolio:_close_position:164 - [平多] BTC/USDT:USDT 0.054407 @ 104173.26 | PnL:-187.8358 | 剩余仓位:0.000000
2026-04-07 23:57:13.660 | INFO     | core.portfolio:_open_short:141 - [开空] BTC/USDT:USDT 0.055146 @ 104043.39 | 杠杆:3x | 保证金:1912.53 | 强平价:138308.34
2026-04-07 23:57:13.665 | INFO     | core.portfolio:_close_position:164 - [平空] BTC/USDT:USDT 0.055146 @ 107151.73 | PnL:-174.3672 | 剩余仓位:0.000000
2026-04-07 23:57:13.665 | INFO     | core.portfolio:_open_long:113 - [开多] BTC/USDT:USDT 0.052631 @ 107151.73 | 杠杆:3x | 保证金:1879.85 | 强平价:71863.09
2026-04-07 23:57:13.678 | INFO     | core.portfolio:_close_position:164 - [平多] BTC/USDT:USDT 0.052631 @ 115969.80 | PnL:+461.0561 | 剩余仓位:0.000000
2026-04-07 23:57:13.685 | INFO     | core.portfolio:_open_long:113 - [开多] BTC/USDT:USDT 0.049859 @ 118251.95 | 杠杆:3x | 保证金:1965.31 | 强平价:79307.64
2026-04-07 23:57:13.697 | INFO     | core.portfolio:_close_position:164 - [平多] BTC/USDT:USDT 0.049859 @ 113248.25 | PnL:-252.3034 | 剩余仓位:0.000000
2026-04-07 23:57:13.709 | INFO     | core.portfolio:_open_short:141 - [开空] BTC/USDT:USDT 0.048854 @ 117261.64 | 杠杆:3x | 保证金:1909.56 | 强平价:155879.81
2026-04-07 23:57:13.718 | INFO     | core.portfolio:_close_position:164 - [平空] BTC/USDT:USDT 0.048854 @ 110096.01 | PnL:+347.3785 | 剩余仓位:0.000000
2026-04-07 23:57:13.718 | INFO     | core.portfolio:_open_short:141 - [开空] BTC/USDT:USDT 0.053943 @ 110216.85 | 杠杆:3x | 保证金:1981.82 | 强平价:146514.94
2026-04-07 23:57:13.733 | INFO     | core.portfolio:_close_position:164 - [平空] BTC/USDT:USDT 0.053943 @ 113839.76 | PnL:-198.5027 | 剩余仓位:0.000000
2026-04-07 23:57:13.739 | INFO     | core.portfolio:_open_long:113 - [开多] BTC/USDT:USDT 0.050169 @ 116427.28 | 杠杆:3x | 保证金:1947.02 | 强平价:78083.90
2026-04-07 23:57:13.743 | INFO     | core.portfolio:_close_position:164 - [平多] BTC/USDT:USDT 0.050169 @ 112436.81 | PnL:-203.0196 | 剩余仓位:0.000000
2026-04-07 23:57:13.750 | INFO     | core.portfolio:_open_long:113 - [开多] BTC/USDT:USDT 0.049996 @ 114268.85 | 杠杆:3x | 保证金:1904.32 | 强平价:76636.31
2026-04-07 23:57:13.753 | INFO     | core.portfolio:_close_position:164 - [平多] BTC/USDT:USDT 0.049996 @ 122190.56 | PnL:+392.9984 | 剩余仓位:0.000000
2026-04-07 23:57:13.766 | INFO     | core.portfolio:_open_short:141 - [开空] BTC/USDT:USDT 0.054792 @ 108468.10 | 杠杆:3x | 保证金:1981.06 | 强平价:144190.26
2026-04-07 23:57:13.770 | INFO     | core.portfolio:_close_position:164 - [平空] BTC/USDT:USDT 0.054792 @ 113407.18 | PnL:-273.7287 | 剩余仓位:0.000000
2026-04-07 23:57:13.773 | INFO     | core.portfolio:_open_short:141 - [开空] BTC/USDT:USDT 0.052389 @ 110376.12 | 杠杆:3x | 保证金:1927.50 | 强平价:146726.66
2026-04-07 23:57:13.775 | INFO     | core.portfolio:_close_position:164 - [平空] BTC/USDT:USDT 0.052389 @ 114531.30 | PnL:-220.6864 | 剩余仓位:0.000000
2026-04-07 23:57:13.778 | INFO     | core.portfolio:_open_short:141 - [开空] BTC/USDT:USDT 0.052506 @ 107635.07 | 杠杆:3x | 保证金:1883.84 | 强平价:143082.88
2026-04-07 23:57:13.781 | INFO     | core.portfolio:_close_position:164 - [平空] BTC/USDT:USDT 0.052506 @ 111173.33 | PnL:-188.6998 | 剩余仓位:0.000000
2026-04-07 23:57:13.782 | INFO     | core.portfolio:_open_short:141 - [开空] BTC/USDT:USDT 0.052007 @ 106512.29 | 杠杆:3x | 保证金:1846.46 | 强平价:141590.34
2026-04-07 23:57:13.791 | INFO     | core.portfolio:_close_position:164 - [平空] BTC/USDT:USDT 0.052007 @ 98649.23 | PnL:+406.3687 | 剩余仓位:0.000000
2026-04-07 23:57:13.807 | INFO     | core.portfolio:_open_short:141 - [开空] BTC/USDT:USDT 0.067272 @ 86081.88 | 杠杆:3x | 保证金:1930.29 | 强平价:114431.51
2026-04-07 23:57:13.808 | INFO     | core.portfolio:_close_position:164 - [平空] BTC/USDT:USDT 0.067272 @ 90818.26 | PnL:-321.6782 | 剩余仓位:0.000000
2026-04-07 23:57:13.812 | INFO     | core.portfolio:_open_short:141 - [开空] BTC/USDT:USDT 0.062436 @ 89652.77 | 杠杆:3x | 保证金:1865.84 | 强平价:119178.41
2026-04-07 23:57:13.815 | INFO     | core.portfolio:_close_position:164 - [平空] BTC/USDT:USDT 0.062436 @ 92693.94 | PnL:-192.7708 | 剩余仓位:0.000000
2026-04-07 23:57:13.818 | INFO     | core.portfolio:_open_short:141 - [开空] BTC/USDT:USDT 0.060739 @ 90269.64 | 杠杆:3x | 保证金:1827.63 | 强平价:119998.44
2026-04-07 23:57:13.823 | INFO     | core.portfolio:_close_position:164 - [平空] BTC/USDT:USDT 0.060739 @ 84449.99 | PnL:+350.9157 | 剩余仓位:0.000000
2026-04-07 23:57:13.829 | INFO     | core.portfolio:_open_short:141 - [开空] BTC/USDT:USDT 0.065484 @ 86997.20 | 杠杆:3x | 保证金:1898.98 | 强平价:115648.27
2026-04-07 23:57:13.833 | INFO     | core.portfolio:_close_position:164 - [平空] BTC/USDT:USDT 0.065484 @ 90103.22 | PnL:-206.3449 | 剩余仓位:0.000000
2026-04-07 23:57:13.834 | INFO     | core.portfolio:_open_short:141 - [开空] BTC/USDT:USDT 0.063641 @ 87615.07 | 杠杆:3x | 保证金:1858.63 | 强平价:116469.64
2026-04-07 23:57:13.836 | INFO     | core.portfolio:_close_position:164 - [平空] BTC/USDT:USDT 0.063641 @ 88434.18 | PnL:-54.9428 | 剩余仓位:0.000000
2026-04-07 23:57:13.839 | INFO     | core.backtester:run:94 - 回测完成: 最终权益 9241.60, 收益率 -7.58%, 强平次数 0
2026-04-08 00:06:36.058 | INFO     | __main__:main:96 - 策略: bollinger_bands | 标的: BTC/USDT:USDT | 区间: 2024-01-01 → 2024-12-31
2026-04-08 00:06:36.061 | INFO     | core.exchange:__init__:50 - 交易账户已连接模拟盘(Demo Trading)
2026-04-08 00:06:36.064 | INFO     | core.exchange:__init__:56 - 行情数据使用正式公开接口
2026-04-08 00:06:36.064 | INFO     | core.data_feed:get_historical_data:33 - 从缓存加载: /Users/mi/Desktop/workspace/quant-dev/data/BTC_USDT:USDT_4h_2024-01-01_2024-12-31.parquet
2026-04-08 00:06:36.179 | INFO     | core.backtester:run:34 - 回测开始: BTC/USDT:USDT | 1992 根K线 | 初始资金:10000.0 | 杠杆:3x | 资金费率:0.0100%/8h
2026-04-08 00:06:36.181 | INFO     | core.portfolio:_open_short:141 - [开空] BTC/USDT:USDT 0.134238 @ 44696.76 | 杠杆:3x | 保证金:2000.00 | 强平价:59416.89
2026-04-08 00:06:36.181 | INFO     | core.portfolio:_close_position:164 - [平空] BTC/USDT:USDT 0.134238 @ 46085.42 | PnL:-189.5036 | 剩余仓位:0.000000
2026-04-08 00:06:36.207 | INFO     | core.portfolio:_open_long:113 - [开多] BTC/USDT:USDT 0.090916 @ 64732.84 | 杠杆:3x | 保证金:1961.74 | 强平价:43414.16
2026-04-08 00:06:36.207 | INFO     | core.portfolio:_close_position:164 - [平多] BTC/USDT:USDT 0.090916 @ 61926.61 | PnL:-257.9454 | 剩余仓位:0.000000
2026-04-08 00:06:36.211 | INFO     | core.portfolio:_open_short:141 - [开空] BTC/USDT:USDT 0.082082 @ 69783.94 | 杠杆:3x | 保证金:1909.34 | 强平价:92766.12
2026-04-08 00:06:36.216 | INFO     | core.portfolio:_close_position:164 - [平空] BTC/USDT:USDT 0.082082 @ 66725.24 | PnL:+248.3257 | 剩余仓位:0.000000
2026-04-08 00:06:36.216 | INFO     | core.portfolio:_open_long:113 - [开多] BTC/USDT:USDT 0.088200 @ 66725.24 | 杠杆:3x | 保证金:1961.72 | 强平价:44750.40
2026-04-08 00:06:36.220 | INFO     | core.portfolio:_close_position:164 - [平多] BTC/USDT:USDT 0.088200 @ 70696.96 | PnL:+347.1876 | 剩余仓位:0.000000
2026-04-08 00:06:36.220 | INFO     | core.portfolio:_open_short:141 - [开空] BTC/USDT:USDT 0.086080 @ 70696.96 | 杠杆:3x | 保证金:2028.54 | 强平价:93979.82
2026-04-08 00:06:36.223 | INFO     | core.portfolio:_close_position:164 - [平空] BTC/USDT:USDT 0.086080 @ 66863.27 | PnL:+327.1270 | 剩余仓位:0.000000
2026-04-08 00:06:36.223 | INFO     | core.portfolio:_open_long:113 - [开多] BTC/USDT:USDT 0.093986 @ 66863.27 | 杠杆:3x | 保证金:2094.73 | 强平价:44842.97
2026-04-08 00:06:36.223 | INFO     | core.portfolio:_close_position:164 - [平多] BTC/USDT:USDT 0.093986 @ 64770.94 | PnL:-199.6927 | 剩余仓位:0.000000
2026-04-08 00:06:36.229 | INFO     | core.portfolio:_open_short:141 - [开空] BTC/USDT:USDT 0.092194 @ 66804.24 | 杠杆:3x | 保证金:2052.98 | 强平价:88805.10
2026-04-08 00:06:36.233 | INFO     | core.portfolio:_close_position:164 - [平空] BTC/USDT:USDT 0.092194 @ 62291.46 | PnL:+413.1790 | 剩余仓位:0.000000
2026-04-08 00:06:36.234 | INFO     | core.portfolio:_open_long:113 - [开多] BTC/USDT:USDT 0.104720 @ 61224.24 | 杠杆:3x | 保证金:2137.14 | 强平价:41061.06
2026-04-08 00:06:36.234 | INFO     | core.portfolio:_close_position:164 - [平多] BTC/USDT:USDT 0.104720 @ 59292.24 | PnL:-205.4240 | 剩余仓位:0.000000
2026-04-08 00:06:36.244 | INFO     | core.portfolio:_open_short:141 - [开空] BTC/USDT:USDT 0.097139 @ 64710.06 | 杠杆:3x | 保证金:2095.28 | 强平价:86021.23
2026-04-08 00:06:36.245 | INFO     | core.portfolio:_close_position:164 - [平空] BTC/USDT:USDT 0.097139 @ 67213.44 | PnL:-246.4398 | 剩余仓位:0.000000
2026-04-08 00:06:36.260 | INFO     | core.portfolio:_open_long:113 - [开多] BTC/USDT:USDT 0.090839 @ 67574.51 | 杠杆:3x | 保证金:2046.14 | 强平价:45319.97
2026-04-08 00:06:36.263 | INFO     | core.portfolio:_close_position:164 - [平多] BTC/USDT:USDT 0.090839 @ 65509.40 | PnL:-190.5688 | 剩余仓位:0.000000
2026-04-08 00:06:36.273 | INFO     | core.portfolio:_open_short:141 - [开空] BTC/USDT:USDT 0.095902 @ 62757.25 | 杠杆:3x | 保证金:2006.19 | 强平价:83425.30
2026-04-08 00:06:36.275 | INFO     | core.portfolio:_close_position:164 - [平空] BTC/USDT:USDT 0.095902 @ 60405.78 | PnL:+222.6143 | 剩余仓位:0.000000
2026-04-08 00:06:36.275 | INFO     | core.portfolio:_open_long:113 - [开多] BTC/USDT:USDT 0.101899 @ 60405.78 | 杠杆:3x | 保证金:2051.76 | 强平价:40512.14
2026-04-08 00:06:36.276 | INFO     | core.portfolio:_close_position:164 - [平多] BTC/USDT:USDT 0.101899 @ 58225.85 | PnL:-225.0981 | 剩余仓位:0.000000
2026-04-08 00:06:36.282 | INFO     | core.portfolio:_open_short:141 - [开空] BTC/USDT:USDT 0.100172 @ 60045.19 | 杠杆:3x | 保证金:2004.95 | 强平价:79820.07
2026-04-08 00:06:36.283 | INFO     | core.portfolio:_close_position:164 - [平空] BTC/USDT:USDT 0.100172 @ 62658.23 | PnL:-264.8914 | 剩余仓位:0.000000
2026-04-08 00:06:36.289 | INFO     | core.portfolio:_open_long:113 - [开多] BTC/USDT:USDT 0.091330 @ 64106.32 | 杠杆:3x | 保证金:1951.61 | 强平价:42993.97
2026-04-08 00:06:36.290 | INFO     | core.portfolio:_close_position:164 - [平多] BTC/USDT:USDT 0.091330 @ 67983.60 | PnL:+351.0073 | 剩余仓位:0.000000
2026-04-08 00:06:36.292 | INFO     | core.portfolio:_open_short:141 - [开空] BTC/USDT:USDT 0.087395 @ 69361.82 | 杠杆:3x | 保证金:2020.62 | 强平价:92204.99
2026-04-08 00:06:36.293 | INFO     | core.portfolio:_close_position:164 - [平空] BTC/USDT:USDT 0.087395 @ 64648.03 | PnL:+409.1368 | 剩余仓位:0.000000
2026-04-08 00:06:36.294 | INFO     | core.portfolio:_open_long:113 - [开多] BTC/USDT:USDT 0.100267 @ 62918.78 | 杠杆:3x | 保证金:2102.89 | 强平价:42197.53
2026-04-08 00:06:36.295 | INFO     | core.portfolio:_close_position:164 - [平多] BTC/USDT:USDT 0.100267 @ 60863.82 | PnL:-209.0958 | 剩余仓位:0.000000
2026-04-08 00:06:36.299 | INFO     | core.portfolio:_open_short:141 - [开空] BTC/USDT:USDT 0.100172 @ 61684.76 | 杠杆:3x | 保证金:2059.69 | 强平价:81999.61
2026-04-08 00:06:36.304 | INFO     | core.portfolio:_close_position:164 - [平空] BTC/USDT:USDT 0.100172 @ 57055.51 | PnL:+460.8622 | 剩余仓位:0.000000
2026-04-08 00:06:36.312 | INFO     | core.portfolio:_open_long:113 - [开多] BTC/USDT:USDT 0.108738 @ 59417.18 | 杠杆:3x | 保证金:2153.64 | 强平价:39849.12
2026-04-08 00:06:36.315 | INFO     | core.portfolio:_close_position:164 - [平多] BTC/USDT:USDT 0.108738 @ 57279.34 | PnL:-235.5795 | 剩余仓位:0.000000
2026-04-08 00:06:36.322 | INFO     | core.portfolio:_open_short:141 - [开空] BTC/USDT:USDT 0.105819 @ 59647.97 | 杠杆:3x | 保证金:2103.96 | 强平价:79292.03
2026-04-08 00:06:36.326 | INFO     | core.portfolio:_close_position:164 - [平空] BTC/USDT:USDT 0.105819 @ 61780.15 | PnL:-228.8941 | 剩余仓位:0.000000
2026-04-08 00:06:36.333 | INFO     | core.portfolio:_open_long:113 - [开多] BTC/USDT:USDT 0.097178 @ 63581.61 | 杠杆:3x | 保证金:2059.57 | 强平价:42642.07
2026-04-08 00:06:36.334 | INFO     | core.portfolio:_close_position:164 - [平多] BTC/USDT:USDT 0.097178 @ 60802.14 | PnL:-273.0578 | 剩余仓位:0.000000
2026-04-08 00:06:36.338 | INFO     | core.portfolio:_open_short:141 - [开空] BTC/USDT:USDT 0.094630 @ 63527.19 | 杠杆:3x | 保证金:2003.86 | 强平价:84448.81
2026-04-08 00:06:36.340 | INFO     | core.portfolio:_close_position:164 - [平空] BTC/USDT:USDT 0.094630 @ 60659.03 | PnL:+268.5439 | 剩余仓位:0.000000
2026-04-08 00:06:36.340 | INFO     | core.portfolio:_open_long:113 - [开多] BTC/USDT:USDT 0.101812 @ 60659.03 | 杠杆:3x | 保证金:2058.60 | 强平价:40681.99
2026-04-08 00:06:36.343 | INFO     | core.portfolio:_close_position:164 - [平多] BTC/USDT:USDT 0.101812 @ 64302.24 | PnL:+367.6472 | 剩余仓位:0.000000
2026-04-08 00:06:36.343 | INFO     | core.portfolio:_open_short:141 - [开空] BTC/USDT:USDT 0.098873 @ 64607.08 | 杠杆:3x | 保证金:2129.30 | 强平价:85884.34
2026-04-08 00:06:36.344 | INFO     | core.portfolio:_close_position:164 - [平空] BTC/USDT:USDT 0.098873 @ 66987.39 | PnL:-238.6614 | 剩余仓位:0.000000
2026-04-08 00:06:36.370 | INFO     | core.portfolio:_open_long:113 - [开多] BTC/USDT:USDT 0.067106 @ 93052.71 | 杠杆:3x | 保证金:2081.45 | 强平价:62407.35
2026-04-08 00:06:36.376 | INFO     | core.portfolio:_close_position:164 - [平多] BTC/USDT:USDT 0.067106 @ 103083.68 | PnL:+669.6760 | 剩余仓位:0.000000
2026-04-08 00:06:36.376 | INFO     | core.portfolio:_open_short:141 - [开空] BTC/USDT:USDT 0.064863 @ 102274.44 | 杠杆:3x | 保证金:2211.29 | 强平价:135956.82
2026-04-08 00:06:36.379 | INFO     | core.portfolio:_close_position:164 - [平空] BTC/USDT:USDT 0.064863 @ 95691.13 | PnL:+423.9124 | 剩余仓位:0.000000
2026-04-08 00:06:36.385 | INFO     | core.portfolio:_open_long:113 - [开多] BTC/USDT:USDT 0.068770 @ 100223.94 | 杠杆:3x | 保证金:2297.46 | 强平价:67216.86
2026-04-08 00:06:36.385 | INFO     | core.portfolio:_close_position:164 - [平多] BTC/USDT:USDT 0.068770 @ 97184.56 | PnL:-212.3596 | 剩余仓位:0.000000
2026-04-08 00:06:36.397 | INFO     | core.backtester:run:94 - 回测完成: 最终权益 11270.12, 收益率 12.70%, 强平次数 0
2026-04-08 00:06:37.170 | INFO     | __main__:main:96 - 策略: bollinger_bands | 标的: BTC/USDT:USDT | 区间: 2025-01-01 → 2025-12-31
2026-04-08 00:06:37.173 | INFO     | core.exchange:__init__:50 - 交易账户已连接模拟盘(Demo Trading)
2026-04-08 00:06:37.176 | INFO     | core.exchange:__init__:56 - 行情数据使用正式公开接口
2026-04-08 00:06:37.176 | INFO     | core.data_feed:get_historical_data:33 - 从缓存加载: /Users/mi/Desktop/workspace/quant-dev/data/BTC_USDT:USDT_4h_2025-01-01_2025-12-31.parquet
2026-04-08 00:06:37.255 | INFO     | core.backtester:run:34 - 回测开始: BTC/USDT:USDT | 1986 根K线 | 初始资金:10000.0 | 杠杆:3x | 资金费率:0.0100%/8h
2026-04-08 00:06:37.264 | INFO     | core.portfolio:_open_long:113 - [开多] BTC/USDT:USDT 0.063746 @ 94122.92 | 杠杆:3x | 保证金:2000.00 | 强平价:63125.11
2026-04-08 00:06:37.265 | INFO     | core.portfolio:_close_position:164 - [平多] BTC/USDT:USDT 0.063746 @ 98392.72 | PnL:+269.0482 | 剩余仓位:0.000000
2026-04-08 00:06:37.265 | INFO     | core.portfolio:_open_short:141 - [开空] BTC/USDT:USDT 0.062607 @ 98392.72 | 杠杆:3x | 保证金:2053.35 | 强平价:130796.72
2026-04-08 00:06:37.268 | INFO     | core.portfolio:_close_position:164 - [平空] BTC/USDT:USDT 0.062607 @ 93965.09 | PnL:+274.2582 | 剩余仓位:0.000000
2026-04-08 00:06:37.268 | INFO     | core.portfolio:_open_long:113 - [开多] BTC/USDT:USDT 0.067333 @ 93965.09 | 杠杆:3x | 保证金:2108.98 | 强平价:63019.25
2026-04-08 00:06:37.268 | INFO     | core.portfolio:_close_position:164 - [平多] BTC/USDT:USDT 0.067333 @ 89292.24 | PnL:-317.6431 | 剩余仓位:0.000000
2026-04-08 00:06:37.272 | INFO     | core.portfolio:_open_short:141 - [开空] BTC/USDT:USDT 0.065575 @ 93500.60 | 杠杆:3x | 保证金:2043.75 | 强平价:124293.46
2026-04-08 00:06:37.272 | INFO     | core.portfolio:_close_position:164 - [平空] BTC/USDT:USDT 0.065575 @ 85608.82 | PnL:+514.6932 | 剩余仓位:0.000000
2026-04-08 00:06:37.276 | INFO     | core.portfolio:_open_long:113 - [开多] BTC/USDT:USDT 0.077509 @ 83078.81 | 杠杆:3x | 保证金:2146.44 | 强平价:55718.19
2026-04-08 00:06:37.277 | INFO     | core.portfolio:_close_position:164 - [平多] BTC/USDT:USDT 0.077509 @ 80021.99 | PnL:-240.0313 | 剩余仓位:0.000000
2026-04-08 00:06:37.283 | INFO     | core.portfolio:_open_short:141 - [开空] BTC/USDT:USDT 0.072466 @ 86830.03 | 杠杆:3x | 保证金:2097.42 | 强平价:115426.05
2026-04-08 00:06:37.289 | INFO     | core.portfolio:_close_position:164 - [平空] BTC/USDT:USDT 0.072466 @ 84061.01 | PnL:+197.6149 | 剩余仓位:0.000000
2026-04-08 00:06:37.289 | INFO     | core.portfolio:_open_long:113 - [开多] BTC/USDT:USDT 0.076383 @ 84061.01 | 杠杆:3x | 保证金:2140.27 | 强平价:56376.92
2026-04-08 00:06:37.292 | INFO     | core.portfolio:_close_position:164 - [平多] BTC/USDT:USDT 0.076383 @ 86754.75 | PnL:+202.4421 | 剩余仓位:0.000000
2026-04-08 00:06:37.292 | INFO     | core.portfolio:_open_short:141 - [开空] BTC/USDT:USDT 0.075334 @ 86754.75 | 杠杆:3x | 保证金:2178.53 | 强平价:115325.98
2026-04-08 00:06:37.295 | INFO     | core.portfolio:_close_position:164 - [平空] BTC/USDT:USDT 0.075334 @ 79627.22 | PnL:+533.9470 | 剩余仓位:0.000000
2026-04-08 00:06:37.295 | INFO     | core.portfolio:_open_long:113 - [开多] BTC/USDT:USDT 0.087401 @ 78435.58 | 杠杆:3x | 保证金:2285.11 | 强平价:52604.13
2026-04-08 00:06:37.295 | INFO     | core.portfolio:_close_position:164 - [平多] BTC/USDT:USDT 0.087401 @ 75104.48 | PnL:-294.4237 | 剩余仓位:0.000000
2026-04-08 00:06:37.305 | INFO     | core.portfolio:_open_short:141 - [开空] BTC/USDT:USDT 0.076563 @ 87199.36 | 杠杆:3x | 保证金:2225.41 | 强平价:115917.01
2026-04-08 00:06:37.306 | INFO     | core.portfolio:_close_position:164 - [平空] BTC/USDT:USDT 0.076563 @ 90949.99 | PnL:-290.6405 | 剩余仓位:0.000000
2026-04-08 00:06:37.329 | INFO     | core.portfolio:_open_long:113 - [开多] BTC/USDT:USDT 0.061589 @ 105569.51 | 杠杆:3x | 保证金:2167.29 | 强平价:70801.95
2026-04-08 00:06:37.334 | INFO     | core.portfolio:_close_position:164 - [平多] BTC/USDT:USDT 0.061589 @ 101855.92 | PnL:-231.8510 | 剩余仓位:0.000000
2026-04-08 00:06:37.336 | INFO     | core.portfolio:_open_short:141 - [开空] BTC/USDT:USDT 0.059000 @ 107678.46 | 杠杆:3x | 保证金:2117.69 | 强平价:143140.57
2026-04-08 00:06:37.339 | INFO     | core.portfolio:_close_position:164 - [平空] BTC/USDT:USDT 0.059000 @ 104255.15 | PnL:+198.9009 | 剩余仓位:0.000000
2026-04-08 00:06:37.339 | INFO     | core.portfolio:_open_long:113 - [开多] BTC/USDT:USDT 0.062129 @ 104255.15 | 杠杆:3x | 保证金:2159.10 | 强平价:69920.45
2026-04-08 00:06:37.341 | INFO     | core.portfolio:_close_position:164 - [平多] BTC/USDT:USDT 0.062129 @ 108574.88 | PnL:+265.0094 | 剩余仓位:0.000000
2026-04-08 00:06:37.341 | INFO     | core.portfolio:_open_short:141 - [开空] BTC/USDT:USDT 0.061066 @ 108574.88 | 杠杆:3x | 保证金:2210.09 | 强平价:144332.21
2026-04-08 00:06:37.344 | INFO     | core.portfolio:_close_position:164 - [平空] BTC/USDT:USDT 0.061066 @ 102238.04 | PnL:+383.8466 | 剩余仓位:0.000000
2026-04-08 00:06:37.345 | INFO     | core.portfolio:_open_long:113 - [开多] BTC/USDT:USDT 0.067139 @ 102238.04 | 杠杆:3x | 保证金:2288.05 | 强平价:68567.65
2026-04-08 00:06:37.345 | INFO     | core.portfolio:_close_position:164 - [平多] BTC/USDT:USDT 0.067139 @ 98826.73 | PnL:-232.3492 | 剩余仓位:0.000000
2026-04-08 00:06:37.350 | INFO     | core.portfolio:_open_short:141 - [开空] BTC/USDT:USDT 0.061978 @ 108406.41 | 杠杆:3x | 保证金:2239.61 | 强平价:144108.26
2026-04-08 00:06:37.352 | INFO     | core.portfolio:_close_position:164 - [平空] BTC/USDT:USDT 0.061978 @ 105356.87 | PnL:+185.7405 | 剩余仓位:0.000000
2026-04-08 00:06:37.352 | INFO     | core.portfolio:_open_long:113 - [开多] BTC/USDT:USDT 0.064863 @ 105356.87 | 杠杆:3x | 保证金:2277.93 | 强平价:70659.34
2026-04-08 00:06:37.352 | INFO     | core.portfolio:_close_position:164 - [平多] BTC/USDT:USDT 0.064863 @ 109608.07 | PnL:+272.1926 | 剩余仓位:0.000000
2026-04-08 00:06:37.352 | INFO     | core.portfolio:_open_short:141 - [开空] BTC/USDT:USDT 0.063810 @ 109608.07 | 杠杆:3x | 保证金:2331.35 | 强平价:145705.67
2026-04-08 00:06:37.358 | INFO     | core.portfolio:_close_position:164 - [平空] BTC/USDT:USDT 0.063810 @ 113248.75 | PnL:-235.9232 | 剩余仓位:0.000000
2026-04-08 00:06:37.367 | INFO     | core.portfolio:_open_long:113 - [开多] BTC/USDT:USDT 0.059396 @ 115453.29 | 杠杆:3x | 保证金:2285.81 | 强平价:77430.67
2026-04-08 00:06:37.376 | INFO     | core.portfolio:_close_position:164 - [平多] BTC/USDT:USDT 0.059396 @ 117389.72 | PnL:+111.5294 | 剩余仓位:0.000000
2026-04-08 00:06:37.376 | INFO     | core.portfolio:_open_short:141 - [开空] BTC/USDT:USDT 0.058849 @ 117389.72 | 杠杆:3x | 保证金:2302.75 | 强平价:156050.06
2026-04-08 00:06:37.378 | INFO     | core.portfolio:_close_position:164 - [平空] BTC/USDT:USDT 0.058849 @ 121730.34 | PnL:-259.0225 | 剩余仓位:0.000000
2026-04-08 00:06:37.383 | INFO     | core.portfolio:_open_long:113 - [开多] BTC/USDT:USDT 0.058570 @ 115280.45 | 杠杆:3x | 保证金:2250.66 | 强平价:77314.76
2026-04-08 00:06:37.387 | INFO     | core.portfolio:_close_position:164 - [平多] BTC/USDT:USDT 0.058570 @ 111443.71 | PnL:-227.9817 | 剩余仓位:0.000000
2026-04-08 00:06:37.398 | INFO     | core.portfolio:_open_short:141 - [开空] BTC/USDT:USDT 0.057768 @ 114324.23 | 杠杆:3x | 保证金:2201.44 | 强平价:151975.01
2026-04-08 00:06:37.405 | INFO     | core.portfolio:_close_position:164 - [平空] BTC/USDT:USDT 0.057768 @ 112481.79 | PnL:+103.1857 | 剩余仓位:0.000000
2026-04-08 00:06:37.405 | INFO     | core.portfolio:_open_long:113 - [开多] BTC/USDT:USDT 0.059389 @ 112481.79 | 杠杆:3x | 保证金:2226.74 | 强平价:75437.79
2026-04-08 00:06:37.408 | INFO     | core.portfolio:_close_position:164 - [平多] BTC/USDT:USDT 0.059389 @ 108917.81 | PnL:-214.8968 | 剩余仓位:0.000000
2026-04-08 00:06:37.410 | INFO     | core.portfolio:_open_short:141 - [开空] BTC/USDT:USDT 0.057519 @ 113746.15 | 杠杆:3x | 保证金:2180.85 | 强平价:151206.54
2026-04-08 00:06:37.411 | INFO     | core.portfolio:_close_position:164 - [平空] BTC/USDT:USDT 0.057519 @ 117387.27 | PnL:-212.8092 | 剩余仓位:0.000000
2026-04-08 00:06:37.417 | INFO     | core.portfolio:_open_long:113 - [开多] BTC/USDT:USDT 0.055010 @ 116619.22 | 杠杆:3x | 保证金:2138.42 | 强平价:78212.62
2026-04-08 00:06:37.417 | INFO     | core.portfolio:_close_position:164 - [平多] BTC/USDT:USDT 0.055010 @ 112753.54 | PnL:-215.7534 | 剩余仓位:0.000000
2026-04-08 00:06:37.424 | INFO     | core.portfolio:_open_short:141 - [开空] BTC/USDT:USDT 0.055429 @ 113361.82 | 杠杆:3x | 保证金:2094.51 | 强平价:150695.65
2026-04-08 00:06:37.429 | INFO     | core.portfolio:_close_position:164 - [平空] BTC/USDT:USDT 0.055429 @ 109994.99 | PnL:+183.5710 | 剩余仓位:0.000000
2026-04-08 00:06:37.429 | INFO     | core.portfolio:_open_long:113 - [开多] BTC/USDT:USDT 0.058214 @ 109994.99 | 杠杆:3x | 保证金:2134.41 | 强平价:73769.98
2026-04-08 00:06:37.430 | INFO     | core.portfolio:_close_position:164 - [平多] BTC/USDT:USDT 0.058214 @ 106463.80 | PnL:-208.6634 | 剩余仓位:0.000000
2026-04-08 00:06:37.436 | INFO     | core.portfolio:_open_short:141 - [开空] BTC/USDT:USDT 0.059206 @ 105954.00 | 杠杆:3x | 保证金:2091.05 | 强平价:140848.19
2026-04-08 00:06:37.439 | INFO     | core.portfolio:_close_position:164 - [平空] BTC/USDT:USDT 0.059206 @ 98649.23 | PnL:+429.5699 | 剩余仓位:0.000000
2026-04-08 00:06:37.439 | INFO     | core.portfolio:_open_long:113 - [开多] BTC/USDT:USDT 0.067278 @ 97105.82 | 杠杆:3x | 保证金:2177.69 | 强平价:65125.63
2026-04-08 00:06:37.441 | INFO     | core.portfolio:_close_position:164 - [平多] BTC/USDT:USDT 0.067278 @ 93973.40 | PnL:-213.9035 | 剩余仓位:0.000000
2026-04-08 00:06:37.448 | INFO     | core.portfolio:_open_short:141 - [开空] BTC/USDT:USDT 0.070791 @ 90407.71 | 杠杆:3x | 保证金:2133.36 | 强平价:120181.99
2026-04-08 00:06:37.451 | INFO     | core.portfolio:_close_position:164 - [平空] BTC/USDT:USDT 0.070791 @ 86339.26 | PnL:+284.9543 | 剩余仓位:0.000000
2026-04-08 00:06:37.451 | INFO     | core.portfolio:_open_long:113 - [开多] BTC/USDT:USDT 0.076168 @ 86339.26 | 杠杆:3x | 保证金:2192.11 | 强平价:57904.87
2026-04-08 00:06:37.452 | INFO     | core.portfolio:_close_position:164 - [平多] BTC/USDT:USDT 0.076168 @ 91840.73 | PnL:+415.5402 | 剩余仓位:0.000000
2026-04-08 00:06:37.456 | INFO     | core.portfolio:_open_short:141 - [开空] BTC/USDT:USDT 0.072743 @ 93743.15 | 杠杆:3x | 保证金:2273.04 | 强平价:124615.89
2026-04-08 00:06:37.460 | INFO     | core.portfolio:_close_position:164 - [平空] BTC/USDT:USDT 0.072743 @ 88132.22 | PnL:+404.9479 | 剩余仓位:0.000000
2026-04-08 00:06:37.460 | INFO     | core.portfolio:_open_long:113 - [开多] BTC/USDT:USDT 0.081221 @ 87001.90 | 杠杆:3x | 保证金:2355.46 | 强平价:58349.27
2026-04-08 00:06:37.465 | INFO     | core.portfolio:_close_position:164 - [平多] BTC/USDT:USDT 0.081221 @ 89890.02 | PnL:+230.9257 | 剩余仓位:0.000000
2026-04-08 00:06:37.465 | INFO     | core.portfolio:_open_short:141 - [开空] BTC/USDT:USDT 0.080068 @ 89890.02 | 杠杆:3x | 保证金:2399.12 | 强平价:119493.80
2026-04-08 00:06:37.471 | INFO     | core.portfolio:_close_position:164 - [平空] BTC/USDT:USDT 0.080068 @ 88434.18 | PnL:+113.0260 | 剩余仓位:0.000000
2026-04-08 00:06:37.473 | INFO     | core.backtester:run:94 - 回测完成: 最终权益 12123.14, 收益率 21.23%, 强平次数 0
2026-04-08 00:06:38.247 | INFO     | __main__:main:96 - 策略: bollinger_bands | 标的: BTC/USDT:USDT | 区间: 2024-01-01 → 2025-12-31
2026-04-08 00:06:38.250 | INFO     | core.exchange:__init__:50 - 交易账户已连接模拟盘(Demo Trading)
2026-04-08 00:06:38.253 | INFO     | core.exchange:__init__:56 - 行情数据使用正式公开接口
2026-04-08 00:06:38.253 | INFO     | core.data_feed:get_historical_data:33 - 从缓存加载: /Users/mi/Desktop/workspace/quant-dev/data/BTC_USDT:USDT_4h_2024-01-01_2025-12-31.parquet
2026-04-08 00:06:38.367 | INFO     | core.backtester:run:34 - 回测开始: BTC/USDT:USDT | 4182 根K线 | 初始资金:10000.0 | 杠杆:3x | 资金费率:0.0100%/8h
2026-04-08 00:06:38.369 | INFO     | core.portfolio:_open_short:141 - [开空] BTC/USDT:USDT 0.134238 @ 44696.76 | 杠杆:3x | 保证金:2000.00 | 强平价:59416.89
2026-04-08 00:06:38.370 | INFO     | core.portfolio:_close_position:164 - [平空] BTC/USDT:USDT 0.134238 @ 46085.42 | PnL:-189.5036 | 剩余仓位:0.000000
2026-04-08 00:06:38.395 | INFO     | core.portfolio:_open_long:113 - [开多] BTC/USDT:USDT 0.090916 @ 64732.84 | 杠杆:3x | 保证金:1961.74 | 强平价:43414.16
2026-04-08 00:06:38.396 | INFO     | core.portfolio:_close_position:164 - [平多] BTC/USDT:USDT 0.090916 @ 61926.61 | PnL:-257.9454 | 剩余仓位:0.000000
2026-04-08 00:06:38.399 | INFO     | core.portfolio:_open_short:141 - [开空] BTC/USDT:USDT 0.082082 @ 69783.94 | 杠杆:3x | 保证金:1909.34 | 强平价:92766.12
2026-04-08 00:06:38.404 | INFO     | core.portfolio:_close_position:164 - [平空] BTC/USDT:USDT 0.082082 @ 66725.24 | PnL:+248.3257 | 剩余仓位:0.000000
2026-04-08 00:06:38.405 | INFO     | core.portfolio:_open_long:113 - [开多] BTC/USDT:USDT 0.088200 @ 66725.24 | 杠杆:3x | 保证金:1961.72 | 强平价:44750.40
2026-04-08 00:06:38.409 | INFO     | core.portfolio:_close_position:164 - [平多] BTC/USDT:USDT 0.088200 @ 70696.96 | PnL:+347.1876 | 剩余仓位:0.000000
2026-04-08 00:06:38.409 | INFO     | core.portfolio:_open_short:141 - [开空] BTC/USDT:USDT 0.086080 @ 70696.96 | 杠杆:3x | 保证金:2028.54 | 强平价:93979.82
2026-04-08 00:06:38.412 | INFO     | core.portfolio:_close_position:164 - [平空] BTC/USDT:USDT 0.086080 @ 66863.27 | PnL:+327.1270 | 剩余仓位:0.000000
2026-04-08 00:06:38.412 | INFO     | core.portfolio:_open_long:113 - [开多] BTC/USDT:USDT 0.093986 @ 66863.27 | 杠杆:3x | 保证金:2094.73 | 强平价:44842.97
2026-04-08 00:06:38.413 | INFO     | core.portfolio:_close_position:164 - [平多] BTC/USDT:USDT 0.093986 @ 64770.94 | PnL:-199.6927 | 剩余仓位:0.000000
2026-04-08 00:06:38.419 | INFO     | core.portfolio:_open_short:141 - [开空] BTC/USDT:USDT 0.092194 @ 66804.24 | 杠杆:3x | 保证金:2052.98 | 强平价:88805.10
2026-04-08 00:06:38.423 | INFO     | core.portfolio:_close_position:164 - [平空] BTC/USDT:USDT 0.092194 @ 62291.46 | PnL:+413.1790 | 剩余仓位:0.000000
2026-04-08 00:06:38.424 | INFO     | core.portfolio:_open_long:113 - [开多] BTC/USDT:USDT 0.104720 @ 61224.24 | 杠杆:3x | 保证金:2137.14 | 强平价:41061.06
2026-04-08 00:06:38.424 | INFO     | core.portfolio:_close_position:164 - [平多] BTC/USDT:USDT 0.104720 @ 59292.24 | PnL:-205.4240 | 剩余仓位:0.000000
2026-04-08 00:06:38.434 | INFO     | core.portfolio:_open_short:141 - [开空] BTC/USDT:USDT 0.097139 @ 64710.06 | 杠杆:3x | 保证金:2095.28 | 强平价:86021.23
2026-04-08 00:06:38.435 | INFO     | core.portfolio:_close_position:164 - [平空] BTC/USDT:USDT 0.097139 @ 67213.44 | PnL:-246.4398 | 剩余仓位:0.000000
2026-04-08 00:06:38.451 | INFO     | core.portfolio:_open_long:113 - [开多] BTC/USDT:USDT 0.090839 @ 67574.51 | 杠杆:3x | 保证金:2046.14 | 强平价:45319.97
2026-04-08 00:06:38.453 | INFO     | core.portfolio:_close_position:164 - [平多] BTC/USDT:USDT 0.090839 @ 65509.40 | PnL:-190.5688 | 剩余仓位:0.000000
2026-04-08 00:06:38.463 | INFO     | core.portfolio:_open_short:141 - [开空] BTC/USDT:USDT 0.095902 @ 62757.25 | 杠杆:3x | 保证金:2006.19 | 强平价:83425.30
2026-04-08 00:06:38.465 | INFO     | core.portfolio:_close_position:164 - [平空] BTC/USDT:USDT 0.095902 @ 60405.78 | PnL:+222.6143 | 剩余仓位:0.000000
2026-04-08 00:06:38.465 | INFO     | core.portfolio:_open_long:113 - [开多] BTC/USDT:USDT 0.101899 @ 60405.78 | 杠杆:3x | 保证金:2051.76 | 强平价:40512.14
2026-04-08 00:06:38.466 | INFO     | core.portfolio:_close_position:164 - [平多] BTC/USDT:USDT 0.101899 @ 58225.85 | PnL:-225.0981 | 剩余仓位:0.000000
2026-04-08 00:06:38.472 | INFO     | core.portfolio:_open_short:141 - [开空] BTC/USDT:USDT 0.100172 @ 60045.19 | 杠杆:3x | 保证金:2004.95 | 强平价:79820.07
2026-04-08 00:06:38.473 | INFO     | core.portfolio:_close_position:164 - [平空] BTC/USDT:USDT 0.100172 @ 62658.23 | PnL:-264.8914 | 剩余仓位:0.000000
2026-04-08 00:06:38.479 | INFO     | core.portfolio:_open_long:113 - [开多] BTC/USDT:USDT 0.091330 @ 64106.32 | 杠杆:3x | 保证金:1951.61 | 强平价:42993.97
2026-04-08 00:06:38.480 | INFO     | core.portfolio:_close_position:164 - [平多] BTC/USDT:USDT 0.091330 @ 67983.60 | PnL:+351.0073 | 剩余仓位:0.000000
2026-04-08 00:06:38.482 | INFO     | core.portfolio:_open_short:141 - [开空] BTC/USDT:USDT 0.087395 @ 69361.82 | 杠杆:3x | 保证金:2020.62 | 强平价:92204.99
2026-04-08 00:06:38.484 | INFO     | core.portfolio:_close_position:164 - [平空] BTC/USDT:USDT 0.087395 @ 64648.03 | PnL:+409.1368 | 剩余仓位:0.000000
2026-04-08 00:06:38.484 | INFO     | core.portfolio:_open_long:113 - [开多] BTC/USDT:USDT 0.100267 @ 62918.78 | 杠杆:3x | 保证金:2102.89 | 强平价:42197.53
2026-04-08 00:06:38.486 | INFO     | core.portfolio:_close_position:164 - [平多] BTC/USDT:USDT 0.100267 @ 60863.82 | PnL:-209.0958 | 剩余仓位:0.000000
2026-04-08 00:06:38.489 | INFO     | core.portfolio:_open_short:141 - [开空] BTC/USDT:USDT 0.100172 @ 61684.76 | 杠杆:3x | 保证金:2059.69 | 强平价:81999.61
2026-04-08 00:06:38.493 | INFO     | core.portfolio:_close_position:164 - [平空] BTC/USDT:USDT 0.100172 @ 57055.51 | PnL:+460.8622 | 剩余仓位:0.000000
2026-04-08 00:06:38.501 | INFO     | core.portfolio:_open_long:113 - [开多] BTC/USDT:USDT 0.108738 @ 59417.18 | 杠杆:3x | 保证金:2153.64 | 强平价:39849.12
2026-04-08 00:06:38.504 | INFO     | core.portfolio:_close_position:164 - [平多] BTC/USDT:USDT 0.108738 @ 57279.34 | PnL:-235.5795 | 剩余仓位:0.000000
2026-04-08 00:06:38.511 | INFO     | core.portfolio:_open_short:141 - [开空] BTC/USDT:USDT 0.105819 @ 59647.97 | 杠杆:3x | 保证金:2103.96 | 强平价:79292.03
2026-04-08 00:06:38.515 | INFO     | core.portfolio:_close_position:164 - [平空] BTC/USDT:USDT 0.105819 @ 61780.15 | PnL:-228.8941 | 剩余仓位:0.000000
2026-04-08 00:06:38.522 | INFO     | core.portfolio:_open_long:113 - [开多] BTC/USDT:USDT 0.097178 @ 63581.61 | 杠杆:3x | 保证金:2059.57 | 强平价:42642.07
2026-04-08 00:06:38.523 | INFO     | core.portfolio:_close_position:164 - [平多] BTC/USDT:USDT 0.097178 @ 60802.14 | PnL:-273.0578 | 剩余仓位:0.000000
2026-04-08 00:06:38.527 | INFO     | core.portfolio:_open_short:141 - [开空] BTC/USDT:USDT 0.094630 @ 63527.19 | 杠杆:3x | 保证金:2003.86 | 强平价:84448.81
2026-04-08 00:06:38.529 | INFO     | core.portfolio:_close_position:164 - [平空] BTC/USDT:USDT 0.094630 @ 60659.03 | PnL:+268.5439 | 剩余仓位:0.000000
2026-04-08 00:06:38.529 | INFO     | core.portfolio:_open_long:113 - [开多] BTC/USDT:USDT 0.101812 @ 60659.03 | 杠杆:3x | 保证金:2058.60 | 强平价:40681.99
2026-04-08 00:06:38.532 | INFO     | core.portfolio:_close_position:164 - [平多] BTC/USDT:USDT 0.101812 @ 64302.24 | PnL:+367.6472 | 剩余仓位:0.000000
2026-04-08 00:06:38.532 | INFO     | core.portfolio:_open_short:141 - [开空] BTC/USDT:USDT 0.098873 @ 64607.08 | 杠杆:3x | 保证金:2129.30 | 强平价:85884.34
2026-04-08 00:06:38.533 | INFO     | core.portfolio:_close_position:164 - [平空] BTC/USDT:USDT 0.098873 @ 66987.39 | PnL:-238.6614 | 剩余仓位:0.000000
2026-04-08 00:06:38.559 | INFO     | core.portfolio:_open_long:113 - [开多] BTC/USDT:USDT 0.067106 @ 93052.71 | 杠杆:3x | 保证金:2081.45 | 强平价:62407.35
2026-04-08 00:06:38.565 | INFO     | core.portfolio:_close_position:164 - [平多] BTC/USDT:USDT 0.067106 @ 103083.68 | PnL:+669.6760 | 剩余仓位:0.000000
2026-04-08 00:06:38.565 | INFO     | core.portfolio:_open_short:141 - [开空] BTC/USDT:USDT 0.064863 @ 102274.44 | 杠杆:3x | 保证金:2211.29 | 强平价:135956.82
2026-04-08 00:06:38.569 | INFO     | core.portfolio:_close_position:164 - [平空] BTC/USDT:USDT 0.064863 @ 95691.13 | PnL:+423.9124 | 剩余仓位:0.000000
2026-04-08 00:06:38.574 | INFO     | core.portfolio:_open_long:113 - [开多] BTC/USDT:USDT 0.068770 @ 100223.94 | 杠杆:3x | 保证金:2297.46 | 强平价:67216.86
2026-04-08 00:06:38.575 | INFO     | core.portfolio:_close_position:164 - [平多] BTC/USDT:USDT 0.068770 @ 97184.56 | PnL:-212.3596 | 剩余仓位:0.000000
2026-04-08 00:06:38.586 | INFO     | core.portfolio:_open_short:141 - [开空] BTC/USDT:USDT 0.066211 @ 102129.37 | 杠杆:3x | 保证金:2254.02 | 强平价:135763.98
2026-04-08 00:06:38.587 | INFO     | core.portfolio:_close_position:164 - [平空] BTC/USDT:USDT 0.066211 @ 95676.23 | PnL:+424.1002 | 剩余仓位:0.000000
2026-04-08 00:06:38.591 | INFO     | core.portfolio:_open_long:113 - [开多] BTC/USDT:USDT 0.077199 @ 90888.27 | 杠杆:3x | 保证金:2338.82 | 强平价:60955.74
2026-04-08 00:06:38.591 | INFO     | core.portfolio:_close_position:164 - [平多] BTC/USDT:USDT 0.077199 @ 96548.99 | PnL:+433.2735 | 剩余仓位:0.000000
2026-04-08 00:06:38.592 | INFO     | core.portfolio:_open_short:141 - [开空] BTC/USDT:USDT 0.072854 @ 99830.63 | 杠杆:3x | 保证金:2424.34 | 强平价:132708.18
2026-04-08 00:06:38.594 | INFO     | core.portfolio:_close_position:164 - [平空] BTC/USDT:USDT 0.072854 @ 104020.80 | PnL:-309.0581 | 剩余仓位:0.000000
2026-04-08 00:06:38.600 | INFO     | core.portfolio:_open_long:113 - [开多] BTC/USDT:USDT 0.069904 @ 101397.58 | 杠杆:3x | 保证金:2362.68 | 强平价:68003.97
2026-04-08 00:06:38.604 | INFO     | core.portfolio:_close_position:164 - [平多] BTC/USDT:USDT 0.069904 @ 98250.25 | PnL:-223.4435 | 剩余仓位:0.000000
2026-04-08 00:06:38.615 | INFO     | core.portfolio:_open_short:141 - [开空] BTC/USDT:USDT 0.070567 @ 98392.72 | 杠杆:3x | 保证金:2314.42 | 强平价:130796.72
2026-04-08 00:06:38.618 | INFO     | core.portfolio:_close_position:164 - [平空] BTC/USDT:USDT 0.070567 @ 93965.09 | PnL:+309.1283 | 剩余仓位:0.000000
2026-04-08 00:06:38.618 | INFO     | core.portfolio:_open_long:113 - [开多] BTC/USDT:USDT 0.075926 @ 93965.09 | 杠杆:3x | 保证金:2378.12 | 强平价:63019.25
2026-04-08 00:06:38.618 | INFO     | core.portfolio:_close_position:164 - [平多] BTC/USDT:USDT 0.075926 @ 89292.24 | PnL:-358.1784 | 剩余仓位:0.000000
2026-04-08 00:06:38.622 | INFO     | core.portfolio:_open_short:141 - [开空] BTC/USDT:USDT 0.073943 @ 93500.60 | 杠杆:3x | 保证金:2304.56 | 强平价:124293.46
2026-04-08 00:06:38.623 | INFO     | core.portfolio:_close_position:164 - [平空] BTC/USDT:USDT 0.073943 @ 85608.82 | PnL:+580.3746 | 剩余仓位:0.000000
2026-04-08 00:06:38.627 | INFO     | core.portfolio:_open_long:113 - [开多] BTC/USDT:USDT 0.087400 @ 83078.81 | 杠杆:3x | 保证金:2420.36 | 强平价:55718.19
2026-04-08 00:06:38.627 | INFO     | core.portfolio:_close_position:164 - [平多] BTC/USDT:USDT 0.087400 @ 80021.99 | PnL:-270.6623 | 剩余仓位:0.000000
2026-04-08 00:06:38.633 | INFO     | core.portfolio:_open_short:141 - [开空] BTC/USDT:USDT 0.081714 @ 86830.03 | 杠杆:3x | 保证金:2365.07 | 强平价:115426.05
2026-04-08 00:06:38.639 | INFO     | core.portfolio:_close_position:164 - [平空] BTC/USDT:USDT 0.081714 @ 84061.01 | PnL:+222.8330 | 剩余仓位:0.000000
2026-04-08 00:06:38.639 | INFO     | core.portfolio:_open_long:113 - [开多] BTC/USDT:USDT 0.086130 @ 84061.01 | 杠杆:3x | 保证金:2413.40 | 强平价:56376.92
2026-04-08 00:06:38.642 | INFO     | core.portfolio:_close_position:164 - [平多] BTC/USDT:USDT 0.086130 @ 86754.75 | PnL:+228.2763 | 剩余仓位:0.000000
2026-04-08 00:06:38.642 | INFO     | core.portfolio:_open_short:141 - [开空] BTC/USDT:USDT 0.084948 @ 86754.75 | 杠杆:3x | 保证金:2456.54 | 强平价:115325.98
2026-04-08 00:06:38.645 | INFO     | core.portfolio:_close_position:164 - [平空] BTC/USDT:USDT 0.084948 @ 79627.22 | PnL:+602.0855 | 剩余仓位:0.000000
2026-04-08 00:06:38.645 | INFO     | core.portfolio:_open_long:113 - [开多] BTC/USDT:USDT 0.098554 @ 78435.58 | 杠杆:3x | 保证金:2576.72 | 强平价:52604.13
2026-04-08 00:06:38.645 | INFO     | core.portfolio:_close_position:164 - [平多] BTC/USDT:USDT 0.098554 @ 75104.48 | PnL:-331.9959 | 剩余仓位:0.000000
2026-04-08 00:06:38.654 | INFO     | core.portfolio:_open_short:141 - [开空] BTC/USDT:USDT 0.086333 @ 87199.36 | 杠杆:3x | 保证金:2509.40 | 强平价:115917.01
2026-04-08 00:06:38.655 | INFO     | core.portfolio:_close_position:164 - [平空] BTC/USDT:USDT 0.086333 @ 90949.99 | PnL:-327.7300 | 剩余仓位:0.000000
2026-04-08 00:06:38.678 | INFO     | core.portfolio:_open_long:113 - [开多] BTC/USDT:USDT 0.069448 @ 105569.51 | 杠杆:3x | 保证金:2443.87 | 强平价:70801.95
2026-04-08 00:06:38.683 | INFO     | core.portfolio:_close_position:164 - [平多] BTC/USDT:USDT 0.069448 @ 101855.92 | PnL:-261.4381 | 剩余仓位:0.000000
2026-04-08 00:06:38.685 | INFO     | core.portfolio:_open_short:141 - [开空] BTC/USDT:USDT 0.066529 @ 107678.46 | 杠杆:3x | 保证金:2387.93 | 强平价:143140.57
2026-04-08 00:06:38.688 | INFO     | core.portfolio:_close_position:164 - [平空] BTC/USDT:USDT 0.066529 @ 104255.15 | PnL:+224.2832 | 剩余仓位:0.000000
2026-04-08 00:06:38.688 | INFO     | core.portfolio:_open_long:113 - [开多] BTC/USDT:USDT 0.070058 @ 104255.15 | 杠杆:3x | 保证金:2434.63 | 强平价:69920.45
2026-04-08 00:06:38.690 | INFO     | core.portfolio:_close_position:164 - [平多] BTC/USDT:USDT 0.070058 @ 108574.88 | PnL:+298.8280 | 剩余仓位:0.000000
2026-04-08 00:06:38.690 | INFO     | core.portfolio:_open_short:141 - [开空] BTC/USDT:USDT 0.068859 @ 108574.88 | 杠杆:3x | 保证金:2492.13 | 强平价:144332.21
2026-04-08 00:06:38.694 | INFO     | core.portfolio:_close_position:164 - [平空] BTC/USDT:USDT 0.068859 @ 102238.04 | PnL:+432.8303 | 剩余仓位:0.000000
2026-04-08 00:06:38.694 | INFO     | core.portfolio:_open_long:113 - [开多] BTC/USDT:USDT 0.075707 @ 102238.04 | 杠杆:3x | 保证金:2580.03 | 强平价:68567.65
2026-04-08 00:06:38.695 | INFO     | core.portfolio:_close_position:164 - [平多] BTC/USDT:USDT 0.075707 @ 98826.73 | PnL:-261.9999 | 剩余仓位:0.000000
2026-04-08 00:06:38.699 | INFO     | core.portfolio:_open_short:141 - [开空] BTC/USDT:USDT 0.069887 @ 108406.41 | 杠杆:3x | 保证金:2525.41 | 强平价:144108.26
2026-04-08 00:06:38.701 | INFO     | core.portfolio:_close_position:164 - [平空] BTC/USDT:USDT 0.069887 @ 105356.87 | PnL:+209.4433 | 剩余仓位:0.000000
2026-04-08 00:06:38.701 | INFO     | core.portfolio:_open_long:113 - [开多] BTC/USDT:USDT 0.073141 @ 105356.87 | 杠杆:3x | 保证金:2568.63 | 强平价:70659.34
2026-04-08 00:06:38.701 | INFO     | core.portfolio:_close_position:164 - [平多] BTC/USDT:USDT 0.073141 @ 109608.07 | PnL:+306.9279 | 剩余仓位:0.000000
2026-04-08 00:06:38.701 | INFO     | core.portfolio:_open_short:141 - [开空] BTC/USDT:USDT 0.071953 @ 109608.07 | 杠杆:3x | 保证金:2628.86 | 强平价:145705.67
2026-04-08 00:06:38.707 | INFO     | core.portfolio:_close_position:164 - [平空] BTC/USDT:USDT 0.071953 @ 113248.75 | PnL:-266.0300 | 剩余仓位:0.000000
2026-04-08 00:06:38.716 | INFO     | core.portfolio:_open_long:113 - [开多] BTC/USDT:USDT 0.066975 @ 115453.29 | 杠杆:3x | 保证金:2577.51 | 强平价:77430.67
2026-04-08 00:06:38.725 | INFO     | core.portfolio:_close_position:164 - [平多] BTC/USDT:USDT 0.066975 @ 117389.72 | PnL:+125.7619 | 剩余仓位:0.000000
2026-04-08 00:06:38.725 | INFO     | core.portfolio:_open_short:141 - [开空] BTC/USDT:USDT 0.066359 @ 117389.72 | 杠杆:3x | 保证金:2596.61 | 强平价:156050.06
2026-04-08 00:06:38.727 | INFO     | core.portfolio:_close_position:164 - [平空] BTC/USDT:USDT 0.066359 @ 121730.34 | PnL:-292.0771 | 剩余仓位:0.000000
2026-04-08 00:06:38.731 | INFO     | core.portfolio:_open_long:113 - [开多] BTC/USDT:USDT 0.066044 @ 115280.45 | 杠杆:3x | 保证金:2537.87 | 强平价:77314.76
2026-04-08 00:06:38.736 | INFO     | core.portfolio:_close_position:164 - [平多] BTC/USDT:USDT 0.066044 @ 111443.71 | PnL:-257.0751 | 剩余仓位:0.000000
2026-04-08 00:06:38.746 | INFO     | core.portfolio:_open_short:141 - [开空] BTC/USDT:USDT 0.065140 @ 114324.23 | 杠杆:3x | 保证金:2482.37 | 强平价:151975.01
2026-04-08 00:06:38.753 | INFO     | core.portfolio:_close_position:164 - [平空] BTC/USDT:USDT 0.065140 @ 112481.79 | PnL:+116.3535 | 剩余仓位:0.000000
2026-04-08 00:06:38.754 | INFO     | core.portfolio:_open_long:113 - [开多] BTC/USDT:USDT 0.066968 @ 112481.79 | 杠杆:3x | 保证金:2510.90 | 强平价:75437.79
2026-04-08 00:06:38.756 | INFO     | core.portfolio:_close_position:164 - [平多] BTC/USDT:USDT 0.066968 @ 108917.81 | PnL:-242.3203 | 剩余仓位:0.000000
2026-04-08 00:06:38.788 | INFO     | core.portfolio:_open_short:141 - [开空] BTC/USDT:USDT 0.064859 @ 113746.15 | 杠杆:3x | 保证金:2459.15 | 强平价:151206.54
2026-04-08 00:06:38.789 | INFO     | core.portfolio:_close_position:164 - [平空] BTC/USDT:USDT 0.064859 @ 117387.27 | PnL:-239.9664 | 剩余仓位:0.000000
2026-04-08 00:06:38.795 | INFO     | core.portfolio:_open_long:113 - [开多] BTC/USDT:USDT 0.062030 @ 116619.22 | 杠杆:3x | 保证金:2411.31 | 强平价:78212.62
2026-04-08 00:06:38.795 | INFO     | core.portfolio:_close_position:164 - [平多] BTC/USDT:USDT 0.062030 @ 112753.54 | PnL:-243.2863 | 剩余仓位:0.000000
2026-04-08 00:06:38.802 | INFO     | core.portfolio:_open_short:141 - [开空] BTC/USDT:USDT 0.062502 @ 113361.82 | 杠杆:3x | 保证金:2361.79 | 强平价:150695.65
2026-04-08 00:06:38.807 | INFO     | core.portfolio:_close_position:164 - [平空] BTC/USDT:USDT 0.062502 @ 109994.99 | PnL:+206.9970 | 剩余仓位:0.000000
2026-04-08 00:06:38.807 | INFO     | core.portfolio:_open_long:113 - [开多] BTC/USDT:USDT 0.065643 @ 109994.99 | 杠杆:3x | 保证金:2406.79 | 强平价:73769.98
2026-04-08 00:06:38.808 | INFO     | core.portfolio:_close_position:164 - [平多] BTC/USDT:USDT 0.065643 @ 106463.80 | PnL:-235.2915 | 剩余仓位:0.000000
2026-04-08 00:06:38.814 | INFO     | core.portfolio:_open_short:141 - [开空] BTC/USDT:USDT 0.066762 @ 105954.00 | 杠杆:3x | 保证金:2357.90 | 强平价:140848.19
2026-04-08 00:06:38.817 | INFO     | core.portfolio:_close_position:164 - [平空] BTC/USDT:USDT 0.066762 @ 98649.23 | PnL:+484.3885 | 剩余仓位:0.000000
2026-04-08 00:06:38.817 | INFO     | core.portfolio:_open_long:113 - [开多] BTC/USDT:USDT 0.075863 @ 97105.82 | 杠杆:3x | 保证金:2455.59 | 强平价:65125.63
2026-04-08 00:06:38.819 | INFO     | core.portfolio:_close_position:164 - [平多] BTC/USDT:USDT 0.075863 @ 93973.40 | PnL:-241.2003 | 剩余仓位:0.000000
2026-04-08 00:06:38.826 | INFO     | core.portfolio:_open_short:141 - [开空] BTC/USDT:USDT 0.079825 @ 90407.71 | 杠杆:3x | 保证金:2405.60 | 强平价:120181.99
2026-04-08 00:06:38.829 | INFO     | core.portfolio:_close_position:164 - [平空] BTC/USDT:USDT 0.079825 @ 86339.26 | PnL:+321.3181 | 剩余仓位:0.000000
2026-04-08 00:06:38.829 | INFO     | core.portfolio:_open_long:113 - [开多] BTC/USDT:USDT 0.085889 @ 86339.26 | 杠杆:3x | 保证金:2471.85 | 强平价:57904.87
2026-04-08 00:06:38.830 | INFO     | core.portfolio:_close_position:164 - [平多] BTC/USDT:USDT 0.085889 @ 91840.73 | PnL:+468.5685 | 剩余仓位:0.000000
2026-04-08 00:06:38.835 | INFO     | core.portfolio:_open_short:141 - [开空] BTC/USDT:USDT 0.082026 @ 93743.15 | 杠杆:3x | 保证金:2563.11 | 强平价:124615.89
2026-04-08 00:06:38.841 | INFO     | core.portfolio:_close_position:164 - [平空] BTC/USDT:USDT 0.082026 @ 88132.22 | PnL:+456.6244 | 剩余仓位:0.000000
2026-04-08 00:06:38.841 | INFO     | core.portfolio:_open_long:113 - [开多] BTC/USDT:USDT 0.091586 @ 87001.90 | 杠杆:3x | 保证金:2656.05 | 强平价:58349.27
2026-04-08 00:06:38.853 | INFO     | core.portfolio:_close_position:164 - [平多] BTC/USDT:USDT 0.091586 @ 89890.02 | PnL:+260.3948 | 剩余仓位:0.000000
2026-04-08 00:06:38.853 | INFO     | core.portfolio:_open_short:141 - [开空] BTC/USDT:USDT 0.090286 @ 89890.02 | 杠杆:3x | 保证金:2705.27 | 强平价:119493.80
2026-04-08 00:06:38.863 | INFO     | core.portfolio:_close_position:164 - [平空] BTC/USDT:USDT 0.090286 @ 88434.18 | PnL:+127.4495 | 剩余仓位:0.000000
2026-04-08 00:06:38.868 | INFO     | core.backtester:run:94 - 回测完成: 最终权益 13670.21, 收益率 36.70%, 强平次数 0
2026-04-08 02:28:10.753 | INFO     | __main__:main:96 - 策略: bollinger_bands | 标的: BTC/USDT:USDT | 区间: 2023-01-01 → 2025-12-31
2026-04-08 02:28:10.756 | INFO     | core.exchange:__init__:50 - 交易账户已连接模拟盘(Demo Trading)
2026-04-08 02:28:10.759 | INFO     | core.exchange:__init__:56 - 行情数据使用正式公开接口
2026-04-08 02:28:10.759 | INFO     | core.exchange:fetch_ohlcv_range:86 - 开始拉取 BTC/USDT:USDT 4h 数据: 2023-01-01 → 2025-12-31
2026-04-08 02:28:11.552 | DEBUG    | core.exchange:fetch_ohlcv_range:93 - 已拉取 300 条，最新: 2023-02-19 20:00:00.001000
2026-04-08 02:28:11.670 | DEBUG    | core.exchange:fetch_ohlcv_range:93 - 已拉取 600 条，最新: 2023-04-10 20:00:00.001000
2026-04-08 02:28:11.936 | DEBUG    | core.exchange:fetch_ohlcv_range:93 - 已拉取 900 条，最新: 2023-05-30 20:00:00.001000
2026-04-08 02:28:12.029 | DEBUG    | core.exchange:fetch_ohlcv_range:93 - 已拉取 1200 条，最新: 2023-07-19 20:00:00.001000
2026-04-08 02:28:12.126 | DEBUG    | core.exchange:fetch_ohlcv_range:93 - 已拉取 1500 条，最新: 2023-09-07 20:00:00.001000
2026-04-08 02:28:12.237 | DEBUG    | core.exchange:fetch_ohlcv_range:93 - 已拉取 1800 条，最新: 2023-10-27 20:00:00.001000
2026-04-08 02:28:12.357 | DEBUG    | core.exchange:fetch_ohlcv_range:93 - 已拉取 2100 条，最新: 2023-12-16 20:00:00.001000
2026-04-08 02:28:12.467 | DEBUG    | core.exchange:fetch_ohlcv_range:93 - 已拉取 2400 条，最新: 2024-02-04 20:00:00.001000
2026-04-08 02:28:12.586 | DEBUG    | core.exchange:fetch_ohlcv_range:93 - 已拉取 2700 条，最新: 2024-03-25 20:00:00.001000
2026-04-08 02:28:12.693 | DEBUG    | core.exchange:fetch_ohlcv_range:93 - 已拉取 3000 条，最新: 2024-05-14 20:00:00.001000
2026-04-08 02:28:12.820 | DEBUG    | core.exchange:fetch_ohlcv_range:93 - 已拉取 3300 条，最新: 2024-07-03 20:00:00.001000
2026-04-08 02:28:12.942 | DEBUG    | core.exchange:fetch_ohlcv_range:93 - 已拉取 3600 条，最新: 2024-08-22 20:00:00.001000
2026-04-08 02:28:13.041 | DEBUG    | core.exchange:fetch_ohlcv_range:93 - 已拉取 3900 条，最新: 2024-10-11 20:00:00.001000
2026-04-08 02:28:13.156 | DEBUG    | core.exchange:fetch_ohlcv_range:93 - 已拉取 4200 条，最新: 2024-11-30 20:00:00.001000
2026-04-08 02:28:13.276 | DEBUG    | core.exchange:fetch_ohlcv_range:93 - 已拉取 4500 条，最新: 2025-01-19 20:00:00.001000
2026-04-08 02:28:13.389 | DEBUG    | core.exchange:fetch_ohlcv_range:93 - 已拉取 4800 条，最新: 2025-03-10 20:00:00.001000
2026-04-08 02:28:13.511 | DEBUG    | core.exchange:fetch_ohlcv_range:93 - 已拉取 5100 条，最新: 2025-04-29 20:00:00.001000
2026-04-08 02:28:13.624 | DEBUG    | core.exchange:fetch_ohlcv_range:93 - 已拉取 5400 条，最新: 2025-06-18 20:00:00.001000
2026-04-08 02:28:13.736 | DEBUG    | core.exchange:fetch_ohlcv_range:93 - 已拉取 5700 条，最新: 2025-08-07 20:00:00.001000
2026-04-08 02:28:13.827 | DEBUG    | core.exchange:fetch_ohlcv_range:93 - 已拉取 6000 条，最新: 2025-09-26 20:00:00.001000
2026-04-08 02:28:13.891 | DEBUG    | core.exchange:fetch_ohlcv_range:93 - 已拉取 6300 条，最新: 2025-11-15 20:00:00.001000
2026-04-08 02:28:13.953 | DEBUG    | core.exchange:fetch_ohlcv_range:93 - 已拉取 6600 条，最新: 2026-01-04 20:00:00.001000
2026-04-08 02:28:13.968 | INFO     | core.exchange:fetch_ohlcv_range:100 - 共拉取 6571 条 K 线
2026-04-08 02:28:14.032 | INFO     | core.data_feed:get_historical_data:38 - 数据已缓存: /Users/mi/Desktop/workspace/quant-dev/data/BTC_USDT:USDT_4h_2023-01-01_2025-12-31.parquet
2026-04-08 02:28:14.098 | INFO     | core.backtester:run:34 - 回测开始: BTC/USDT:USDT | 6372 根K线 | 初始资金:10000.0 | 杠杆:3x | 资金费率:0.0100%/8h
2026-04-08 02:28:14.100 | INFO     | core.portfolio:_open_long:113 - [开多] BTC/USDT:USDT 0.266366 @ 22525.40 | 杠杆:3x | 保证金:2000.00 | 强平价:15107.04
2026-04-08 02:28:14.101 | INFO     | core.portfolio:_close_position:164 - [平多] BTC/USDT:USDT 0.266366 @ 21797.74 | PnL:-196.7281 | 剩余仓位:0.000000
2026-04-08 02:28:14.104 | INFO     | core.portfolio:_open_short:141 - [开空] BTC/USDT:USDT 0.257796 @ 22805.24 | 杠杆:3x | 保证金:1959.70 | 强平价:30315.76
2026-04-08 02:28:14.105 | INFO     | core.portfolio:_close_position:164 - [平空] BTC/USDT:USDT 0.257796 @ 24340.57 | PnL:-398.9386 | 剩余仓位:0.000000
2026-04-08 02:28:14.111 | INFO     | core.portfolio:_open_long:113 - [开多] BTC/USDT:USDT 0.241460 @ 23351.07 | 杠杆:3x | 保证金:1879.45 | 强平价:15660.78
2026-04-08 02:28:14.116 | INFO     | core.portfolio:_close_position:164 - [平多] BTC/USDT:USDT 0.241460 @ 22314.34 | PnL:-253.0232 | 剩余仓位:0.000000
2026-04-08 02:28:14.122 | INFO     | core.portfolio:_open_short:141 - [开空] BTC/USDT:USDT 0.249126 @ 21990.50 | 杠杆:3x | 保证金:1826.13 | 强平价:29232.71
2026-04-08 02:28:14.123 | INFO     | core.portfolio:_close_position:164 - [平空] BTC/USDT:USDT 0.249126 @ 24020.40 | PnL:-508.6930 | 剩余仓位:0.000000
2026-04-08 02:28:14.144 | INFO     | core.portfolio:_open_long:113 - [开多] BTC/USDT:USDT 0.174861 @ 29579.11 | 杠杆:3x | 保证金:1724.08 | 强平价:19837.73
2026-04-08 02:28:14.146 | WARNING  | core.risk:check_drawdown:81 - [风控] 最大回撤触发熔断! 回撤=15.54% | 峰值=10039.97 → 当前=8479.67 | 冷却 100 根K线后重启
2026-04-08 02:28:14.146 | INFO     | core.portfolio:_close_position:164 - [平多] BTC/USDT:USDT 0.174861 @ 28804.24 | PnL:-138.0142 | 剩余仓位:0.000000
2026-04-08 02:28:14.151 | INFO     | core.risk:check_drawdown:71 - [风控] 熔断冷却结束，恢复交易，重置峰值=8475.64
2026-04-08 02:28:14.164 | INFO     | core.portfolio:_open_short:141 - [开空] BTC/USDT:USDT 0.187115 @ 27177.86 | 杠杆:3x | 保证金:1695.13 | 强平价:36128.44
2026-04-08 02:28:14.165 | INFO     | core.portfolio:_close_position:164 - [平空] BTC/USDT:USDT 0.187115 @ 28081.42 | PnL:-171.6954 | 剩余仓位:0.000000
2026-04-08 02:28:14.169 | INFO     | core.portfolio:_open_long:113 - [开多] BTC/USDT:USDT 0.191775 @ 25977.19 | 杠杆:3x | 保证金:1660.59 | 强平价:17422.04
2026-04-08 02:28:14.176 | INFO     | core.portfolio:_close_position:164 - [平多] BTC/USDT:USDT 0.191775 @ 25122.17 | PnL:-166.3802 | 剩余仓位:0.000000
2026-04-08 02:28:14.179 | INFO     | core.portfolio:_open_short:141 - [开空] BTC/USDT:USDT 0.181511 @ 26841.63 | 杠杆:3x | 保证金:1624.02 | 强平价:35681.47
2026-04-08 02:28:14.179 | INFO     | core.portfolio:_close_position:164 - [平空] BTC/USDT:USDT 0.181511 @ 27989.30 | PnL:-210.8540 | 剩余仓位:0.000000
2026-04-08 02:28:14.189 | INFO     | core.portfolio:_open_long:113 - [开多] BTC/USDT:USDT 0.158691 @ 29898.78 | 杠杆:3x | 保证金:1581.55 | 强平价:20052.11
2026-04-08 02:28:14.191 | INFO     | core.portfolio:_close_position:164 - [平多] BTC/USDT:USDT 0.158691 @ 30832.43 | PnL:+145.7158 | 剩余仓位:0.000000
2026-04-08 02:28:14.191 | INFO     | core.portfolio:_open_short:141 - [开空] BTC/USDT:USDT 0.156639 @ 30832.43 | 杠杆:3x | 保证金:1609.85 | 强平价:40986.58
2026-04-08 02:28:14.196 | INFO     | core.portfolio:_close_position:164 - [平空] BTC/USDT:USDT 0.156639 @ 29722.44 | PnL:+171.5394 | 剩余仓位:0.000000
2026-04-08 02:28:14.196 | INFO     | core.portfolio:_open_long:113 - [开多] BTC/USDT:USDT 0.166130 @ 29722.44 | 杠杆:3x | 保证金:1645.93 | 强平价:19933.85
2026-04-08 02:28:14.210 | INFO     | core.portfolio:_close_position:164 - [平多] BTC/USDT:USDT 0.166130 @ 29530.09 | PnL:-34.4082 | 剩余仓位:0.000000
2026-04-08 02:28:14.210 | INFO     | core.portfolio:_open_short:141 - [开空] BTC/USDT:USDT 0.165851 @ 29530.09 | 杠杆:3x | 保证金:1632.54 | 强平价:39255.34
2026-04-08 02:28:14.215 | INFO     | core.portfolio:_close_position:164 - [平空] BTC/USDT:USDT 0.165851 @ 28742.85 | PnL:+128.1823 | 剩余仓位:0.000000
2026-04-08 02:28:14.215 | INFO     | core.portfolio:_open_long:113 - [开多] BTC/USDT:USDT 0.173251 @ 28742.85 | 杠杆:3x | 保证金:1659.91 | 强平价:19276.87
2026-04-08 02:28:14.216 | INFO     | core.portfolio:_close_position:164 - [平多] BTC/USDT:USDT 0.173251 @ 26608.78 | PnL:-372.0349 | 剩余仓位:0.000000
2026-04-08 02:28:14.223 | INFO     | core.portfolio:_open_short:141 - [开空] BTC/USDT:USDT 0.173355 @ 27414.42 | 杠杆:3x | 保证金:1584.14 | 强平价:36442.90
2026-04-08 02:28:14.225 | INFO     | core.portfolio:_close_position:164 - [平空] BTC/USDT:USDT 0.173355 @ 25656.03 | PnL:+302.6016 | 剩余仓位:0.000000
2026-04-08 02:28:14.231 | INFO     | core.portfolio:_open_long:113 - [开多] BTC/USDT:USDT 0.196498 @ 25115.22 | 杠杆:3x | 保证金:1645.03 | 强平价:16843.94
2026-04-08 02:28:14.233 | INFO     | core.portfolio:_close_position:164 - [平多] BTC/USDT:USDT 0.196498 @ 26689.36 | PnL:+306.6923 | 剩余仓位:0.000000
2026-04-08 02:28:14.235 | INFO     | core.portfolio:_open_short:141 - [开空] BTC/USDT:USDT 0.188097 @ 27192.56 | 杠杆:3x | 保证金:1704.95 | 强平价:36147.98
2026-04-08 02:28:14.239 | INFO     | core.portfolio:_close_position:164 - [平空] BTC/USDT:USDT 0.188097 @ 26246.75 | PnL:+175.4364 | 剩余仓位:0.000000
2026-04-08 02:28:14.240 | INFO     | core.portfolio:_open_long:113 - [开多] BTC/USDT:USDT 0.199126 @ 26246.75 | 杠杆:3x | 保证金:1742.14 | 强平价:17602.82
2026-04-08 02:28:14.242 | INFO     | core.portfolio:_close_position:164 - [平多] BTC/USDT:USDT 0.199126 @ 27022.89 | PnL:+151.8603 | 剩余仓位:0.000000
2026-04-08 02:28:14.242 | INFO     | core.portfolio:_open_short:141 - [开空] BTC/USDT:USDT 0.196622 @ 27022.89 | 杠杆:3x | 保证金:1771.10 | 强平价:35922.43
2026-04-08 02:28:14.244 | INFO     | core.portfolio:_close_position:164 - [平空] BTC/USDT:USDT 0.196622 @ 28010.70 | PnL:-196.9784 | 剩余仓位:0.000000
2026-04-08 02:28:14.250 | INFO     | core.portfolio:_open_long:113 - [开多] BTC/USDT:USDT 0.192266 @ 27015.40 | 杠杆:3x | 保证金:1731.38 | 强平价:18118.33
2026-04-08 02:28:14.254 | INFO     | core.portfolio:_close_position:164 - [平多] BTC/USDT:USDT 0.192266 @ 27844.43 | PnL:+156.7168 | 剩余仓位:0.000000
2026-04-08 02:28:14.254 | INFO     | core.portfolio:_open_short:141 - [开空] BTC/USDT:USDT 0.189776 @ 27844.43 | 杠杆:3x | 保证金:1761.40 | 强平价:37014.53
2026-04-08 02:28:14.256 | INFO     | core.portfolio:_close_position:164 - [平空] BTC/USDT:USDT 0.189776 @ 28756.45 | PnL:-175.8082 | 剩余仓位:0.000000
2026-04-08 02:28:14.312 | INFO     | core.portfolio:_open_long:113 - [开多] BTC/USDT:USDT 0.146695 @ 35296.46 | 杠杆:3x | 保证金:1725.93 | 强平价:23672.16
2026-04-08 02:28:14.313 | INFO     | core.portfolio:_close_position:164 - [平多] BTC/USDT:USDT 0.146695 @ 37512.40 | PnL:+322.3146 | 剩余仓位:0.000000
2026-04-08 02:28:14.319 | INFO     | core.portfolio:_open_short:141 - [开空] BTC/USDT:USDT 0.140496 @ 38212.36 | 杠杆:3x | 保证金:1789.56 | 强平价:50796.96
2026-04-08 02:28:14.321 | INFO     | core.portfolio:_close_position:164 - [平空] BTC/USDT:USDT 0.140496 @ 36770.65 | PnL:+199.9706 | 剩余仓位:0.000000
2026-04-08 02:28:14.321 | INFO     | core.portfolio:_open_long:113 - [开多] BTC/USDT:USDT 0.149352 @ 36770.65 | 杠杆:3x | 保证金:1830.59 | 强平价:24660.85
2026-04-08 02:28:14.324 | INFO     | core.portfolio:_close_position:164 - [平多] BTC/USDT:USDT 0.149352 @ 38575.58 | PnL:+266.6891 | 剩余仓位:0.000000
2026-04-08 02:28:14.324 | INFO     | core.portfolio:_open_short:141 - [开空] BTC/USDT:USDT 0.146387 @ 38575.58 | 杠杆:3x | 保证金:1882.32 | 强平价:51279.81
2026-04-08 02:28:14.325 | INFO     | core.portfolio:_close_position:164 - [平空] BTC/USDT:USDT 0.146387 @ 39775.65 | PnL:-178.5863 | 剩余仓位:0.000000
2026-04-08 02:28:14.330 | INFO     | core.portfolio:_open_long:113 - [开多] BTC/USDT:USDT 0.131471 @ 42124.02 | 杠杆:3x | 保证金:1846.04 | 强平价:28251.18
2026-04-08 02:28:14.330 | INFO     | core.portfolio:_close_position:164 - [平多] BTC/USDT:USDT 0.131471 @ 40776.04 | PnL:-179.9014 | 剩余仓位:0.000000
2026-04-08 02:28:14.337 | INFO     | core.portfolio:_open_short:141 - [开空] BTC/USDT:USDT 0.123225 @ 44051.09 | 杠杆:3x | 保证金:1809.39 | 强平价:58558.58
2026-04-08 02:28:14.341 | INFO     | core.portfolio:_close_position:164 - [平空] BTC/USDT:USDT 0.123225 @ 42410.58 | PnL:+199.5378 | 剩余仓位:0.000000
2026-04-08 02:28:14.341 | INFO     | core.portfolio:_open_long:113 - [开多] BTC/USDT:USDT 0.130957 @ 42410.58 | 杠杆:3x | 保证金:1851.31 | 强平价:28443.36
2026-04-08 02:28:14.345 | INFO     | core.portfolio:_close_position:164 - [平多] BTC/USDT:USDT 0.130957 @ 43534.09 | PnL:+144.2806 | 剩余仓位:0.000000
2026-04-08 02:28:14.345 | INFO     | core.portfolio:_open_short:141 - [开空] BTC/USDT:USDT 0.129401 @ 43534.09 | 杠杆:3x | 保证金:1877.78 | 强平价:57871.32
2026-04-08 02:28:14.345 | INFO     | core.portfolio:_close_position:164 - [平空] BTC/USDT:USDT 0.129401 @ 45406.48 | PnL:-245.2263 | 剩余仓位:0.000000
2026-04-08 02:28:14.353 | INFO     | core.portfolio:_open_long:113 - [开多] BTC/USDT:USDT 0.126043 @ 43496.70 | 杠杆:3x | 保证金:1827.49 | 强平价:29171.79
2026-04-08 02:28:14.354 | INFO     | core.portfolio:_close_position:164 - [平多] BTC/USDT:USDT 0.126043 @ 41732.45 | PnL:-225.0015 | 剩余仓位:0.000000
2026-04-08 02:28:14.361 | INFO     | core.portfolio:_open_short:141 - [开空] BTC/USDT:USDT 0.127071 @ 42051.69 | 杠杆:3x | 保证金:1781.19 | 强平价:55900.71
2026-04-08 02:28:14.363 | INFO     | core.portfolio:_close_position:164 - [平空] BTC/USDT:USDT 0.127071 @ 43520.30 | PnL:-189.3837 | 剩余仓位:0.000000
2026-04-08 02:28:14.394 | INFO     | core.portfolio:_open_long:113 - [开多] BTC/USDT:USDT 0.080817 @ 64732.84 | 杠杆:3x | 保证金:1743.85 | 强平价:43414.16
2026-04-08 02:28:14.395 | INFO     | core.portfolio:_close_position:164 - [平多] BTC/USDT:USDT 0.080817 @ 61926.61 | PnL:-229.2949 | 剩余仓位:0.000000
2026-04-08 02:28:14.398 | INFO     | core.portfolio:_open_short:141 - [开空] BTC/USDT:USDT 0.072965 @ 69783.94 | 杠杆:3x | 保证金:1697.26 | 强平价:92766.12
2026-04-08 02:28:14.403 | INFO     | core.portfolio:_close_position:164 - [平空] BTC/USDT:USDT 0.072965 @ 66725.24 | PnL:+220.7436 | 剩余仓位:0.000000
2026-04-08 02:28:14.403 | INFO     | core.portfolio:_open_long:113 - [开多] BTC/USDT:USDT 0.078403 @ 66725.24 | 杠杆:3x | 保证金:1743.83 | 强平价:44750.40
2026-04-08 02:28:14.407 | INFO     | core.portfolio:_close_position:164 - [平多] BTC/USDT:USDT 0.078403 @ 70696.96 | PnL:+308.6247 | 剩余仓位:0.000000
2026-04-08 02:28:14.407 | INFO     | core.portfolio:_open_short:141 - [开空] BTC/USDT:USDT 0.076519 @ 70696.96 | 杠杆:3x | 保证金:1803.22 | 强平价:93979.82
2026-04-08 02:28:14.410 | INFO     | core.portfolio:_close_position:164 - [平空] BTC/USDT:USDT 0.076519 @ 66863.27 | PnL:+290.7923 | 剩余仓位:0.000000
2026-04-08 02:28:14.410 | INFO     | core.portfolio:_open_long:113 - [开多] BTC/USDT:USDT 0.083547 @ 66863.27 | 杠杆:3x | 保证金:1862.07 | 强平价:44842.97
2026-04-08 02:28:14.411 | INFO     | core.portfolio:_close_position:164 - [平多] BTC/USDT:USDT 0.083547 @ 64770.94 | PnL:-177.5124 | 剩余仓位:0.000000
2026-04-08 02:28:14.417 | INFO     | core.portfolio:_open_short:141 - [开空] BTC/USDT:USDT 0.081954 @ 66804.24 | 杠杆:3x | 保证金:1824.95 | 强平价:88805.10
2026-04-08 02:28:14.420 | INFO     | core.portfolio:_close_position:164 - [平空] BTC/USDT:USDT 0.081954 @ 62291.46 | PnL:+367.2863 | 剩余仓位:0.000000
2026-04-08 02:28:14.421 | INFO     | core.portfolio:_open_long:113 - [开多] BTC/USDT:USDT 0.093089 @ 61224.24 | 杠杆:3x | 保证金:1899.76 | 强平价:41061.06
2026-04-08 02:28:14.422 | INFO     | core.portfolio:_close_position:164 - [平多] BTC/USDT:USDT 0.093089 @ 59292.24 | PnL:-182.6071 | 剩余仓位:0.000000
2026-04-08 02:28:14.431 | INFO     | core.portfolio:_open_short:141 - [开空] BTC/USDT:USDT 0.086349 @ 64710.06 | 杠杆:3x | 保证金:1862.55 | 强平价:86021.23
2026-04-08 02:28:14.432 | INFO     | core.portfolio:_close_position:164 - [平空] BTC/USDT:USDT 0.086349 @ 67213.44 | PnL:-219.0672 | 剩余仓位:0.000000
2026-04-08 02:28:14.447 | INFO     | core.portfolio:_open_long:113 - [开多] BTC/USDT:USDT 0.080749 @ 67574.51 | 杠杆:3x | 保证金:1818.87 | 强平价:45319.97
2026-04-08 02:28:14.450 | INFO     | core.portfolio:_close_position:164 - [平多] BTC/USDT:USDT 0.080749 @ 65509.40 | PnL:-169.4019 | 剩余仓位:0.000000
2026-04-08 02:28:14.460 | INFO     | core.portfolio:_open_short:141 - [开空] BTC/USDT:USDT 0.085250 @ 62757.25 | 杠杆:3x | 保证金:1783.35 | 强平价:83425.30
2026-04-08 02:28:14.462 | INFO     | core.portfolio:_close_position:164 - [平空] BTC/USDT:USDT 0.085250 @ 60405.78 | PnL:+197.8881 | 剩余仓位:0.000000
2026-04-08 02:28:14.462 | INFO     | core.portfolio:_open_long:113 - [开多] BTC/USDT:USDT 0.090581 @ 60405.78 | 杠杆:3x | 保证金:1823.86 | 强平价:40512.14
2026-04-08 02:28:14.463 | INFO     | core.portfolio:_close_position:164 - [平多] BTC/USDT:USDT 0.090581 @ 58225.85 | PnL:-200.0960 | 剩余仓位:0.000000
2026-04-08 02:28:14.469 | INFO     | core.portfolio:_open_short:141 - [开空] BTC/USDT:USDT 0.089046 @ 60045.19 | 杠杆:3x | 保证金:1782.25 | 强平价:79820.07
2026-04-08 02:28:14.470 | INFO     | core.portfolio:_close_position:164 - [平空] BTC/USDT:USDT 0.089046 @ 62658.23 | PnL:-235.4693 | 剩余仓位:0.000000
2026-04-08 02:28:14.476 | INFO     | core.portfolio:_open_long:113 - [开多] BTC/USDT:USDT 0.081186 @ 64106.32 | 杠杆:3x | 保证金:1734.84 | 强平价:42993.97
2026-04-08 02:28:14.477 | INFO     | core.portfolio:_close_position:164 - [平多] BTC/USDT:USDT 0.081186 @ 67983.60 | PnL:+312.0202 | 剩余仓位:0.000000
2026-04-08 02:28:14.479 | INFO     | core.portfolio:_open_short:141 - [开空] BTC/USDT:USDT 0.077688 @ 69361.82 | 杠杆:3x | 保证金:1796.19 | 强平价:92204.99
2026-04-08 02:28:14.481 | INFO     | core.portfolio:_close_position:164 - [平空] BTC/USDT:USDT 0.077688 @ 64648.03 | PnL:+363.6931 | 剩余仓位:0.000000
2026-04-08 02:28:14.481 | INFO     | core.portfolio:_open_long:113 - [开多] BTC/USDT:USDT 0.089130 @ 62918.78 | 杠杆:3x | 保证金:1869.32 | 强平价:42197.53
2026-04-08 02:28:14.483 | INFO     | core.portfolio:_close_position:164 - [平多] BTC/USDT:USDT 0.089130 @ 60863.82 | PnL:-185.8711 | 剩余仓位:0.000000
2026-04-08 02:28:14.486 | INFO     | core.portfolio:_open_short:141 - [开空] BTC/USDT:USDT 0.089045 @ 61684.76 | 杠杆:3x | 保证金:1830.91 | 强平价:81999.61
2026-04-08 02:28:14.490 | INFO     | core.portfolio:_close_position:164 - [平空] BTC/USDT:USDT 0.089045 @ 57055.51 | PnL:+409.6733 | 剩余仓位:0.000000
2026-04-08 02:28:14.498 | INFO     | core.portfolio:_open_long:113 - [开多] BTC/USDT:USDT 0.096661 @ 59417.18 | 杠杆:3x | 保证金:1914.43 | 强平价:39849.12
2026-04-08 02:28:14.501 | INFO     | core.portfolio:_close_position:164 - [平多] BTC/USDT:USDT 0.096661 @ 57279.34 | PnL:-209.4132 | 剩余仓位:0.000000
2026-04-08 02:28:14.509 | INFO     | core.portfolio:_open_short:141 - [开空] BTC/USDT:USDT 0.094065 @ 59647.97 | 杠杆:3x | 保证金:1870.27 | 强平价:79292.03
2026-04-08 02:28:14.512 | INFO     | core.portfolio:_close_position:164 - [平空] BTC/USDT:USDT 0.094065 @ 61780.15 | PnL:-203.4704 | 剩余仓位:0.000000
2026-04-08 02:28:14.520 | INFO     | core.portfolio:_open_long:113 - [开多] BTC/USDT:USDT 0.086384 @ 63581.61 | 杠杆:3x | 保证金:1830.81 | 强平价:42642.07
2026-04-08 02:28:14.521 | INFO     | core.portfolio:_close_position:164 - [平多] BTC/USDT:USDT 0.086384 @ 60802.14 | PnL:-242.7287 | 剩余仓位:0.000000
2026-04-08 02:28:14.524 | INFO     | core.portfolio:_open_short:141 - [开空] BTC/USDT:USDT 0.084119 @ 63527.19 | 杠杆:3x | 保证金:1781.28 | 强平价:84448.81
2026-04-08 02:28:14.526 | INFO     | core.portfolio:_close_position:164 - [平空] BTC/USDT:USDT 0.084119 @ 60659.03 | PnL:+238.7162 | 剩余仓位:0.000000
2026-04-08 02:28:14.526 | INFO     | core.portfolio:_open_long:113 - [开多] BTC/USDT:USDT 0.090503 @ 60659.03 | 杠杆:3x | 保证金:1829.94 | 强平价:40681.99
2026-04-08 02:28:14.529 | INFO     | core.portfolio:_close_position:164 - [平多] BTC/USDT:USDT 0.090503 @ 64302.24 | PnL:+326.8118 | 剩余仓位:0.000000
2026-04-08 02:28:14.529 | INFO     | core.portfolio:_open_short:141 - [开空] BTC/USDT:USDT 0.087891 @ 64607.08 | 杠杆:3x | 保证金:1892.80 | 强平价:85884.34
2026-04-08 02:28:14.530 | INFO     | core.portfolio:_close_position:164 - [平空] BTC/USDT:USDT 0.087891 @ 66987.39 | PnL:-212.1528 | 剩余仓位:0.000000
2026-04-08 02:28:14.555 | INFO     | core.portfolio:_open_long:113 - [开多] BTC/USDT:USDT 0.059652 @ 93052.71 | 杠杆:3x | 保证金:1850.26 | 强平价:62407.35
2026-04-08 02:28:14.561 | INFO     | core.portfolio:_close_position:164 - [平多] BTC/USDT:USDT 0.059652 @ 103083.68 | PnL:+595.2936 | 剩余仓位:0.000000
2026-04-08 02:28:14.562 | INFO     | core.portfolio:_open_short:141 - [开空] BTC/USDT:USDT 0.057659 @ 102274.44 | 杠杆:3x | 保证金:1965.68 | 强平价:135956.82
2026-04-08 02:28:14.565 | INFO     | core.portfolio:_close_position:164 - [平空] BTC/USDT:USDT 0.057659 @ 95691.13 | PnL:+376.8276 | 剩余仓位:0.000000
2026-04-08 02:28:14.570 | INFO     | core.portfolio:_open_long:113 - [开多] BTC/USDT:USDT 0.061131 @ 100223.94 | 杠杆:3x | 保证金:2042.28 | 强平价:67216.86
2026-04-08 02:28:14.571 | INFO     | core.portfolio:_close_position:164 - [平多] BTC/USDT:USDT 0.061131 @ 97184.56 | PnL:-188.7724 | 剩余仓位:0.000000
2026-04-08 02:28:14.582 | INFO     | core.portfolio:_open_short:141 - [开空] BTC/USDT:USDT 0.058857 @ 102129.37 | 杠杆:3x | 保证金:2003.66 | 强平价:135763.98
2026-04-08 02:28:14.583 | INFO     | core.portfolio:_close_position:164 - [平空] BTC/USDT:USDT 0.058857 @ 95676.23 | PnL:+376.9945 | 剩余仓位:0.000000
2026-04-08 02:28:14.586 | INFO     | core.portfolio:_open_long:113 - [开多] BTC/USDT:USDT 0.068624 @ 90888.27 | 杠杆:3x | 保证金:2079.04 | 强平价:60955.74
2026-04-08 02:28:14.587 | INFO     | core.portfolio:_close_position:164 - [平多] BTC/USDT:USDT 0.068624 @ 96548.99 | PnL:+385.1489 | 剩余仓位:0.000000
2026-04-08 02:28:14.588 | INFO     | core.portfolio:_open_short:141 - [开空] BTC/USDT:USDT 0.064762 @ 99830.63 | 杠杆:3x | 保证金:2155.06 | 强平价:132708.18
2026-04-08 02:28:14.589 | INFO     | core.portfolio:_close_position:164 - [平空] BTC/USDT:USDT 0.064762 @ 104020.80 | PnL:-274.7304 | 剩余仓位:0.000000
2026-04-08 02:28:14.595 | INFO     | core.portfolio:_open_long:113 - [开多] BTC/USDT:USDT 0.062139 @ 101397.58 | 杠杆:3x | 保证金:2100.25 | 强平价:68003.97
2026-04-08 02:28:14.600 | INFO     | core.portfolio:_close_position:164 - [平多] BTC/USDT:USDT 0.062139 @ 98250.25 | PnL:-198.6251 | 剩余仓位:0.000000
2026-04-08 02:28:14.611 | INFO     | core.portfolio:_open_short:141 - [开空] BTC/USDT:USDT 0.062729 @ 98392.72 | 杠杆:3x | 保证金:2057.35 | 强平价:130796.72
2026-04-08 02:28:14.614 | INFO     | core.portfolio:_close_position:164 - [平空] BTC/USDT:USDT 0.062729 @ 93965.09 | PnL:+274.7928 | 剩余仓位:0.000000
2026-04-08 02:28:14.614 | INFO     | core.portfolio:_open_long:113 - [开多] BTC/USDT:USDT 0.067492 @ 93965.09 | 杠杆:3x | 保证金:2113.97 | 强平价:63019.25
2026-04-08 02:28:14.614 | INFO     | core.portfolio:_close_position:164 - [平多] BTC/USDT:USDT 0.067492 @ 89292.24 | PnL:-318.3947 | 剩余仓位:0.000000
2026-04-08 02:28:14.618 | INFO     | core.portfolio:_open_short:141 - [开空] BTC/USDT:USDT 0.065730 @ 93500.60 | 杠杆:3x | 保证金:2048.59 | 强平价:124293.46
2026-04-08 02:28:14.619 | INFO     | core.portfolio:_close_position:164 - [平空] BTC/USDT:USDT 0.065730 @ 85608.82 | PnL:+515.9112 | 剩余仓位:0.000000
2026-04-08 02:28:14.622 | INFO     | core.portfolio:_open_long:113 - [开多] BTC/USDT:USDT 0.077692 @ 83078.81 | 杠杆:3x | 保证金:2151.52 | 强平价:55718.19
2026-04-08 02:28:14.623 | INFO     | core.portfolio:_close_position:164 - [平多] BTC/USDT:USDT 0.077692 @ 80021.99 | PnL:-240.5993 | 剩余仓位:0.000000
2026-04-08 02:28:14.629 | INFO     | core.portfolio:_open_short:141 - [开空] BTC/USDT:USDT 0.072638 @ 86830.03 | 杠杆:3x | 保证金:2102.38 | 强平价:115426.05
2026-04-08 02:28:14.635 | INFO     | core.portfolio:_close_position:164 - [平空] BTC/USDT:USDT 0.072638 @ 84061.01 | PnL:+198.0825 | 剩余仓位:0.000000
2026-04-08 02:28:14.635 | INFO     | core.portfolio:_open_long:113 - [开多] BTC/USDT:USDT 0.076564 @ 84061.01 | 杠杆:3x | 保证金:2145.34 | 强平价:56376.92
2026-04-08 02:28:14.639 | INFO     | core.portfolio:_close_position:164 - [平多] BTC/USDT:USDT 0.076564 @ 86754.75 | PnL:+202.9212 | 剩余仓位:0.000000
2026-04-08 02:28:14.639 | INFO     | core.portfolio:_open_short:141 - [开空] BTC/USDT:USDT 0.075512 @ 86754.75 | 杠杆:3x | 保证金:2183.69 | 强平价:115325.98
2026-04-08 02:28:14.642 | INFO     | core.portfolio:_close_position:164 - [平空] BTC/USDT:USDT 0.075512 @ 79627.22 | PnL:+535.2105 | 剩余仓位:0.000000
2026-04-08 02:28:14.642 | INFO     | core.portfolio:_open_long:113 - [开多] BTC/USDT:USDT 0.087608 @ 78435.58 | 杠杆:3x | 保证金:2290.52 | 强平价:52604.13
2026-04-08 02:28:14.642 | INFO     | core.portfolio:_close_position:164 - [平多] BTC/USDT:USDT 0.087608 @ 75104.48 | PnL:-295.1204 | 剩余仓位:0.000000
2026-04-08 02:28:14.651 | INFO     | core.portfolio:_open_short:141 - [开空] BTC/USDT:USDT 0.076744 @ 87199.36 | 杠杆:3x | 保证金:2230.68 | 强平价:115917.01
2026-04-08 02:28:14.652 | INFO     | core.portfolio:_close_position:164 - [平空] BTC/USDT:USDT 0.076744 @ 90949.99 | PnL:-291.3283 | 剩余仓位:0.000000
2026-04-08 02:28:14.678 | INFO     | core.portfolio:_open_long:113 - [开多] BTC/USDT:USDT 0.061734 @ 105569.51 | 杠杆:3x | 保证金:2172.42 | 强平价:70801.95
2026-04-08 02:28:14.683 | INFO     | core.portfolio:_close_position:164 - [平多] BTC/USDT:USDT 0.061734 @ 101855.92 | PnL:-232.3996 | 剩余仓位:0.000000
2026-04-08 02:28:14.686 | INFO     | core.portfolio:_open_short:141 - [开空] BTC/USDT:USDT 0.059140 @ 107678.46 | 杠杆:3x | 保证金:2122.70 | 强平价:143140.57
2026-04-08 02:28:14.688 | INFO     | core.portfolio:_close_position:164 - [平空] BTC/USDT:USDT 0.059140 @ 104255.15 | PnL:+199.3716 | 剩余仓位:0.000000
2026-04-08 02:28:14.688 | INFO     | core.portfolio:_open_long:113 - [开多] BTC/USDT:USDT 0.062276 @ 104255.15 | 杠杆:3x | 保证金:2164.21 | 强平价:69920.45
2026-04-08 02:28:14.690 | INFO     | core.portfolio:_close_position:164 - [平多] BTC/USDT:USDT 0.062276 @ 108574.88 | PnL:+265.6365 | 剩余仓位:0.000000
2026-04-08 02:28:14.690 | INFO     | core.portfolio:_open_short:141 - [开空] BTC/USDT:USDT 0.061211 @ 108574.88 | 杠杆:3x | 保证金:2215.32 | 强平价:144332.21
2026-04-08 02:28:14.694 | INFO     | core.portfolio:_close_position:164 - [平空] BTC/USDT:USDT 0.061211 @ 102238.04 | PnL:+384.7549 | 剩余仓位:0.000000
2026-04-08 02:28:14.694 | INFO     | core.portfolio:_open_long:113 - [开多] BTC/USDT:USDT 0.067298 @ 102238.04 | 杠杆:3x | 保证金:2293.46 | 强平价:68567.65
2026-04-08 02:28:14.694 | INFO     | core.portfolio:_close_position:164 - [平多] BTC/USDT:USDT 0.067298 @ 98826.73 | PnL:-232.8990 | 剩余仓位:0.000000
2026-04-08 02:28:14.699 | INFO     | core.portfolio:_open_short:141 - [开空] BTC/USDT:USDT 0.062125 @ 108406.41 | 杠杆:3x | 保证金:2244.91 | 强平价:144108.26
2026-04-08 02:28:14.701 | INFO     | core.portfolio:_close_position:164 - [平空] BTC/USDT:USDT 0.062125 @ 105356.87 | PnL:+186.1800 | 剩余仓位:0.000000
2026-04-08 02:28:14.701 | INFO     | core.portfolio:_open_long:113 - [开多] BTC/USDT:USDT 0.065017 @ 105356.87 | 杠杆:3x | 保证金:2283.32 | 强平价:70659.34
2026-04-08 02:28:14.701 | INFO     | core.portfolio:_close_position:164 - [平多] BTC/USDT:USDT 0.065017 @ 109608.07 | PnL:+272.8367 | 剩余仓位:0.000000
2026-04-08 02:28:14.701 | INFO     | core.portfolio:_open_short:141 - [开空] BTC/USDT:USDT 0.063961 @ 109608.07 | 杠杆:3x | 保证金:2336.87 | 强平价:145705.67
2026-04-08 02:28:14.707 | INFO     | core.portfolio:_close_position:164 - [平空] BTC/USDT:USDT 0.063961 @ 113248.75 | PnL:-236.4815 | 剩余仓位:0.000000
2026-04-08 02:28:14.717 | INFO     | core.portfolio:_open_long:113 - [开多] BTC/USDT:USDT 0.059536 @ 115453.29 | 杠杆:3x | 保证金:2291.22 | 强平价:77430.67
2026-04-08 02:28:14.726 | INFO     | core.portfolio:_close_position:164 - [平多] BTC/USDT:USDT 0.059536 @ 117389.72 | PnL:+111.7933 | 剩余仓位:0.000000
2026-04-08 02:28:14.726 | INFO     | core.portfolio:_open_short:141 - [开空] BTC/USDT:USDT 0.058988 @ 117389.72 | 杠杆:3x | 保证金:2308.20 | 强平价:156050.06
2026-04-08 02:28:14.728 | INFO     | core.portfolio:_close_position:164 - [平空] BTC/USDT:USDT 0.058988 @ 121730.34 | PnL:-259.6354 | 剩余仓位:0.000000
2026-04-08 02:28:14.733 | INFO     | core.portfolio:_open_long:113 - [开多] BTC/USDT:USDT 0.058709 @ 115280.45 | 杠杆:3x | 保证金:2255.98 | 强平价:77314.76
2026-04-08 02:28:14.737 | INFO     | core.portfolio:_close_position:164 - [平多] BTC/USDT:USDT 0.058709 @ 111443.71 | PnL:-228.5212 | 剩余仓位:0.000000
2026-04-08 02:28:14.748 | INFO     | core.portfolio:_open_short:141 - [开空] BTC/USDT:USDT 0.057905 @ 114324.23 | 杠杆:3x | 保证金:2206.65 | 强平价:151975.01
2026-04-08 02:28:14.755 | INFO     | core.portfolio:_close_position:164 - [平空] BTC/USDT:USDT 0.057905 @ 112481.79 | PnL:+103.4298 | 剩余仓位:0.000000
2026-04-08 02:28:14.755 | INFO     | core.portfolio:_open_long:113 - [开多] BTC/USDT:USDT 0.059530 @ 112481.79 | 杠杆:3x | 保证金:2232.01 | 强平价:75437.79
2026-04-08 02:28:14.758 | INFO     | core.portfolio:_close_position:164 - [平多] BTC/USDT:USDT 0.059530 @ 108917.81 | PnL:-215.4053 | 剩余仓位:0.000000
2026-04-08 02:28:14.760 | INFO     | core.portfolio:_open_short:141 - [开空] BTC/USDT:USDT 0.057655 @ 113746.15 | 杠杆:3x | 保证金:2186.01 | 强平价:151206.54
2026-04-08 02:28:14.761 | INFO     | core.portfolio:_close_position:164 - [平空] BTC/USDT:USDT 0.057655 @ 117387.27 | PnL:-213.3128 | 剩余仓位:0.000000
2026-04-08 02:28:14.768 | INFO     | core.portfolio:_open_long:113 - [开多] BTC/USDT:USDT 0.055141 @ 116619.22 | 杠杆:3x | 保证金:2143.48 | 强平价:78212.62
2026-04-08 02:28:14.768 | INFO     | core.portfolio:_close_position:164 - [平多] BTC/USDT:USDT 0.055141 @ 112753.54 | PnL:-216.2640 | 剩余仓位:0.000000
2026-04-08 02:28:14.775 | INFO     | core.portfolio:_open_short:141 - [开空] BTC/USDT:USDT 0.055560 @ 113361.82 | 杠杆:3x | 保证金:2099.46 | 强平价:150695.65
2026-04-08 02:28:14.780 | INFO     | core.portfolio:_close_position:164 - [平空] BTC/USDT:USDT 0.055560 @ 109994.99 | PnL:+184.0054 | 剩余仓位:0.000000
2026-04-08 02:28:14.780 | INFO     | core.portfolio:_open_long:113 - [开多] BTC/USDT:USDT 0.058352 @ 109994.99 | 杠杆:3x | 保证金:2139.46 | 强平价:73769.98
2026-04-08 02:28:14.781 | INFO     | core.portfolio:_close_position:164 - [平多] BTC/USDT:USDT 0.058352 @ 106463.80 | PnL:-209.1572 | 剩余仓位:0.000000
2026-04-08 02:28:14.787 | INFO     | core.portfolio:_open_short:141 - [开空] BTC/USDT:USDT 0.059347 @ 105954.00 | 杠杆:3x | 保证金:2096.00 | 强平价:140848.19
2026-04-08 02:28:14.790 | INFO     | core.portfolio:_close_position:164 - [平空] BTC/USDT:USDT 0.059347 @ 98649.23 | PnL:+430.5864 | 剩余仓位:0.000000
2026-04-08 02:28:14.790 | INFO     | core.portfolio:_open_long:113 - [开多] BTC/USDT:USDT 0.067437 @ 97105.82 | 杠杆:3x | 保证金:2182.84 | 强平价:65125.63
2026-04-08 02:28:14.792 | INFO     | core.portfolio:_close_position:164 - [平多] BTC/USDT:USDT 0.067437 @ 93973.40 | PnL:-214.4096 | 剩余仓位:0.000000
2026-04-08 02:28:14.798 | INFO     | core.portfolio:_open_short:141 - [开空] BTC/USDT:USDT 0.070959 @ 90407.71 | 杠杆:3x | 保证金:2138.40 | 强平价:120181.99
2026-04-08 02:28:14.801 | INFO     | core.portfolio:_close_position:164 - [平空] BTC/USDT:USDT 0.070959 @ 86339.26 | PnL:+285.6286 | 剩余仓位:0.000000
2026-04-08 02:28:14.801 | INFO     | core.portfolio:_open_long:113 - [开多] BTC/USDT:USDT 0.076349 @ 86339.26 | 杠杆:3x | 保证金:2197.30 | 强平价:57904.87
2026-04-08 02:28:14.802 | INFO     | core.portfolio:_close_position:164 - [平多] BTC/USDT:USDT 0.076349 @ 91840.73 | PnL:+416.5236 | 剩余仓位:0.000000
2026-04-08 02:28:14.850 | INFO     | core.portfolio:_open_short:141 - [开空] BTC/USDT:USDT 0.072915 @ 93743.15 | 杠杆:3x | 保证金:2278.42 | 强平价:124615.89
2026-04-08 02:28:14.853 | INFO     | core.portfolio:_close_position:164 - [平空] BTC/USDT:USDT 0.072915 @ 88132.22 | PnL:+405.9062 | 剩余仓位:0.000000
2026-04-08 02:28:14.854 | INFO     | core.portfolio:_open_long:113 - [开多] BTC/USDT:USDT 0.081413 @ 87001.90 | 杠杆:3x | 保证金:2361.04 | 强平价:58349.27
2026-04-08 02:28:14.858 | INFO     | core.portfolio:_close_position:164 - [平多] BTC/USDT:USDT 0.081413 @ 89890.02 | PnL:+231.4722 | 剩余仓位:0.000000
2026-04-08 02:28:14.858 | INFO     | core.portfolio:_open_short:141 - [开空] BTC/USDT:USDT 0.080258 @ 89890.02 | 杠杆:3x | 保证金:2404.79 | 强平价:119493.80
2026-04-08 02:28:14.864 | INFO     | core.portfolio:_close_position:164 - [平空] BTC/USDT:USDT 0.080258 @ 88434.18 | PnL:+113.2934 | 剩余仓位:0.000000
2026-04-08 02:28:14.870 | INFO     | core.backtester:run:94 - 回测完成: 最终权益 12151.83, 收益率 21.52%, 强平次数 0
2026-04-08 02:28:31.047 | INFO     | __main__:main:96 - 策略: bollinger_bands | 标的: BTC/USDT:USDT | 区间: 2023-01-01 → 2023-12-31
2026-04-08 02:28:31.050 | INFO     | core.exchange:__init__:50 - 交易账户已连接模拟盘(Demo Trading)
2026-04-08 02:28:31.053 | INFO     | core.exchange:__init__:56 - 行情数据使用正式公开接口
2026-04-08 02:28:31.053 | INFO     | core.exchange:fetch_ohlcv_range:86 - 开始拉取 BTC/USDT:USDT 4h 数据: 2023-01-01 → 2023-12-31
2026-04-08 02:28:31.843 | DEBUG    | core.exchange:fetch_ohlcv_range:93 - 已拉取 300 条，最新: 2023-02-19 20:00:00.001000
2026-04-08 02:28:31.954 | DEBUG    | core.exchange:fetch_ohlcv_range:93 - 已拉取 600 条，最新: 2023-04-10 20:00:00.001000
2026-04-08 02:28:32.074 | DEBUG    | core.exchange:fetch_ohlcv_range:93 - 已拉取 900 条，最新: 2023-05-30 20:00:00.001000
2026-04-08 02:28:32.224 | DEBUG    | core.exchange:fetch_ohlcv_range:93 - 已拉取 1200 条，最新: 2023-07-19 20:00:00.001000
2026-04-08 02:28:32.306 | DEBUG    | core.exchange:fetch_ohlcv_range:93 - 已拉取 1500 条，最新: 2023-09-07 20:00:00.001000
2026-04-08 02:28:32.421 | DEBUG    | core.exchange:fetch_ohlcv_range:93 - 已拉取 1800 条，最新: 2023-10-27 20:00:00.001000
2026-04-08 02:28:32.553 | DEBUG    | core.exchange:fetch_ohlcv_range:93 - 已拉取 2100 条，最新: 2023-12-16 20:00:00.001000
2026-04-08 02:28:32.667 | DEBUG    | core.exchange:fetch_ohlcv_range:93 - 已拉取 2400 条，最新: 2024-02-04 20:00:00.001000
2026-04-08 02:28:32.678 | INFO     | core.exchange:fetch_ohlcv_range:100 - 共拉取 2185 条 K 线
2026-04-08 02:28:32.728 | INFO     | core.data_feed:get_historical_data:38 - 数据已缓存: /Users/mi/Desktop/workspace/quant-dev/data/BTC_USDT:USDT_4h_2023-01-01_2023-12-31.parquet
2026-04-08 02:28:32.759 | INFO     | core.backtester:run:34 - 回测开始: BTC/USDT:USDT | 1986 根K线 | 初始资金:10000.0 | 杠杆:3x | 资金费率:0.0100%/8h
2026-04-08 02:28:32.762 | INFO     | core.portfolio:_open_long:113 - [开多] BTC/USDT:USDT 0.266366 @ 22525.40 | 杠杆:3x | 保证金:2000.00 | 强平价:15107.04
2026-04-08 02:28:32.763 | INFO     | core.portfolio:_close_position:164 - [平多] BTC/USDT:USDT 0.266366 @ 21797.74 | PnL:-196.7281 | 剩余仓位:0.000000
2026-04-08 02:28:32.766 | INFO     | core.portfolio:_open_short:141 - [开空] BTC/USDT:USDT 0.257796 @ 22805.24 | 杠杆:3x | 保证金:1959.70 | 强平价:30315.76
2026-04-08 02:28:32.767 | INFO     | core.portfolio:_close_position:164 - [平空] BTC/USDT:USDT 0.257796 @ 24340.57 | PnL:-398.9386 | 剩余仓位:0.000000
2026-04-08 02:28:32.772 | INFO     | core.portfolio:_open_long:113 - [开多] BTC/USDT:USDT 0.241460 @ 23351.07 | 杠杆:3x | 保证金:1879.45 | 强平价:15660.78
2026-04-08 02:28:32.777 | INFO     | core.portfolio:_close_position:164 - [平多] BTC/USDT:USDT 0.241460 @ 22314.34 | PnL:-253.0232 | 剩余仓位:0.000000
2026-04-08 02:28:32.783 | INFO     | core.portfolio:_open_short:141 - [开空] BTC/USDT:USDT 0.249126 @ 21990.50 | 杠杆:3x | 保证金:1826.13 | 强平价:29232.71
2026-04-08 02:28:32.784 | INFO     | core.portfolio:_close_position:164 - [平空] BTC/USDT:USDT 0.249126 @ 24020.40 | PnL:-508.6930 | 剩余仓位:0.000000
2026-04-08 02:28:32.806 | INFO     | core.portfolio:_open_long:113 - [开多] BTC/USDT:USDT 0.174861 @ 29579.11 | 杠杆:3x | 保证金:1724.08 | 强平价:19837.73
2026-04-08 02:28:32.807 | WARNING  | core.risk:check_drawdown:81 - [风控] 最大回撤触发熔断! 回撤=15.54% | 峰值=10039.97 → 当前=8479.67 | 冷却 100 根K线后重启
2026-04-08 02:28:32.807 | INFO     | core.portfolio:_close_position:164 - [平多] BTC/USDT:USDT 0.174861 @ 28804.24 | PnL:-138.0142 | 剩余仓位:0.000000
2026-04-08 02:28:32.812 | INFO     | core.risk:check_drawdown:71 - [风控] 熔断冷却结束，恢复交易，重置峰值=8475.64
2026-04-08 02:28:32.825 | INFO     | core.portfolio:_open_short:141 - [开空] BTC/USDT:USDT 0.187115 @ 27177.86 | 杠杆:3x | 保证金:1695.13 | 强平价:36128.44
2026-04-08 02:28:32.826 | INFO     | core.portfolio:_close_position:164 - [平空] BTC/USDT:USDT 0.187115 @ 28081.42 | PnL:-171.6954 | 剩余仓位:0.000000
2026-04-08 02:28:32.831 | INFO     | core.portfolio:_open_long:113 - [开多] BTC/USDT:USDT 0.191775 @ 25977.19 | 杠杆:3x | 保证金:1660.59 | 强平价:17422.04
2026-04-08 02:28:32.836 | INFO     | core.portfolio:_close_position:164 - [平多] BTC/USDT:USDT 0.191775 @ 25122.17 | PnL:-166.3802 | 剩余仓位:0.000000
2026-04-08 02:28:32.840 | INFO     | core.portfolio:_open_short:141 - [开空] BTC/USDT:USDT 0.181511 @ 26841.63 | 杠杆:3x | 保证金:1624.02 | 强平价:35681.47
2026-04-08 02:28:32.840 | INFO     | core.portfolio:_close_position:164 - [平空] BTC/USDT:USDT 0.181511 @ 27989.30 | PnL:-210.8540 | 剩余仓位:0.000000
2026-04-08 02:28:32.850 | INFO     | core.portfolio:_open_long:113 - [开多] BTC/USDT:USDT 0.158691 @ 29898.78 | 杠杆:3x | 保证金:1581.55 | 强平价:20052.11
2026-04-08 02:28:32.853 | INFO     | core.portfolio:_close_position:164 - [平多] BTC/USDT:USDT 0.158691 @ 30832.43 | PnL:+145.7158 | 剩余仓位:0.000000
2026-04-08 02:28:32.853 | INFO     | core.portfolio:_open_short:141 - [开空] BTC/USDT:USDT 0.156639 @ 30832.43 | 杠杆:3x | 保证金:1609.85 | 强平价:40986.58
2026-04-08 02:28:32.858 | INFO     | core.portfolio:_close_position:164 - [平空] BTC/USDT:USDT 0.156639 @ 29722.44 | PnL:+171.5394 | 剩余仓位:0.000000
2026-04-08 02:28:32.858 | INFO     | core.portfolio:_open_long:113 - [开多] BTC/USDT:USDT 0.166130 @ 29722.44 | 杠杆:3x | 保证金:1645.93 | 强平价:19933.85
2026-04-08 02:28:32.871 | INFO     | core.portfolio:_close_position:164 - [平多] BTC/USDT:USDT 0.166130 @ 29530.09 | PnL:-34.4082 | 剩余仓位:0.000000
2026-04-08 02:28:32.871 | INFO     | core.portfolio:_open_short:141 - [开空] BTC/USDT:USDT 0.165851 @ 29530.09 | 杠杆:3x | 保证金:1632.54 | 强平价:39255.34
2026-04-08 02:28:32.877 | INFO     | core.portfolio:_close_position:164 - [平空] BTC/USDT:USDT 0.165851 @ 28742.85 | PnL:+128.1823 | 剩余仓位:0.000000
2026-04-08 02:28:32.877 | INFO     | core.portfolio:_open_long:113 - [开多] BTC/USDT:USDT 0.173251 @ 28742.85 | 杠杆:3x | 保证金:1659.91 | 强平价:19276.87
2026-04-08 02:28:32.877 | INFO     | core.portfolio:_close_position:164 - [平多] BTC/USDT:USDT 0.173251 @ 26608.78 | PnL:-372.0349 | 剩余仓位:0.000000
2026-04-08 02:28:32.885 | INFO     | core.portfolio:_open_short:141 - [开空] BTC/USDT:USDT 0.173355 @ 27414.42 | 杠杆:3x | 保证金:1584.14 | 强平价:36442.90
2026-04-08 02:28:32.887 | INFO     | core.portfolio:_close_position:164 - [平空] BTC/USDT:USDT 0.173355 @ 25656.03 | PnL:+302.6016 | 剩余仓位:0.000000
2026-04-08 02:28:32.893 | INFO     | core.portfolio:_open_long:113 - [开多] BTC/USDT:USDT 0.196498 @ 25115.22 | 杠杆:3x | 保证金:1645.03 | 强平价:16843.94
2026-04-08 02:28:32.895 | INFO     | core.portfolio:_close_position:164 - [平多] BTC/USDT:USDT 0.196498 @ 26689.36 | PnL:+306.6923 | 剩余仓位:0.000000
2026-04-08 02:28:32.897 | INFO     | core.portfolio:_open_short:141 - [开空] BTC/USDT:USDT 0.188097 @ 27192.56 | 杠杆:3x | 保证金:1704.95 | 强平价:36147.98
2026-04-08 02:28:32.901 | INFO     | core.portfolio:_close_position:164 - [平空] BTC/USDT:USDT 0.188097 @ 26246.75 | PnL:+175.4364 | 剩余仓位:0.000000
2026-04-08 02:28:32.901 | INFO     | core.portfolio:_open_long:113 - [开多] BTC/USDT:USDT 0.199126 @ 26246.75 | 杠杆:3x | 保证金:1742.14 | 强平价:17602.82
2026-04-08 02:28:32.904 | INFO     | core.portfolio:_close_position:164 - [平多] BTC/USDT:USDT 0.199126 @ 27022.89 | PnL:+151.8603 | 剩余仓位:0.000000
2026-04-08 02:28:32.904 | INFO     | core.portfolio:_open_short:141 - [开空] BTC/USDT:USDT 0.196622 @ 27022.89 | 杠杆:3x | 保证金:1771.10 | 强平价:35922.43
2026-04-08 02:28:32.906 | INFO     | core.portfolio:_close_position:164 - [平空] BTC/USDT:USDT 0.196622 @ 28010.70 | PnL:-196.9784 | 剩余仓位:0.000000
2026-04-08 02:28:32.912 | INFO     | core.portfolio:_open_long:113 - [开多] BTC/USDT:USDT 0.192266 @ 27015.40 | 杠杆:3x | 保证金:1731.38 | 强平价:18118.33
2026-04-08 02:28:32.915 | INFO     | core.portfolio:_close_position:164 - [平多] BTC/USDT:USDT 0.192266 @ 27844.43 | PnL:+156.7168 | 剩余仓位:0.000000
2026-04-08 02:28:32.915 | INFO     | core.portfolio:_open_short:141 - [开空] BTC/USDT:USDT 0.189776 @ 27844.43 | 杠杆:3x | 保证金:1761.40 | 强平价:37014.53
2026-04-08 02:28:32.917 | INFO     | core.portfolio:_close_position:164 - [平空] BTC/USDT:USDT 0.189776 @ 28756.45 | PnL:-175.8082 | 剩余仓位:0.000000
2026-04-08 02:28:32.934 | INFO     | core.portfolio:_open_long:113 - [开多] BTC/USDT:USDT 0.146695 @ 35296.46 | 杠杆:3x | 保证金:1725.93 | 强平价:23672.16
2026-04-08 02:28:32.934 | INFO     | core.portfolio:_close_position:164 - [平多] BTC/USDT:USDT 0.146695 @ 37512.40 | PnL:+322.3146 | 剩余仓位:0.000000
2026-04-08 02:28:32.939 | INFO     | core.portfolio:_open_short:141 - [开空] BTC/USDT:USDT 0.140496 @ 38212.36 | 杠杆:3x | 保证金:1789.56 | 强平价:50796.96
2026-04-08 02:28:32.941 | INFO     | core.portfolio:_close_position:164 - [平空] BTC/USDT:USDT 0.140496 @ 36770.65 | PnL:+199.9706 | 剩余仓位:0.000000
2026-04-08 02:28:32.941 | INFO     | core.portfolio:_open_long:113 - [开多] BTC/USDT:USDT 0.149352 @ 36770.65 | 杠杆:3x | 保证金:1830.59 | 强平价:24660.85
2026-04-08 02:28:32.944 | INFO     | core.portfolio:_close_position:164 - [平多] BTC/USDT:USDT 0.149352 @ 38575.58 | PnL:+266.6891 | 剩余仓位:0.000000
2026-04-08 02:28:32.944 | INFO     | core.portfolio:_open_short:141 - [开空] BTC/USDT:USDT 0.146387 @ 38575.58 | 杠杆:3x | 保证金:1882.32 | 强平价:51279.81
2026-04-08 02:28:32.946 | INFO     | core.portfolio:_close_position:164 - [平空] BTC/USDT:USDT 0.146387 @ 39775.65 | PnL:-178.5863 | 剩余仓位:0.000000
2026-04-08 02:28:32.951 | INFO     | core.portfolio:_open_long:113 - [开多] BTC/USDT:USDT 0.131471 @ 42124.02 | 杠杆:3x | 保证金:1846.04 | 强平价:28251.18
2026-04-08 02:28:32.951 | INFO     | core.portfolio:_close_position:164 - [平多] BTC/USDT:USDT 0.131471 @ 40776.04 | PnL:-179.9014 | 剩余仓位:0.000000
2026-04-08 02:28:33.022 | INFO     | core.portfolio:_open_short:141 - [开空] BTC/USDT:USDT 0.123225 @ 44051.09 | 杠杆:3x | 保证金:1809.39 | 强平价:58558.58
2026-04-08 02:28:33.026 | INFO     | core.portfolio:_close_position:164 - [平空] BTC/USDT:USDT 0.123225 @ 42410.58 | PnL:+199.5378 | 剩余仓位:0.000000
2026-04-08 02:28:33.026 | INFO     | core.portfolio:_open_long:113 - [开多] BTC/USDT:USDT 0.130957 @ 42410.58 | 杠杆:3x | 保证金:1851.31 | 强平价:28443.36
2026-04-08 02:28:33.029 | INFO     | core.portfolio:_close_position:164 - [平多] BTC/USDT:USDT 0.130957 @ 42173.26 | PnL:-33.8396 | 剩余仓位:0.000000
2026-04-08 02:28:33.032 | INFO     | core.backtester:run:94 - 回测完成: 最终权益 9213.45, 收益率 -7.87%, 强平次数 0
2026-04-08 02:28:33.795 | INFO     | __main__:main:96 - 策略: bollinger_bands | 标的: BTC/USDT:USDT | 区间: 2024-01-01 → 2024-12-31
2026-04-08 02:28:33.798 | INFO     | core.exchange:__init__:50 - 交易账户已连接模拟盘(Demo Trading)
2026-04-08 02:28:33.801 | INFO     | core.exchange:__init__:56 - 行情数据使用正式公开接口
2026-04-08 02:28:33.801 | INFO     | core.data_feed:get_historical_data:33 - 从缓存加载: /Users/mi/Desktop/workspace/quant-dev/data/BTC_USDT:USDT_4h_2024-01-01_2024-12-31.parquet
2026-04-08 02:28:33.917 | INFO     | core.backtester:run:34 - 回测开始: BTC/USDT:USDT | 1992 根K线 | 初始资金:10000.0 | 杠杆:3x | 资金费率:0.0100%/8h
2026-04-08 02:28:33.919 | INFO     | core.portfolio:_open_short:141 - [开空] BTC/USDT:USDT 0.134238 @ 44696.76 | 杠杆:3x | 保证金:2000.00 | 强平价:59416.89
2026-04-08 02:28:33.919 | INFO     | core.portfolio:_close_position:164 - [平空] BTC/USDT:USDT 0.134238 @ 46085.42 | PnL:-189.5036 | 剩余仓位:0.000000
2026-04-08 02:28:33.944 | INFO     | core.portfolio:_open_long:113 - [开多] BTC/USDT:USDT 0.090916 @ 64732.84 | 杠杆:3x | 保证金:1961.74 | 强平价:43414.16
2026-04-08 02:28:33.945 | INFO     | core.portfolio:_close_position:164 - [平多] BTC/USDT:USDT 0.090916 @ 61926.61 | PnL:-257.9454 | 剩余仓位:0.000000
2026-04-08 02:28:33.948 | INFO     | core.portfolio:_open_short:141 - [开空] BTC/USDT:USDT 0.082082 @ 69783.94 | 杠杆:3x | 保证金:1909.34 | 强平价:92766.12
2026-04-08 02:28:33.953 | INFO     | core.portfolio:_close_position:164 - [平空] BTC/USDT:USDT 0.082082 @ 66725.24 | PnL:+248.3257 | 剩余仓位:0.000000
2026-04-08 02:28:33.953 | INFO     | core.portfolio:_open_long:113 - [开多] BTC/USDT:USDT 0.088200 @ 66725.24 | 杠杆:3x | 保证金:1961.72 | 强平价:44750.40
2026-04-08 02:28:33.957 | INFO     | core.portfolio:_close_position:164 - [平多] BTC/USDT:USDT 0.088200 @ 70696.96 | PnL:+347.1876 | 剩余仓位:0.000000
2026-04-08 02:28:33.957 | INFO     | core.portfolio:_open_short:141 - [开空] BTC/USDT:USDT 0.086080 @ 70696.96 | 杠杆:3x | 保证金:2028.54 | 强平价:93979.82
2026-04-08 02:28:33.960 | INFO     | core.portfolio:_close_position:164 - [平空] BTC/USDT:USDT 0.086080 @ 66863.27 | PnL:+327.1270 | 剩余仓位:0.000000
2026-04-08 02:28:33.960 | INFO     | core.portfolio:_open_long:113 - [开多] BTC/USDT:USDT 0.093986 @ 66863.27 | 杠杆:3x | 保证金:2094.73 | 强平价:44842.97
2026-04-08 02:28:33.961 | INFO     | core.portfolio:_close_position:164 - [平多] BTC/USDT:USDT 0.093986 @ 64770.94 | PnL:-199.6927 | 剩余仓位:0.000000
2026-04-08 02:28:33.967 | INFO     | core.portfolio:_open_short:141 - [开空] BTC/USDT:USDT 0.092194 @ 66804.24 | 杠杆:3x | 保证金:2052.98 | 强平价:88805.10
2026-04-08 02:28:33.971 | INFO     | core.portfolio:_close_position:164 - [平空] BTC/USDT:USDT 0.092194 @ 62291.46 | PnL:+413.1790 | 剩余仓位:0.000000
2026-04-08 02:28:33.972 | INFO     | core.portfolio:_open_long:113 - [开多] BTC/USDT:USDT 0.104720 @ 61224.24 | 杠杆:3x | 保证金:2137.14 | 强平价:41061.06
2026-04-08 02:28:33.972 | INFO     | core.portfolio:_close_position:164 - [平多] BTC/USDT:USDT 0.104720 @ 59292.24 | PnL:-205.4240 | 剩余仓位:0.000000
2026-04-08 02:28:33.982 | INFO     | core.portfolio:_open_short:141 - [开空] BTC/USDT:USDT 0.097139 @ 64710.06 | 杠杆:3x | 保证金:2095.28 | 强平价:86021.23
2026-04-08 02:28:33.983 | INFO     | core.portfolio:_close_position:164 - [平空] BTC/USDT:USDT 0.097139 @ 67213.44 | PnL:-246.4398 | 剩余仓位:0.000000
2026-04-08 02:28:33.998 | INFO     | core.portfolio:_open_long:113 - [开多] BTC/USDT:USDT 0.090839 @ 67574.51 | 杠杆:3x | 保证金:2046.14 | 强平价:45319.97
2026-04-08 02:28:34.000 | INFO     | core.portfolio:_close_position:164 - [平多] BTC/USDT:USDT 0.090839 @ 65509.40 | PnL:-190.5688 | 剩余仓位:0.000000
2026-04-08 02:28:34.010 | INFO     | core.portfolio:_open_short:141 - [开空] BTC/USDT:USDT 0.095902 @ 62757.25 | 杠杆:3x | 保证金:2006.19 | 强平价:83425.30
2026-04-08 02:28:34.012 | INFO     | core.portfolio:_close_position:164 - [平空] BTC/USDT:USDT 0.095902 @ 60405.78 | PnL:+222.6143 | 剩余仓位:0.000000
2026-04-08 02:28:34.012 | INFO     | core.portfolio:_open_long:113 - [开多] BTC/USDT:USDT 0.101899 @ 60405.78 | 杠杆:3x | 保证金:2051.76 | 强平价:40512.14
2026-04-08 02:28:34.012 | INFO     | core.portfolio:_close_position:164 - [平多] BTC/USDT:USDT 0.101899 @ 58225.85 | PnL:-225.0981 | 剩余仓位:0.000000
2026-04-08 02:28:34.019 | INFO     | core.portfolio:_open_short:141 - [开空] BTC/USDT:USDT 0.100172 @ 60045.19 | 杠杆:3x | 保证金:2004.95 | 强平价:79820.07
2026-04-08 02:28:34.019 | INFO     | core.portfolio:_close_position:164 - [平空] BTC/USDT:USDT 0.100172 @ 62658.23 | PnL:-264.8914 | 剩余仓位:0.000000
2026-04-08 02:28:34.026 | INFO     | core.portfolio:_open_long:113 - [开多] BTC/USDT:USDT 0.091330 @ 64106.32 | 杠杆:3x | 保证金:1951.61 | 强平价:42993.97
2026-04-08 02:28:34.027 | INFO     | core.portfolio:_close_position:164 - [平多] BTC/USDT:USDT 0.091330 @ 67983.60 | PnL:+351.0073 | 剩余仓位:0.000000
2026-04-08 02:28:34.028 | INFO     | core.portfolio:_open_short:141 - [开空] BTC/USDT:USDT 0.087395 @ 69361.82 | 杠杆:3x | 保证金:2020.62 | 强平价:92204.99
2026-04-08 02:28:34.030 | INFO     | core.portfolio:_close_position:164 - [平空] BTC/USDT:USDT 0.087395 @ 64648.03 | PnL:+409.1368 | 剩余仓位:0.000000
2026-04-08 02:28:34.031 | INFO     | core.portfolio:_open_long:113 - [开多] BTC/USDT:USDT 0.100267 @ 62918.78 | 杠杆:3x | 保证金:2102.89 | 强平价:42197.53
2026-04-08 02:28:34.032 | INFO     | core.portfolio:_close_position:164 - [平多] BTC/USDT:USDT 0.100267 @ 60863.82 | PnL:-209.0958 | 剩余仓位:0.000000
2026-04-08 02:28:34.036 | INFO     | core.portfolio:_open_short:141 - [开空] BTC/USDT:USDT 0.100172 @ 61684.76 | 杠杆:3x | 保证金:2059.69 | 强平价:81999.61
2026-04-08 02:28:34.040 | INFO     | core.portfolio:_close_position:164 - [平空] BTC/USDT:USDT 0.100172 @ 57055.51 | PnL:+460.8622 | 剩余仓位:0.000000
2026-04-08 02:28:34.048 | INFO     | core.portfolio:_open_long:113 - [开多] BTC/USDT:USDT 0.108738 @ 59417.18 | 杠杆:3x | 保证金:2153.64 | 强平价:39849.12
2026-04-08 02:28:34.051 | INFO     | core.portfolio:_close_position:164 - [平多] BTC/USDT:USDT 0.108738 @ 57279.34 | PnL:-235.5795 | 剩余仓位:0.000000
2026-04-08 02:28:34.058 | INFO     | core.portfolio:_open_short:141 - [开空] BTC/USDT:USDT 0.105819 @ 59647.97 | 杠杆:3x | 保证金:2103.96 | 强平价:79292.03
2026-04-08 02:28:34.061 | INFO     | core.portfolio:_close_position:164 - [平空] BTC/USDT:USDT 0.105819 @ 61780.15 | PnL:-228.8941 | 剩余仓位:0.000000
2026-04-08 02:28:34.069 | INFO     | core.portfolio:_open_long:113 - [开多] BTC/USDT:USDT 0.097178 @ 63581.61 | 杠杆:3x | 保证金:2059.57 | 强平价:42642.07
2026-04-08 02:28:34.069 | INFO     | core.portfolio:_close_position:164 - [平多] BTC/USDT:USDT 0.097178 @ 60802.14 | PnL:-273.0578 | 剩余仓位:0.000000
2026-04-08 02:28:34.073 | INFO     | core.portfolio:_open_short:141 - [开空] BTC/USDT:USDT 0.094630 @ 63527.19 | 杠杆:3x | 保证金:2003.86 | 强平价:84448.81
2026-04-08 02:28:34.075 | INFO     | core.portfolio:_close_position:164 - [平空] BTC/USDT:USDT 0.094630 @ 60659.03 | PnL:+268.5439 | 剩余仓位:0.000000
2026-04-08 02:28:34.075 | INFO     | core.portfolio:_open_long:113 - [开多] BTC/USDT:USDT 0.101812 @ 60659.03 | 杠杆:3x | 保证金:2058.60 | 强平价:40681.99
2026-04-08 02:28:34.078 | INFO     | core.portfolio:_close_position:164 - [平多] BTC/USDT:USDT 0.101812 @ 64302.24 | PnL:+367.6472 | 剩余仓位:0.000000
2026-04-08 02:28:34.078 | INFO     | core.portfolio:_open_short:141 - [开空] BTC/USDT:USDT 0.098873 @ 64607.08 | 杠杆:3x | 保证金:2129.30 | 强平价:85884.34
2026-04-08 02:28:34.079 | INFO     | core.portfolio:_close_position:164 - [平空] BTC/USDT:USDT 0.098873 @ 66987.39 | PnL:-238.6614 | 剩余仓位:0.000000
2026-04-08 02:28:34.115 | INFO     | core.portfolio:_open_long:113 - [开多] BTC/USDT:USDT 0.067106 @ 93052.71 | 杠杆:3x | 保证金:2081.45 | 强平价:62407.35
2026-04-08 02:28:34.123 | INFO     | core.portfolio:_close_position:164 - [平多] BTC/USDT:USDT 0.067106 @ 103083.68 | PnL:+669.6760 | 剩余仓位:0.000000
2026-04-08 02:28:34.123 | INFO     | core.portfolio:_open_short:141 - [开空] BTC/USDT:USDT 0.064863 @ 102274.44 | 杠杆:3x | 保证金:2211.29 | 强平价:135956.82
2026-04-08 02:28:34.127 | INFO     | core.portfolio:_close_position:164 - [平空] BTC/USDT:USDT 0.064863 @ 95691.13 | PnL:+423.9124 | 剩余仓位:0.000000
2026-04-08 02:28:34.134 | INFO     | core.portfolio:_open_long:113 - [开多] BTC/USDT:USDT 0.068770 @ 100223.94 | 杠杆:3x | 保证金:2297.46 | 强平价:67216.86
2026-04-08 02:28:34.134 | INFO     | core.portfolio:_close_position:164 - [平多] BTC/USDT:USDT 0.068770 @ 97184.56 | PnL:-212.3596 | 剩余仓位:0.000000
2026-04-08 02:28:34.160 | INFO     | core.backtester:run:94 - 回测完成: 最终权益 11270.12, 收益率 12.70%, 强平次数 0
2026-04-08 02:28:35.006 | INFO     | __main__:main:96 - 策略: bollinger_bands | 标的: BTC/USDT:USDT | 区间: 2025-01-01 → 2025-12-31
2026-04-08 02:28:35.009 | INFO     | core.exchange:__init__:50 - 交易账户已连接模拟盘(Demo Trading)
2026-04-08 02:28:35.012 | INFO     | core.exchange:__init__:56 - 行情数据使用正式公开接口
2026-04-08 02:28:35.012 | INFO     | core.data_feed:get_historical_data:33 - 从缓存加载: /Users/mi/Desktop/workspace/quant-dev/data/BTC_USDT:USDT_4h_2025-01-01_2025-12-31.parquet
2026-04-08 02:28:35.086 | INFO     | core.backtester:run:34 - 回测开始: BTC/USDT:USDT | 1986 根K线 | 初始资金:10000.0 | 杠杆:3x | 资金费率:0.0100%/8h
2026-04-08 02:28:35.094 | INFO     | core.portfolio:_open_long:113 - [开多] BTC/USDT:USDT 0.063746 @ 94122.92 | 杠杆:3x | 保证金:2000.00 | 强平价:63125.11
2026-04-08 02:28:35.095 | INFO     | core.portfolio:_close_position:164 - [平多] BTC/USDT:USDT 0.063746 @ 98392.72 | PnL:+269.0482 | 剩余仓位:0.000000
2026-04-08 02:28:35.095 | INFO     | core.portfolio:_open_short:141 - [开空] BTC/USDT:USDT 0.062607 @ 98392.72 | 杠杆:3x | 保证金:2053.35 | 强平价:130796.72
2026-04-08 02:28:35.098 | INFO     | core.portfolio:_close_position:164 - [平空] BTC/USDT:USDT 0.062607 @ 93965.09 | PnL:+274.2582 | 剩余仓位:0.000000
2026-04-08 02:28:35.098 | INFO     | core.portfolio:_open_long:113 - [开多] BTC/USDT:USDT 0.067333 @ 93965.09 | 杠杆:3x | 保证金:2108.98 | 强平价:63019.25
2026-04-08 02:28:35.099 | INFO     | core.portfolio:_close_position:164 - [平多] BTC/USDT:USDT 0.067333 @ 89292.24 | PnL:-317.6431 | 剩余仓位:0.000000
2026-04-08 02:28:35.102 | INFO     | core.portfolio:_open_short:141 - [开空] BTC/USDT:USDT 0.065575 @ 93500.60 | 杠杆:3x | 保证金:2043.75 | 强平价:124293.46
2026-04-08 02:28:35.103 | INFO     | core.portfolio:_close_position:164 - [平空] BTC/USDT:USDT 0.065575 @ 85608.82 | PnL:+514.6932 | 剩余仓位:0.000000
2026-04-08 02:28:35.107 | INFO     | core.portfolio:_open_long:113 - [开多] BTC/USDT:USDT 0.077509 @ 83078.81 | 杠杆:3x | 保证金:2146.44 | 强平价:55718.19
2026-04-08 02:28:35.108 | INFO     | core.portfolio:_close_position:164 - [平多] BTC/USDT:USDT 0.077509 @ 80021.99 | PnL:-240.0313 | 剩余仓位:0.000000
2026-04-08 02:28:35.114 | INFO     | core.portfolio:_open_short:141 - [开空] BTC/USDT:USDT 0.072466 @ 86830.03 | 杠杆:3x | 保证金:2097.42 | 强平价:115426.05
2026-04-08 02:28:35.119 | INFO     | core.portfolio:_close_position:164 - [平空] BTC/USDT:USDT 0.072466 @ 84061.01 | PnL:+197.6149 | 剩余仓位:0.000000
2026-04-08 02:28:35.119 | INFO     | core.portfolio:_open_long:113 - [开多] BTC/USDT:USDT 0.076383 @ 84061.01 | 杠杆:3x | 保证金:2140.27 | 强平价:56376.92
2026-04-08 02:28:35.123 | INFO     | core.portfolio:_close_position:164 - [平多] BTC/USDT:USDT 0.076383 @ 86754.75 | PnL:+202.4421 | 剩余仓位:0.000000
2026-04-08 02:28:35.123 | INFO     | core.portfolio:_open_short:141 - [开空] BTC/USDT:USDT 0.075334 @ 86754.75 | 杠杆:3x | 保证金:2178.53 | 强平价:115325.98
2026-04-08 02:28:35.126 | INFO     | core.portfolio:_close_position:164 - [平空] BTC/USDT:USDT 0.075334 @ 79627.22 | PnL:+533.9470 | 剩余仓位:0.000000
2026-04-08 02:28:35.126 | INFO     | core.portfolio:_open_long:113 - [开多] BTC/USDT:USDT 0.087401 @ 78435.58 | 杠杆:3x | 保证金:2285.11 | 强平价:52604.13
2026-04-08 02:28:35.126 | INFO     | core.portfolio:_close_position:164 - [平多] BTC/USDT:USDT 0.087401 @ 75104.48 | PnL:-294.4237 | 剩余仓位:0.000000
2026-04-08 02:28:35.135 | INFO     | core.portfolio:_open_short:141 - [开空] BTC/USDT:USDT 0.076563 @ 87199.36 | 杠杆:3x | 保证金:2225.41 | 强平价:115917.01
2026-04-08 02:28:35.136 | INFO     | core.portfolio:_close_position:164 - [平空] BTC/USDT:USDT 0.076563 @ 90949.99 | PnL:-290.6405 | 剩余仓位:0.000000
2026-04-08 02:28:35.160 | INFO     | core.portfolio:_open_long:113 - [开多] BTC/USDT:USDT 0.061589 @ 105569.51 | 杠杆:3x | 保证金:2167.29 | 强平价:70801.95
2026-04-08 02:28:35.164 | INFO     | core.portfolio:_close_position:164 - [平多] BTC/USDT:USDT 0.061589 @ 101855.92 | PnL:-231.8510 | 剩余仓位:0.000000
2026-04-08 02:28:35.167 | INFO     | core.portfolio:_open_short:141 - [开空] BTC/USDT:USDT 0.059000 @ 107678.46 | 杠杆:3x | 保证金:2117.69 | 强平价:143140.57
2026-04-08 02:28:35.169 | INFO     | core.portfolio:_close_position:164 - [平空] BTC/USDT:USDT 0.059000 @ 104255.15 | PnL:+198.9009 | 剩余仓位:0.000000
2026-04-08 02:28:35.169 | INFO     | core.portfolio:_open_long:113 - [开多] BTC/USDT:USDT 0.062129 @ 104255.15 | 杠杆:3x | 保证金:2159.10 | 强平价:69920.45
2026-04-08 02:28:35.172 | INFO     | core.portfolio:_close_position:164 - [平多] BTC/USDT:USDT 0.062129 @ 108574.88 | PnL:+265.0094 | 剩余仓位:0.000000
2026-04-08 02:28:35.172 | INFO     | core.portfolio:_open_short:141 - [开空] BTC/USDT:USDT 0.061066 @ 108574.88 | 杠杆:3x | 保证金:2210.09 | 强平价:144332.21
2026-04-08 02:28:35.175 | INFO     | core.portfolio:_close_position:164 - [平空] BTC/USDT:USDT 0.061066 @ 102238.04 | PnL:+383.8466 | 剩余仓位:0.000000
2026-04-08 02:28:35.175 | INFO     | core.portfolio:_open_long:113 - [开多] BTC/USDT:USDT 0.067139 @ 102238.04 | 杠杆:3x | 保证金:2288.05 | 强平价:68567.65
2026-04-08 02:28:35.176 | INFO     | core.portfolio:_close_position:164 - [平多] BTC/USDT:USDT 0.067139 @ 98826.73 | PnL:-232.3492 | 剩余仓位:0.000000
2026-04-08 02:28:35.181 | INFO     | core.portfolio:_open_short:141 - [开空] BTC/USDT:USDT 0.061978 @ 108406.41 | 杠杆:3x | 保证金:2239.61 | 强平价:144108.26
2026-04-08 02:28:35.182 | INFO     | core.portfolio:_close_position:164 - [平空] BTC/USDT:USDT 0.061978 @ 105356.87 | PnL:+185.7405 | 剩余仓位:0.000000
2026-04-08 02:28:35.182 | INFO     | core.portfolio:_open_long:113 - [开多] BTC/USDT:USDT 0.064863 @ 105356.87 | 杠杆:3x | 保证金:2277.93 | 强平价:70659.34
2026-04-08 02:28:35.183 | INFO     | core.portfolio:_close_position:164 - [平多] BTC/USDT:USDT 0.064863 @ 109608.07 | PnL:+272.1926 | 剩余仓位:0.000000
2026-04-08 02:28:35.183 | INFO     | core.portfolio:_open_short:141 - [开空] BTC/USDT:USDT 0.063810 @ 109608.07 | 杠杆:3x | 保证金:2331.35 | 强平价:145705.67
2026-04-08 02:28:35.188 | INFO     | core.portfolio:_close_position:164 - [平空] BTC/USDT:USDT 0.063810 @ 113248.75 | PnL:-235.9232 | 剩余仓位:0.000000
2026-04-08 02:28:35.197 | INFO     | core.portfolio:_open_long:113 - [开多] BTC/USDT:USDT 0.059396 @ 115453.29 | 杠杆:3x | 保证金:2285.81 | 强平价:77430.67
2026-04-08 02:28:35.206 | INFO     | core.portfolio:_close_position:164 - [平多] BTC/USDT:USDT 0.059396 @ 117389.72 | PnL:+111.5294 | 剩余仓位:0.000000
2026-04-08 02:28:35.206 | INFO     | core.portfolio:_open_short:141 - [开空] BTC/USDT:USDT 0.058849 @ 117389.72 | 杠杆:3x | 保证金:2302.75 | 强平价:156050.06
2026-04-08 02:28:35.208 | INFO     | core.portfolio:_close_position:164 - [平空] BTC/USDT:USDT 0.058849 @ 121730.34 | PnL:-259.0225 | 剩余仓位:0.000000
2026-04-08 02:28:35.213 | INFO     | core.portfolio:_open_long:113 - [开多] BTC/USDT:USDT 0.058570 @ 115280.45 | 杠杆:3x | 保证金:2250.66 | 强平价:77314.76
2026-04-08 02:28:35.234 | INFO     | core.portfolio:_close_position:164 - [平多] BTC/USDT:USDT 0.058570 @ 111443.71 | PnL:-227.9817 | 剩余仓位:0.000000
2026-04-08 02:28:35.245 | INFO     | core.portfolio:_open_short:141 - [开空] BTC/USDT:USDT 0.057768 @ 114324.23 | 杠杆:3x | 保证金:2201.44 | 强平价:151975.01
2026-04-08 02:28:35.253 | INFO     | core.portfolio:_close_position:164 - [平空] BTC/USDT:USDT 0.057768 @ 112481.79 | PnL:+103.1857 | 剩余仓位:0.000000
2026-04-08 02:28:35.253 | INFO     | core.portfolio:_open_long:113 - [开多] BTC/USDT:USDT 0.059389 @ 112481.79 | 杠杆:3x | 保证金:2226.74 | 强平价:75437.79
2026-04-08 02:28:35.255 | INFO     | core.portfolio:_close_position:164 - [平多] BTC/USDT:USDT 0.059389 @ 108917.81 | PnL:-214.8968 | 剩余仓位:0.000000
2026-04-08 02:28:35.258 | INFO     | core.portfolio:_open_short:141 - [开空] BTC/USDT:USDT 0.057519 @ 113746.15 | 杠杆:3x | 保证金:2180.85 | 强平价:151206.54
2026-04-08 02:28:35.259 | INFO     | core.portfolio:_close_position:164 - [平空] BTC/USDT:USDT 0.057519 @ 117387.27 | PnL:-212.8092 | 剩余仓位:0.000000
2026-04-08 02:28:35.266 | INFO     | core.portfolio:_open_long:113 - [开多] BTC/USDT:USDT 0.055010 @ 116619.22 | 杠杆:3x | 保证金:2138.42 | 强平价:78212.62
2026-04-08 02:28:35.266 | INFO     | core.portfolio:_close_position:164 - [平多] BTC/USDT:USDT 0.055010 @ 112753.54 | PnL:-215.7534 | 剩余仓位:0.000000
2026-04-08 02:28:35.273 | INFO     | core.portfolio:_open_short:141 - [开空] BTC/USDT:USDT 0.055429 @ 113361.82 | 杠杆:3x | 保证金:2094.51 | 强平价:150695.65
2026-04-08 02:28:35.278 | INFO     | core.portfolio:_close_position:164 - [平空] BTC/USDT:USDT 0.055429 @ 109994.99 | PnL:+183.5710 | 剩余仓位:0.000000
2026-04-08 02:28:35.278 | INFO     | core.portfolio:_open_long:113 - [开多] BTC/USDT:USDT 0.058214 @ 109994.99 | 杠杆:3x | 保证金:2134.41 | 强平价:73769.98
2026-04-08 02:28:35.279 | INFO     | core.portfolio:_close_position:164 - [平多] BTC/USDT:USDT 0.058214 @ 106463.80 | PnL:-208.6634 | 剩余仓位:0.000000
2026-04-08 02:28:35.286 | INFO     | core.portfolio:_open_short:141 - [开空] BTC/USDT:USDT 0.059206 @ 105954.00 | 杠杆:3x | 保证金:2091.05 | 强平价:140848.19
2026-04-08 02:28:35.288 | INFO     | core.portfolio:_close_position:164 - [平空] BTC/USDT:USDT 0.059206 @ 98649.23 | PnL:+429.5699 | 剩余仓位:0.000000
2026-04-08 02:28:35.288 | INFO     | core.portfolio:_open_long:113 - [开多] BTC/USDT:USDT 0.067278 @ 97105.82 | 杠杆:3x | 保证金:2177.69 | 强平价:65125.63
2026-04-08 02:28:35.290 | INFO     | core.portfolio:_close_position:164 - [平多] BTC/USDT:USDT 0.067278 @ 93973.40 | PnL:-213.9035 | 剩余仓位:0.000000
2026-04-08 02:28:35.296 | INFO     | core.portfolio:_open_short:141 - [开空] BTC/USDT:USDT 0.070791 @ 90407.71 | 杠杆:3x | 保证金:2133.36 | 强平价:120181.99
2026-04-08 02:28:35.300 | INFO     | core.portfolio:_close_position:164 - [平空] BTC/USDT:USDT 0.070791 @ 86339.26 | PnL:+284.9543 | 剩余仓位:0.000000
2026-04-08 02:28:35.300 | INFO     | core.portfolio:_open_long:113 - [开多] BTC/USDT:USDT 0.076168 @ 86339.26 | 杠杆:3x | 保证金:2192.11 | 强平价:57904.87
2026-04-08 02:28:35.301 | INFO     | core.portfolio:_close_position:164 - [平多] BTC/USDT:USDT 0.076168 @ 91840.73 | PnL:+415.5402 | 剩余仓位:0.000000
2026-04-08 02:28:35.305 | INFO     | core.portfolio:_open_short:141 - [开空] BTC/USDT:USDT 0.072743 @ 93743.15 | 杠杆:3x | 保证金:2273.04 | 强平价:124615.89
2026-04-08 02:28:35.309 | INFO     | core.portfolio:_close_position:164 - [平空] BTC/USDT:USDT 0.072743 @ 88132.22 | PnL:+404.9479 | 剩余仓位:0.000000
2026-04-08 02:28:35.309 | INFO     | core.portfolio:_open_long:113 - [开多] BTC/USDT:USDT 0.081221 @ 87001.90 | 杠杆:3x | 保证金:2355.46 | 强平价:58349.27
2026-04-08 02:28:35.314 | INFO     | core.portfolio:_close_position:164 - [平多] BTC/USDT:USDT 0.081221 @ 89890.02 | PnL:+230.9257 | 剩余仓位:0.000000
2026-04-08 02:28:35.314 | INFO     | core.portfolio:_open_short:141 - [开空] BTC/USDT:USDT 0.080068 @ 89890.02 | 杠杆:3x | 保证金:2399.12 | 强平价:119493.80
2026-04-08 02:28:35.320 | INFO     | core.portfolio:_close_position:164 - [平空] BTC/USDT:USDT 0.080068 @ 88434.18 | PnL:+113.0260 | 剩余仓位:0.000000
2026-04-08 02:28:35.322 | INFO     | core.backtester:run:94 - 回测完成: 最终权益 12123.14, 收益率 21.23%, 强平次数 0
